"","doy","Season","Year","mean_t","mean_vpd","mean_swc","mean_gpp","mean_ET","mean_NEE","mean_ppfd","mean_SWP","mean_PP","mean_DF","mean_3sap","N","se_t","se_vpd","se_GPP","se_swc","se_ET","se_SWP","se_PP","se_DF","se_3sap","se_ppfd"
"1",121,"Pre-monsoon",2022,13.7414285714286,1.353782612,7.00793650793651,12.4146505217143,4.95868957533528e-05,-9.92997208028571,1979.28571428571,9.23057142857143,2.7392,8.71081428571429,6.89352857142857,7,0.41423152354938,0.459739189932372,0.880712941198284,0.00204919753767587,5.33775355840931e-06,0.326461479324886,0.111800310928948,0.139977876531855,0.188625377784562,22.3582458270452
"2",121,"Pre-monsoon",2023,13.0142857142857,1.092252418,10.1920634920635,11.9581611737143,4.13474547434402e-05,-10.0425660457143,1818.14285714286,6.95675714285714,2.77061428571429,8.31302857142857,6.01346666666667,7,0.178083141937065,0.124912335991677,0.580472420291312,0.00467288934726339,2.32274846977706e-06,0.231716807719233,0.132152596552282,0.105644082867418,0.152256930755099,87.6411592182329
"3",122,"Pre-monsoon",2022,14.2,1.28934562371429,6.91269841269841,13.6880732114286,5.67661991661808e-05,-11.2470240602857,1974.42857142857,9.8013,2.54271428571429,9.02815714285714,7.12405714285714,7,0.453741063141691,0.55884292639187,0.661467476262224,0.00448956686467648,2.74370796618167e-06,0.245607848486353,0.109659248038057,0.0827490579924595,0.141910552481194,22.9884620571952
"4",122,"Pre-monsoon",2023,11.0171428571429,0.876797022928571,9.93015873015873,10.3451306142857,6.29831628851312e-05,-8.61980421514286,1894.42857142857,6.30067142857143,1.94511428571429,7.63165714285714,5.29248095238095,7,0.371379117586856,0.437569755456953,0.922399655711165,0.00399462139432313,1.0065216625791e-05,0.560524569239466,0.185908813321876,0.324469556028167,0.355629591115668,22.0549715190812
"5",123,"Pre-monsoon",2022,12.3914285714286,1.05138631838571,6.8031746031746,17.3376406671429,6.05774288600583e-05,-14.9572545687143,1663,8.66745714285714,2.57055714285714,8.50625714285714,6.58142380952381,7,0.230438800587762,0.277848180026672,1.24799124742259,0.00204919753767591,1.58380335396407e-05,0.282330335783106,0.130619328506894,0.137701142674553,0.179614729176824,79.9350927166476
"6",123,"Pre-monsoon",2023,12.09,1.00912433787143,9.72063492063492,10.8052814078571,3.92445995346939e-05,-8.82570574242857,1754,7.11482857142857,2.38267142857143,8.63967142857143,6.04572380952381,7,0.280857530397446,0.396345897936823,0.400936901166022,0.00564924775239769,3.0521561614713e-06,0.492576627209888,0.156632210569075,0.247801331441027,0.296259191245742,51.3466278393839
"7",124,"Pre-monsoon",2022,14.46,1.32806587028571,6.68412698412698,16.2230441257143,0.000102513968658892,-13.7319876128571,1983.85714285714,10.3547285714286,2.71748571428571,9.42458571428571,7.49893333333333,7,0.416092938336297,0.603910481670888,0.5189438056715,0.00476190476190474,1.52387339817521e-05,0.269744424642754,0.0779525570873886,0.137470574216849,0.148328193597418,22.3813576457736
"8",124,"Pre-monsoon",2023,8.13928571428571,0.7853652243,9.5015873015873,9.56147748542857,4.52603839043732e-05,-7.76244018642857,1901.71428571429,4.50691428571429,1.46266,6.36695714285714,4.11217714285714,7,0.422210606117809,0.414412500759984,0.688381324168392,0.00158730158730158,3.4065932405046e-06,0.62924360201775,0.174989072801704,0.506318049327525,0.434035744003548,22.1291816448803
"9",125,"Pre-monsoon",2022,16.21,1.60235545942857,6.5968253968254,13.8435673628571,8.16971889795918e-05,-11.1418595282857,1985.28571428571,10.646,2.5493,9.41534285714286,7.53688095238095,7,0.397803493005804,0.476018424439239,0.629404650527973,0.00204919753767587,4.85579051739692e-06,0.19369502292202,0.027714032890354,0.112517981329426,0.0926355362970065,23.293892808564
"10",125,"Pre-monsoon",2023,7.58585714285714,0.739029389742857,9.33968253968254,11.9333446914286,4.08628882e-05,-10.096140843,1907.42857142857,4.15605714285714,1.16995571428571,5.25508571428571,3.52703285714286,7,0.294912289508934,0.130770455098228,0.421978880776058,0.00224478343233824,5.65043286608428e-06,0.517385059173322,0.133467226436504,0.444049375433779,0.362671164034927,22.2634198618626
"11",126,"Pre-monsoon",2022,18.69,1.89572274942857,6.51111111111111,11.7986252921429,7.83875162798834e-05,-8.83321211914286,1994,10.4226428571429,2.47317142857143,8.52022857142857,7.13868095238095,7,0.269708837717375,0.414141521205329,0.531280676605064,0.00242464322484435,7.62854082748759e-06,0.218753305125663,0.0529969617920091,0.0998005551904724,0.107875677968684,22.3691965072721
"12",126,"Pre-monsoon",2023,10.73,1.03039372497143,9.15873015873016,13.4972914285714,7.69909787551021e-05,-11.3112755041429,1916.57142857143,6.99614285714286,2.33641428571429,8.05017142857143,5.79424285714286,7,0.318934237138391,0.230428189116666,0.603406997351848,0.00579600589952555,1.61147373018202e-05,0.446312850906574,0.125995013938707,0.242655496257442,0.266676267755165,22.0063379862399
"13",127,"Pre-monsoon",2022,16.8771428571429,1.76470704971429,6.42380952380952,11.3829779734286,4.91139771259475e-05,-8.44993369842857,1997.85714285714,9.46411428571428,2.51935714285714,7.8141,6.59919047619048,7,0.27583392420349,0.299501932174049,0.590433000108245,0.00289800294976277,3.49383780887479e-06,0.252431210269981,0.0692160277927111,0.0890621987045865,0.130848756085069,22.7663374842986
"14",127,"Pre-monsoon",2023,14.59,1.34145582657143,9.03015873015873,15.6671185685714,0.00013074619909621,-13.2766193047143,1914.14285714286,8.26491428571429,2.52727142857143,9.27114285714286,6.68777619047619,7,0.528249580262606,0.462177970666041,1.35605473872216,0.00399462139432313,3.02373673644832e-05,0.502210891685845,0.10873894845714,0.181959905129756,0.259076499367591,21.2596516696687
"15",128,"Pre-monsoon",2022,14.0085714285714,1.20035505785714,6.31904761904762,12.2263595714286,3.80870481854227e-05,-9.41104640271429,2004.71428571429,7.7994,2.30267142857143,7.34924285714286,5.81710476190476,7,0.38732555871692,0.299671027536823,0.329041912350724,0.00317460317460328,3.58602659230423e-06,0.355183023913292,0.0775789788485494,0.143152096698287,0.187263777889501,22.8199101514385
"16",128,"Pre-monsoon",2023,15.6271428571429,1.57419134014286,8.85873015873016,12.6739179495714,7.35370290204082e-05,-10.3628378068571,1920,8.41125714285714,2.49542857142857,9.08487142857143,6.66385238095238,7,0.451197951942088,0.491046816718041,1.07798009517639,0.00467288934726342,8.15798187987544e-06,0.42134982177868,0.0816108265293443,0.122747070015047,0.19984959342576,21.9251975068478
"17",129,"Pre-monsoon",2022,12.4057142857143,1.07983876571429,6.25396825396825,14.7610486228571,4.51389612728863e-05,-12.036685056,2008.28571428571,8.07295714285714,2.13578571428571,7.3183,5.84234761904762,7,0.290695857611788,0.193580256931149,0.838518338137122,0.00377853356007557,5.89452483148876e-06,0.291819271253339,0.0989523440579243,0.12905010285784,0.168435222481331,22.4591844461546
"18",129,"Pre-monsoon",2023,13.8114285714286,1.33032719671429,8.69206349206349,10.6176532407143,6.68343227661808e-05,-8.55980710271429,1916.28571428571,7.34547142857143,2.51532857142857,8.27681428571429,6.04587142857143,7,0.259582343770294,0.31995272386788,0.595421220797972,0.00317460317460316,1.10888067276694e-05,0.324781598201949,0.106111840626239,0.105240682041037,0.169494513564587,21.9639469582859
"19",130,"Pre-monsoon",2022,13.7,1.26269108671429,6.17936507936508,13.5750014771429,6.31156398553936e-05,-10.8039732228571,2012.14285714286,8.26914285714286,2.26237142857143,7.52047142857143,6.01732857142857,7,0.28569880910464,0.282886330977785,1.06341818884664,0.00158730158730158,7.22796386804205e-06,0.362724742061251,0.0866206802380238,0.123091740302151,0.188028679061626,22.8613091441044
"20",130,"Pre-monsoon",2023,6.36242857142857,0.6184121934,8.55714285714286,11.91569253,3.2881455961516e-05,-10.5257160808571,1870.71428571429,2.8159,0.984932857142857,4.15285714285714,2.65123,7,0.298822359807777,0.375821404421611,0.378529380314989,0.00158730158730158,3.5377736998121e-06,0.471281904313473,0.0991444095562554,0.472053125973652,0.345845485197099,13.8335587228585
"21",131,"Pre-monsoon",2022,13.3071428571429,1.25736978685714,6.1047619047619,8.94178018528571,4.05141301650146e-05,-6.774513367,1905.14285714286,7.83912857142857,2.39507142857143,7.43324285714286,5.88914761904762,7,0.316684568058279,0.306845833840047,0.703230973824263,0.00224478343233824,3.18492002599108e-06,0.367091254201955,0.10999298617095,0.149800816733012,0.208032890391171,52.6707782774637
"22",131,"Pre-monsoon",2023,12.4785714285714,1.08873369822857,8.3952380952381,12.1379650067143,0.000107931848332362,-10.2869519417,1914.14285714286,7.89287142857143,2.65208571428571,8.22775714285714,6.25757142857143,7,0.366439942272287,0.342733030884831,2.30730370797175,0.00409839507535188,1.12257545331123e-05,0.473346649233029,0.149824264403606,0.221326917065429,0.278354196673491,21.1360993061054
"23",132,"Pre-monsoon",2022,15.5466666666667,1.53017111733333,6.06349206349206,15.5465752214286,9.88206943906706e-05,-13.4973857427143,1979,5.6053,0.413197142857143,6.18131428571429,4.06660380952381,7,0.0454082014828243,0.0307402871398567,0.799991340188743,0.00930073853505126,9.52813333814864e-06,0.408703485485038,0.216786059281125,0.277132116875835,0.297245396928087,21.3374252028148
"24",132,"Pre-monsoon",2023,14.9828571428571,1.34465560814286,8.27301587301587,11.4281769075714,0.000103745639267055,-9.31749727128572,1917.14285714286,8.20192857142857,2.60378571428571,8.8515,6.55240476190476,7,0.37128293848245,0.506003417965647,1.09356237740677,0.0022447834323386,3.09381037248718e-05,0.313709300311675,0.0657116407335196,0.0854972709116105,0.148182964523783,21.4358717723226
"25",133,"Pre-monsoon",2022,18.644,2.0112905404,5.9968253968254,10.8655996869714,8.24893377346939e-05,-8.59590429771429,2021.8,9.07458571428571,2.16418571428571,7.32032857142857,6.18636666666667,7,0.142893566785113,0.236913195174332,1.86148101820611,0.00204919753767587,6.36893481989059e-06,0.274623074524382,0.0527028391237197,0.0938422224858749,0.13550380478463,17.893334752679
"26",133,"Pre-monsoon",2023,16.0257142857143,1.54601837414286,8.13333333333333,11.9972236414286,6.79256696332361e-05,-9.72689822928571,1875.71428571429,8.56104285714286,2.60635714285714,8.56404285714286,6.57714761904762,7,0.0762470028406159,0.109054113244112,0.737074895144176,0.00242464322484454,1.3644125600227e-05,0.181730764826305,0.0760148195361645,0.106998542173297,0.0990787338185492,42.3655937927815
"27",134,"Pre-monsoon",2022,21.6857142857143,2.46265789671429,5.95238095238095,9.90493500128571,9.30864165247813e-05,-7.24894183985714,1998.42857142857,8.58102857142857,1.86172857142857,6.96241428571429,5.80172380952381,7,0.431546814449168,0.782207799235433,0.347857367173999,0.00317460317460328,9.41270700801229e-06,0.201712415174114,0.0502367998027518,0.115029400855714,0.11469144036422,28.6604565334798
"28",134,"Pre-monsoon",2023,15.8671428571429,1.16055739342857,8.03015873015873,10.6551920011429,7.77404615721088e-05,-8.39868022871429,1668.95714285714,7.7556,2.13572857142857,7.66608571428571,5.85247142857143,7,0.368760564243923,0.286952672004836,1.10987970960318,0.00317460317460316,9.52487421555872e-06,0.391340056728161,0.106174785622768,0.157324241205061,0.20683443874058,223.969921298058
"29",135,"Pre-monsoon",2022,21.5142857142857,2.45031679028571,5.9,9.32286328128571,5.05713638034985e-05,-6.51491791742857,2009.28571428571,8.38382857142857,1.92565714285714,6.54954285714286,5.61967619047619,7,0.180631921753777,0.26937194107592,0.396152312399997,0.00342896333249092,2.6356828593625e-06,0.155155028023872,0.0638565984849493,0.0990427441565915,0.0978848853425984,23.0772143710902
"30",135,"Pre-monsoon",2023,15.3942857142857,1.00878023357143,7.93333333333333,10.6930056212857,6.19508039459184e-05,-8.44242352371429,1665.85714285714,7.13445714285714,2.23918571428571,7.43837142857143,5.60400476190476,7,0.249388367457525,0.321272796860576,0.314669478971354,0,6.42459662606702e-06,0.365598459708868,0.0755781160962157,0.162153642183792,0.198195722358733,106.372980048289
"31",136,"Pre-monsoon",2022,18.5614285714286,1.96198348185714,5.86190476190476,11.309693421,5.00396894180758e-05,-8.68183477314286,2014.14285714286,7.93254285714286,1.9096,6.3113,5.38448095238095,7,0.379187279846356,0.476300459627462,0.572019030060072,0.00330423174518433,6.22486846694271e-06,0.254819400899598,0.0442567186182747,0.128500680005612,0.141252944691344,22.7767932976785
"32",136,"Pre-monsoon",2023,15.4357142857143,0.9934324887,7.83968253968254,10.0187501387143,9.05759891183674e-05,-7.65944330471429,1246.31428571429,5.67562857142857,1.57431714285714,5.89878571428571,4.38291047619048,7,0.746441900086056,0.973861997870236,1.48416784158071,0.00224478343233824,1.15994897788207e-05,0.81781164315108,0.307244318299315,0.755960817020795,0.623119441662676,272.156806541631
"33",137,"Pre-monsoon",2022,17.9057142857143,1.83854785185714,5.78888888888889,12.5850706042857,6.67763156851312e-05,-9.97445798742857,2017.14285714286,7.8077,1.78655714285714,6.54617142857143,5.38014285714286,7,0.150140523746083,0.210423689634223,0.753392837630609,0.00242464322484435,8.65694389931383e-06,0.211952854146747,0.0815094059928431,0.132699172341564,0.136564732352277,22.8842101639959
"34",137,"Pre-monsoon",2023,13.0457142857143,0.583218286114286,7.75079365079365,10.220693791,5.28244301142857e-05,-8.02094598828571,403.042857142857,3.2296,0.716257142857143,4.02408571428571,2.65664761904762,7,0.386965343242451,0.496954659748386,0.429263689138393,0.00330423174518433,8.97859103565068e-06,0.513600604972941,0.182482784194046,0.61325258970143,0.433966134953054,95.3051661447455
"35",138,"Pre-monsoon",2022,17.6485714285714,1.778340729,5.74920634920635,13.1105070328571,5.15997325201166e-05,-10.4856826281429,2015,7.19247142857143,1.66468571428571,6.54291428571429,5.13335714285714,7,0.226972083152559,0.426325479708102,0.848338816739018,0.00476190476190474,3.75120186894526e-06,0.27705271349406,0.0651861014567465,0.141986688558791,0.158000499248137,22.9533688781656
"36",138,"Pre-monsoon",2023,13.2342857142857,0.796697211457143,7.63809523809524,9.26976112557143,4.28630307308455e-05,-7.07447526414286,693.428571428571,5.91972857142857,1.59188571428571,6.32155714285714,4.61105714285714,7,0.356423084221528,0.369493036440867,0.608196246526417,0.00224478343233824,1.31585237989079e-05,0.280848799953594,0.125563714482162,0.188753392725286,0.193999422858778,127.396323327162
"37",139,"Pre-monsoon",2022,17.1457142857143,1.54812029642857,5.68730158730159,14.2039348257143,7.69554466927114e-05,-11.6078184958571,2000.28571428571,6.76191428571429,1.57155714285714,6.27151428571429,4.86832857142857,7,0.161110094609351,0.304143439956513,1.43111228750338,0.00614759261302762,2.32229373643453e-05,0.295674645376243,0.0715346398179061,0.1429603065599,0.16681718353062,23.1760490960103
"38",139,"Pre-monsoon",2023,13.4385714285714,1.05192178485714,10.3253968253968,10.7479874585714,9.74005525539359e-05,-8.57972099585714,1927.42857142857,7.44827142857143,2.21414285714286,7.12277142857143,5.5950619047619,7,0.412809356272178,0.602525034546613,1.07449809367167,0.0115557299829852,1.57333247006795e-05,0.557112395992682,0.130756108583778,0.321339181220957,0.335190875529971,42.7956701986907
"39",140,"Pre-monsoon",2022,13.79,1.21530037414286,5.63809523809524,14.1049351157143,3.57707781107872e-05,-11.7296417,2013.85714285714,5.36467142857143,1.47058571428571,6.18742857142857,4.34089523809524,7,0.387949432149039,0.390749503969844,0.750250642112554,0.00330423174518433,3.74734626740357e-06,0.419713670377843,0.111707663608382,0.204327430639072,0.243732021985611,22.7861994275865
"40",140,"Pre-monsoon",2023,15.43,1.30918320714286,9.82698412698413,12.9999228514286,0.000110721782109038,-10.6003435614286,1929.28571428571,8.53871428571428,2.6716,7.57931428571429,6.26320952380952,7,0.226547587768684,0.422227093183891,0.717957771193115,0.0110732537229928,2.82031920503243e-05,0.218343482601514,0.057210630047887,0.131123492189926,0.129174652433996,41.511739180573
"41",141,"Pre-monsoon",2022,14.3442857142857,1.30192332242857,5.58095238095238,13.1916484214286,5.64230337690962e-05,-10.7963914915714,2016.85714285714,5.79902857142857,1.45735714285714,6.30938571428571,4.52192380952381,7,0.313815665811705,0.311792164783375,0.560040249121476,0.00317460317460316,9.03704643832639e-06,0.413964358204841,0.0750032026527085,0.209612205920238,0.229858299542307,22.6772684290097
"42",141,"Pre-monsoon",2023,15.8142857142857,1.36857210928571,9.41269841269841,11.8163186257143,9.54979695976676e-05,-9.34531464457143,1971.85714285714,7.9249,2.79898571428571,7.27205714285714,5.99864761904762,7,0.378479773271321,0.517762246423696,0.352664635962268,0.00744510438067208,2.80097560581279e-05,0.330087877188282,0.0932006653066674,0.175838468700196,0.195561173375811,20.0575702030176
"43",142,"Pre-monsoon",2022,15.7085714285714,1.59259178,5.53015873015873,15.99956909,6.39319652469388e-05,-13.4706568431429,1637.14285714286,6.5334,1.6497,6.38627142857143,4.85645714285714,7,0.305531765719942,0.3328925280851,0.999835010632101,0.00204919753767587,1.13786245545038e-05,0.216728180645052,0.0535225097283288,0.100615838747201,0.117955116949255,152.172588197216
"44",142,"Pre-monsoon",2023,16.1485714285714,1.43972131085714,9.1047619047619,11.6379070828571,6.40558728688047e-05,-9.09498668285714,1965.71428571429,7.93224285714286,2.73475714285714,7.31578571428571,5.9942619047619,7,0.240212490966491,0.327095473802917,0.407903535466107,0.00476190476190474,5.59416481946221e-06,0.285193196720718,0.076919747471117,0.123146342343786,0.159276876068653,20.9917379276822
"45",143,"Pre-monsoon",2022,14.9428571428571,1.37979280657143,5.52380952380952,14.44540602,6.72957656658892e-05,-12.1211124014286,2006.42857142857,5.6198,1.31691428571429,5.91312857142857,4.28328095238095,7,0.230751508128119,0.254004169451639,0.514650567745286,0.00289800294976277,2.10614707451567e-05,0.357158756884173,0.063844291345546,0.174453677456886,0.197440675284987,20.7110013816641
"46",143,"Pre-monsoon",2023,17.2514285714286,1.64648941271429,8.81111111111111,10.4265858674286,7.47526022390671e-05,-7.761621473,1947.42857142857,8.19327142857143,2.898,7.27582857142857,6.12236666666667,7,0.26333419443586,0.372018957025797,0.551380482987184,0.00419960525565807,1.10455778836443e-05,0.243980083802996,0.0718496412822009,0.121925903951629,0.143451308775549,20.8496398768227
"47",144,"Pre-monsoon",2022,16.1771428571429,1.54135568214286,5.49047619047619,14.26176289,8.47713850204082e-05,-12.0567402524286,2016.14285714286,6.026,1.30494285714286,6.06018571428571,4.46370952380952,7,0.489084247712543,0.616890642867378,0.691318172464317,0.00158730158730158,9.024750185326e-06,0.384083557997227,0.0560283298117711,0.194748950029044,0.209838575109369,22.4408519609816
"48",144,"Pre-monsoon",2023,14.8128571428571,1.31957217042857,8.55079365079365,12.6829405087143,6.00223564693878e-05,-10.2356684614286,1950.57142857143,7.66954285714286,2.78881428571429,7.12314285714286,5.8605,7,0.303618763816561,0.56253232978902,0.85343769270783,0.00586800873354993,5.82741163102439e-06,0.388981153207993,0.133238244238999,0.205016381293397,0.241161847233029,21.1635998635316
"49",145,"Pre-monsoon",2022,19.8371428571429,1.99122929057143,5.48571428571429,10.4967277232857,0.000108985486069971,-7.87706644642857,2013.42857142857,5.87224285714286,1.05744285714286,5.76225714285714,4.23064761904762,7,0.399408576378066,0.467188597360372,0.752712037125079,0.00204919753767587,1.12195224250064e-05,0.220394933241759,0.0323281885485397,0.14791402885451,0.126188197723965,22.2152426681034
"50",145,"Pre-monsoon",2023,15.1871428571429,1.47575165171429,8.2984126984127,10.7151196912857,5.40634633883382e-05,-8.17022972385714,1951.14285714286,8.02651428571428,2.95352857142857,7.3392,6.10641428571429,7,0.221496149442123,0.23987139611372,0.468969852621294,0.00289800294976277,5.8865115546759e-06,0.26842753693508,0.0825634178022184,0.137818928826403,0.159477062565451,20.8411549943039
"51",146,"Pre-monsoon",2022,20.9757142857143,2.14730564114286,5.47142857142857,9.63145674542857,5.21548983440233e-05,-6.66639721942857,2012.42857142857,5.28288571428571,1.03441,5.47647142857143,3.93125571428571,7,0.130180408570223,0.24285741249584,0.327077477615921,0.00224478343233824,7.59506143627275e-06,0.256034414938018,0.0563413220173849,0.138467226162325,0.148573071496563,23.1443268198835
"52",146,"Pre-monsoon",2023,14.6314285714286,1.44854807214286,8.08888888888889,10.2357842032857,5.16020527772595e-05,-7.70038070985714,1950.57142857143,7.82332857142857,2.73544285714286,7.24471428571429,5.93449523809524,7,0.31275601757698,0.345700360651201,0.558104052572213,0.00685792666498184,4.15747185287888e-06,0.297709936902704,0.0911279160017935,0.148987179743397,0.177814736450234,20.6960510873994
"53",147,"Pre-monsoon",2022,20.5742857142857,1.93246684371429,5.44920634920635,11.0227590275714,4.66923600460641e-05,-7.81716454114286,2000.14285714286,5.15057142857143,0.967165714285714,5.15941428571429,3.75905047619048,7,0.217757588494497,0.377093737238693,0.55445670697742,0.00330423174518433,1.07741864544918e-05,0.274650576026275,0.0395209938096283,0.151498969709795,0.154872275449392,21.9376047781284
"54",147,"Pre-monsoon",2023,15.7585714285714,1.56666038271429,7.88730158730159,12.1343205721429,4.67257345107872e-05,-9.47827897285714,1947.14285714286,8.19147142857143,2.91448571428571,7.55034285714286,6.21876666666667,7,0.149402437849501,0.120993400720674,0.811640113615634,0.00377853356007557,4.0823273031062e-06,0.206241599787708,0.0989017801095791,0.107978352894817,0.136272948943496,20.7530015860341
"55",148,"Pre-monsoon",2022,15.9728571428571,1.535475026,5.37936507936508,14.0080334542857,4.73382230204082e-05,-10.9875170048571,1901.14285714286,5.07061428571429,1.93445714285714,5.19431428571429,4.0664619047619,7,0.493108286599328,0.556214251273726,0.57712873180733,0.00158730158730158,3.94337079516795e-06,0.289736201387672,0.0279261087697589,0.141139934662244,0.149884866824837,42.3997015776945
"56",148,"Pre-monsoon",2023,15.5214285714286,1.47241617485714,7.70793650793651,12.9587464571429,5.03959928139942e-05,-10.3178075175714,1947,7.92114285714286,2.82857142857143,7.47791428571429,6.07587619047619,7,0.258773927547254,0.278207188509148,0.406290364279296,0.00204919753767587,6.40392701675031e-06,0.251406599959908,0.0935948582080939,0.131860419399005,0.158196815283479,20.8200910294886
"57",149,"Pre-monsoon",2022,14.2071428571429,1.25543635071429,5.32698412698413,13.3198817885714,3.8306384251312e-05,-10.3534891144286,2017,4.23597142857143,1.22341428571429,4.46634285714286,3.30857619047619,7,0.339906950052331,0.495514938043951,0.453880017582613,0.00679641935379105,7.06670646915384e-06,0.367029157862272,0.0429756433153402,0.206552991998183,0.204103147192486,22.1004201640732
"58",149,"Pre-monsoon",2023,15.8,1.38237740857143,7.56666666666667,13.09197498,5.04686572868805e-05,-10.4202299874286,1944.42857142857,8.27577142857143,2.74232857142857,7.59361428571429,6.20390476190476,7,0.266690475127646,0.3234895620025,0.603387326219732,0.0048492864496887,2.48566939336885e-05,0.293801524935494,0.0944207697951435,0.161757302666638,0.181671636371309,21.0236342547836
"59",150,"Pre-monsoon",2022,13.4871428571429,1.18067342395714,5.31111111111111,12.6190600732857,5.04951009212828e-05,-9.775226781,2018.28571428571,3.52145714285714,0.758735714285714,4.32411428571429,2.86810238095238,7,0.494376539962513,0.569994229017146,0.724715928324732,0,5.82621927883958e-06,0.373087302343658,0.0460616095627389,0.299308135880202,0.239188506460073,22.2514999876566
"60",150,"Pre-monsoon",2023,14.9114285714286,1.25760173428571,7.4031746031746,12.9141595442857,8.08830657947522e-05,-10.329961713,1939.42857142857,7.56101428571429,2.69485714285714,7.55732857142857,5.93773333333333,7,0.336207338036605,0.426155416530163,0.899569647506572,0.00526448379421505,2.59557751281337e-05,0.386978158869692,0.134595490721082,0.194819056115798,0.237903202938199,20.6741812100862
"61",151,"Pre-monsoon",2022,17.5314285714286,1.71776639314286,5.28571428571429,11.3217907914286,5.88478351655977e-05,-8.19259590385714,2021.85714285714,4.05361428571429,0.752228571428571,4.61338571428571,3.13974285714286,7,0.421665792798428,0.562274270354716,0.432302619033603,0.00204919753767587,9.33713390953678e-06,0.27598028865825,0.0277837014083001,0.169914700488736,0.156242752845144,22.3771019990872
"62",151,"Pre-monsoon",2023,12.75,1.24583406071429,7.24761904761905,11.0060717318571,4.33815910262391e-05,-8.62867434285714,1943.85714285714,7.03794285714286,2.5534,7.29871428571429,5.63001904761905,7,0.235179769133154,0.235394010790314,0.40775133555893,0.00579600589952555,3.19892857792332e-06,0.286988987558045,0.129754755853752,0.154125720835717,0.189591238643085,20.3720496799724
"63",152,"Pre-monsoon",2022,18.4714285714286,1.82329079757143,5.27301587301587,10.1467445784286,3.97159809933528e-05,-7.14580451928571,2023.57142857143,3.12274285714286,0.688745714285714,4.14408571428571,2.6518580952381,7,0.268881533228976,0.258779386816886,0.190347178085258,0.00409839507535175,1.19183629561147e-05,0.230937200139266,0.0187789564162025,0.202969046934762,0.150361388141503,22.5186241891939
"64",152,"Pre-monsoon",2023,10.7342857142857,0.969033586357143,7.14444444444444,14.43802528,4.15333300198251e-05,-12.3353384371429,1815.85714285714,6.35457142857143,1.73398571428571,6.73127142857143,4.93994285714286,7,0.330949982862158,0.327873165201972,0.502025113279844,0.00419960525565823,5.90589339061927e-06,0.433914250204591,0.186364224071052,0.276389771978671,0.298028031041495,34.0192022606201
"65",153,"Pre-monsoon",2022,19.5671428571429,1.97615307028571,5.23650793650794,9.62464658442857,6.0731743974344e-05,-6.86691204942857,2023.71428571429,2.73005714285714,0.619291428571429,4.01744285714286,2.45559714285714,7,0.332219909137323,0.676107010276605,0.380604327237162,0.00399462139432313,6.196037583592e-06,0.230710983759358,0.0293723466828897,0.166262703570703,0.139816381073996,22.5290439905747
"66",153,"Pre-monsoon",2023,13.9028571428571,1.04082059618571,7.03174603174603,14.3473051271429,5.51866111673469e-05,-11.9184999884286,1490.14285714286,6.85195714285714,1.92462857142857,7.11238571428571,5.29632380952381,7,0.305845543695898,0.3106571917271,0.741480509689133,0.00377853356007557,1.24570177039447e-05,0.273002398260129,0.105435199494841,0.129373945688957,0.166886300951277,126.913061463618
"67",154,"Pre-monsoon",2022,18.4685714285714,1.79813007871429,5.2,9.91460339442857,4.94574677836735e-05,-7.604880502,2019.28571428571,2.21312857142857,0.516114285714286,3.66138571428571,2.13020952380952,7,0.275667402873105,0.240654555760279,0.738813812309308,0.00242464322484435,1.72611466206125e-05,0.20305817101591,0.0199182603296027,0.16172812787805,0.127072667142145,22.3443977059919
"68",154,"Pre-monsoon",2023,17.0428571428571,1.532500283,6.95238095238095,14.0286811671429,6.9225967707483e-05,-11.2691626052857,1901.85714285714,7.84824285714286,2.20355714285714,7.5165,5.8561,7,0.412920575123769,0.479655752323371,0.48279006725423,0.00467288934726339,4.45838906387818e-06,0.224269905266318,0.0518804066930807,0.12245802973925,0.131034559034537,25.5356227104585
"69",155,"Pre-monsoon",2022,17.9642857142857,1.78140498171429,5.17777777777778,10.3691888208571,4.75165725708455e-05,-8.41285604942857,2030.71428571429,2.18092857142857,0.462268571428571,3.58732857142857,2.0768419047619,7,0.184917705542572,0.205293805206519,0.596287710295425,0.00342896333249092,2.17991064520405e-06,0.244897767508428,0.0268066098306415,0.174479403497656,0.148211101628576,21.0302664948292
"70",155,"Pre-monsoon",2023,18.2628571428571,1.65678297571429,6.87460317460317,11.6437013405714,6.20981436279883e-05,-8.65132344785714,1258.94285714286,7.41002857142857,1.90791428571429,7.39861428571429,5.57218571428571,7,0.490358053271447,0.757441519318837,0.947424236755781,0.00317460317460316,1.18069950805357e-05,0.269427288286598,0.109364984011754,0.204923795857981,0.19270946713278,226.091097165915
"71",156,"Pre-monsoon",2022,19.4085714285714,1.93137045657143,5.15873015873016,8.77553922528571,4.66475383037901e-05,-6.94904901842857,1997.85714285714,1.95335714285714,0.358354285714286,3.50328571428571,1.93833238095238,7,0.288794114926753,0.362197015266605,0.465304563540821,0.00317460317460326,4.07463307594928e-06,0.197100890115579,0.0176671601265958,0.127712313290404,0.1137622750577,27.497557096195
"72",156,"Pre-monsoon",2023,18.7857142857143,1.77107648057143,6.80634920634921,11.582016628,4.72931950157434e-05,-8.53933848657143,1870.14285714286,8.14818571428571,2.47484285714286,7.7485,6.12384285714286,7,0.236591441527545,0.365193963002559,0.723674759485314,0.00224478343233824,9.1315394766365e-06,0.173118795475647,0.0821986410997132,0.135799586225613,0.129135856584383,25.197721525329
"73",157,"Pre-monsoon",2022,21.57,2.00949562,5.13492063492063,7.95916874957143,5.92267555655977e-05,-6.02590536242857,2016.57142857143,1.13728857142857,0.14641,3.11115714285714,1.4649519047619,7,0.324323471684851,0.470963838385626,0.171624225595833,0.00289800294976291,1.23794508823121e-05,0.144440538901762,0.0150303510398444,0.147311002170728,0.101713992947382,21.9489202932813
"74",157,"Pre-monsoon",2023,17.1985714285714,1.66651223042857,6.67619047619048,11.3560920585714,4.89803123440233e-05,-8.63785970928571,1924.57142857143,8.36487142857143,2.71452857142857,7.71721428571429,6.2655380952381,7,0.293950340569778,0.423029358727125,0.877485548092377,0.00289800294976277,5.23619263098873e-06,0.190239688055791,0.0542730122984304,0.0996032520710506,0.112626218067645,42.5865265653112
"75",158,"Pre-monsoon",2022,21.6985714285714,1.96769921342857,5.13174603174603,7.05082208157143,5.03371679597668e-05,-5.05817391357143,2000.28571428571,0.95018,0.148571428571429,3.09141428571429,1.3967219047619,7,0.430030057484516,0.674374728589274,0.309736927255766,0.00158730158730158,5.1687964981049e-06,0.11122528119178,0.00567852908040514,0.105475570244334,0.0730360156348811,22.7864979712969
"76",158,"Pre-monsoon",2023,14.0771428571429,1.29607532445714,6.59523809523809,13.7551375771429,7.30812431900875e-05,-11.786202021,1937.71428571429,7.5096,2.22684285714286,6.94878571428571,5.56174285714286,7,0.503878832211694,0.889128988168448,0.702611655475833,0.00224478343233824,1.41399961713818e-05,0.538852041711955,0.15685214277745,0.292719169356644,0.329013847163147,20.8254815135715
"77",159,"Pre-monsoon",2022,23.7185714285714,2.19291789671429,5.11904761904762,7.64082573628571,7.86058311734694e-05,-5.36305731042857,1841.14285714286,0.71778,0.0627151428571429,3.07578571428571,1.28542695238095,7,0.369564921620704,0.685040975252241,0.678464546700887,0.00317460317460316,1.61290171752575e-05,0.0840183677197178,0.00477058889959925,0.0607598764402464,0.0475059166923452,106.616899529606
"78",159,"Pre-monsoon",2023,14.9685714285714,1.27970124328571,6.52380952380952,13.86842516,2.64968466227405e-05,-11.8757193742857,1934.85714285714,6.95151428571429,1.85378571428571,6.85545714285714,5.22025238095238,7,0.42391839158155,0.637051716740399,0.456173871738222,0.00289800294976277,1.44811612436376e-05,0.397584935776574,0.0972542089395754,0.216109181904428,0.235548407257943,22.3238379652021
"79",160,"Pre-monsoon",2022,20.9557142857143,1.71528980957143,5.08412698412698,4.96483579057143,7.08327233469388e-05,-2.71193853014286,893.5,1.05110571428571,0.130027142857143,3.15844285714286,1.44652523809524,7,0.232182780449832,0.442983190663605,0.351718708366001,0.00330423174518433,9.64841967438446e-06,0.0930507497950176,0.00617621309244308,0.14310823552413,0.0792727166342236,25.5140017581383
"80",160,"Pre-monsoon",2023,12.3814285714286,1.271651433,6.45555555555556,12.7772070477143,4.3761114955102e-05,-10.7840914701429,985.185714285714,6.35068571428571,1.78021428571429,6.60208571428571,4.91099523809524,7,0.328629394472808,0.313005189903698,1.29689457918343,0,6.64723974956206e-06,0.221606806914292,0.117488138060972,0.200110019059244,0.177325754168589,189.350771030371
"81",161,"Pre-monsoon",2022,23.4457142857143,2.16492302614286,5.06984126984127,1.32003844925571,7.47135098503401e-05,1.69621870344286,1143.78571428571,0.514525714285714,0.0343298571428571,2.60214285714286,1.05033280952381,7,0.377383581183574,0.639170471235608,0.396290300273746,0.00204919753767587,8.76449616494838e-06,0.063737558593895,0.00332822378217236,0.0386206326373109,0.027500808712097,283.803273101508
"82",161,"Pre-monsoon",2023,16.7942857142857,1.67518326342857,6.38888888888889,11.430991042,5.19527804233236e-05,-8.800953748,1941.28571428571,7.40818571428571,2.2304,7.15035714285714,5.59631428571429,7,0.252472130879328,0.305225875119459,0.635511222762969,0.00484928644968885,9.02834523444238e-06,0.152969080953934,0.0624940949591392,0.137660859771124,0.116501598612268,20.8414813998136
"83",162,"Pre-monsoon",2022,25.3857142857143,2.63958078671429,5.05555555555556,5.09623124742857,6.61707727346939e-05,-2.28858972722857,1829,0.675292857142857,0.0703388571428571,2.94678571428571,1.23080580952381,7,0.361997481856916,0.725029589684385,0.417667679317003,0.0048492864496887,8.30314295675588e-06,0.0697565984151247,0.0051288680939531,0.076648891609951,0.0486838041878436,64.1441828264745
"84",162,"Pre-monsoon",2023,13.7685714285714,1.25211859757143,6.33809523809524,10.9832907914286,3.61138455393586e-05,-8.46956030828571,1940.42857142857,6.23952857142857,2.27058571428571,6.42594285714286,4.97868571428571,7,0.309734360621581,0.543809152032246,0.318478889717944,0.00224478343233827,4.89254151649255e-06,0.403341307505363,0.14687118656216,0.23311909878362,0.259321156511889,20.9975703161979
"85",163,"Pre-monsoon",2022,23.32,2.23782234171429,5.03492063492063,6.19255694185714,6.45802263341108e-05,-3.35139246414286,1615.71428571429,0.41658,0.0466649142857143,2.55615714285714,1.00646735238095,7,0.405955662603689,1.08360199803375,0.36034029729929,0.00158730158730158,1.65319807215443e-05,0.0879945890923062,0.0127759560288332,0.159123515752092,0.0858574732003885,222.699211438905
"86",163,"Pre-monsoon",2023,11.7514285714286,1.07571697671429,6.27460317460317,14.0037777242857,4.64814730332361e-05,-11.7074095025714,1945.28571428571,5.67427142857143,1.73072857142857,5.9608,4.45526666666667,7,0.365639873381997,0.234994714684356,0.771893981539161,0.00204919753767587,7.72824543501346e-06,0.352938547675618,0.13535186018087,0.242719807106682,0.243022651523349,20.3992463512915
"87",164,"Pre-monsoon",2022,21.0728571428571,1.62335107242857,5.01587301587302,10.61692147,3.92997542536443e-05,-7.84173249314286,1886.14285714286,0.678754285714286,0.179911428571429,2.58782857142857,1.14883142857143,7,0.237604255670906,0.262888440607369,0.377760338483098,0.00330423174518433,3.54849135387214e-06,0.0968159546783076,0.0138847589324498,0.150788039051804,0.0854470131021124,103.302475093989
"88",164,"Pre-monsoon",2023,16.2257142857143,1.26749625614286,6.24603174603175,12.5837450042857,0.000115452270870068,-9.82341499985714,1938.14285714286,7.13784285714286,1.88102857142857,6.9384,5.31909047619048,7,0.450290155888174,0.538651693315831,0.563448671493613,0.00289800294976277,2.39092551950698e-05,0.45543239624671,0.0783648144874973,0.222606169426336,0.251352748262192,19.6219369116116
"89",165,"Pre-monsoon",2022,19.0757142857143,1.64345194485714,4.94761904761905,11.5078556857143,4.92444021895044e-05,-8.87312707985714,2007.57142857143,0.578028571428571,0.424121857142857,1.91094285714286,0.971031095238095,7,0.557562113314814,1.0712273385099,0.555624964888229,0.00204919753767587,1.02459719502881e-05,0.177723153976019,0.135131883039959,0.25198394209717,0.143176427386965,22.2141708770573
"90",165,"Pre-monsoon",2023,17.8142857142857,1.80316537442857,6.22698412698413,11.0010743438571,5.45972383965015e-05,-7.93685548,1947.28571428571,7.47997142857143,1.82811428571429,6.95045714285714,5.41951428571429,7,0.251688177663374,0.372509120200752,0.603202572103316,0.00224478343233824,8.32031203703952e-06,0.204780756994826,0.0648901761901321,0.180676215075138,0.148707806937945,20.9713117941474
"91",166,"Pre-monsoon",2022,21.4771428571429,2.29758959828571,4.93809523809524,9.07824277685714,2.74256599586589e-05,-6.23743732414286,2019.71428571429,0.921844285714286,0.156975714285714,1.50998571428571,0.862935238095238,7,0.333721542647775,0.4913035245,0.471119777094408,0.00224478343233824,5.98463604748194e-06,0.094224009953412,0.0111052248229087,0.104840473892416,0.065826706211978,22.5955266176571
"92",166,"Pre-monsoon",2023,16.42,1.60935707914286,6.17619047619048,13.4921737457143,5.30425366880466e-05,-10.559431398,1919.42857142857,7.10615714285714,1.89661428571429,6.72741428571429,5.24339523809524,7,0.128507920823137,0.123561356312496,0.48341031996584,0.00158730158730158,3.85451532174559e-06,0.225359749286867,0.086814255545886,0.167414728015377,0.158218424707288,33.7249781268997
"93",167,"Pre-monsoon",2022,25.5814285714286,2.97541733442857,4.93015873015873,3.57776055257143,4.73534285749271e-05,0.0429771214285714,1522.28571428571,0.353935714285714,0.0406883,1.46058571428571,0.618403242857143,7,0.292716574859161,0.566453027309925,1.36298703475642,0.00317460317460316,6.44378058523922e-06,0.0762371489828549,0.0116506199546674,0.0706100068065744,0.0523512066982783,175.651672932772
"94",167,"Pre-monsoon",2023,17.2771428571429,1.71068677342857,6.14761904761905,11.2431393334286,5.403183843207e-05,-8.15552988757143,1929.71428571429,7.1163,2.11738571428571,6.70912857142857,5.31427142857143,7,0.414732927750551,0.715070433710336,0.496090439472236,0.00467288934726339,6.50562192613661e-06,0.303644245944556,0.07559555740465,0.214928843944185,0.196873885373994,21.3917143346874
"95",168,"Pre-monsoon",2022,17.2571428571429,1.32937355631429,4.90952380952381,7.11897187928571,2.53151051408163e-05,-4.48268120912857,435.642857142857,0.342328571428571,0.117023571428571,0.992722857142857,0.484025,7,0.513706022498296,1.06080096918645,1.21799558094412,0.00158730158730158,1.51148529410961e-05,0.0313711934460787,0.0119621265903946,0.0730836343061931,0.0373023387971953,61.5953803815979
"96",168,"Pre-monsoon",2023,19.7985714285714,2.06821172314286,6.12222222222222,10.3507450841429,4.60630427329446e-05,-7.11851798114286,1914.57142857143,7.52501428571429,1.65864285714286,6.7058,5.29648571428571,7,0.455743393606892,0.640895854454768,0.869946675244559,0.00242464322484445,4.6536658855656e-06,0.227209066121691,0.0607690626848221,0.191748494747926,0.157950611606056,30.0545988421843
"97",169,"Pre-monsoon",2022,17.2657142857143,0.9231872706,4.85714285714286,13.1266021518571,3.7694283006414e-05,-10.5839835897143,1575.71428571429,0.969451428571429,0.174504142857143,1.71867142857143,0.954209,7,0.154901768302138,0.21365958805088,1.2013618846716,0.00377853356007573,8.77580067508889e-06,0.125540805554145,0.0248533796019667,0.166324610489313,0.105472178542759,119.440902758229
"98",169,"Pre-monsoon",2023,19.0642857142857,1.81640565485714,6.0968253968254,11.9710215995714,4.73326118862974e-05,-8.87394219128571,1607.14285714286,7.30604285714286,1.80147142857143,6.73787142857143,5.28179523809524,7,0.20587625898487,0.294757076925919,0.922045328218096,0.00317460317460326,6.50978998753921e-06,0.128926093367558,0.0640564844280336,0.0895073519573771,0.0908052009525348,122.695796600378
"99",170,"Pre-monsoon",2022,16.7957142857143,0.9135767272,4.83809523809524,12.2399216614286,4.53725273411079e-05,-9.740017678,1913.42857142857,0.643184285714286,0.191491428571429,1.39216285714286,0.742279523809524,7,0.415857445485814,0.452360845346908,0.626180959370884,0.00330423174518433,3.10912426073573e-06,0.106712016145305,0.0179728927407189,0.182234805424659,0.100634067662501,87.8843550579145
"100",170,"Pre-monsoon",2023,19.18,1.84245870242857,6.05079365079365,11.9212536038571,4.22154087574344e-05,-8.99822198371429,1953.85714285714,7.16902857142857,1.81364285714286,6.3317,5.10479047619048,7,0.343143729430714,0.405842067324852,0.429608736253595,0.00330423174518433,6.06557495584939e-06,0.120168143536831,0.031513578759933,0.0914993520664022,0.0753389876071208,23.693909777498
"101",171,"Pre-monsoon",2022,18.8842857142857,1.30864387385714,4.82063492063492,9.60567466528572,8.35290643877551e-05,-6.93415426428571,1362.57142857143,0.952062857142857,0.190301428571429,1.16619428571429,0.769519523809524,7,0.427422268861096,0.719637598680491,1.14792523054123,0.00289800294976283,3.24705162412697e-05,0.114206795868061,0.0190330114761259,0.114949122883564,0.0821513735451759,147.829512026017
"102",171,"Pre-monsoon",2023,18.6971428571429,1.80581516785714,6.00793650793651,11.9367131965714,5.74654004081633e-05,-9.24760461428571,1887,6.65507142857143,1.48251428571429,5.94951428571429,4.6957,7,0.278642237642895,0.478221741404302,0.614542639096261,0.00317460317460316,4.55897974030117e-06,0.248490585923324,0.0875784856940481,0.216201026856038,0.183146057450845,30.1535751651126
"103",172,"Monsoon",2022,18.7628571428571,1.23620230234286,4.79047619047619,9.42734240271429,4.92465129176871e-05,-6.74496256321429,821.185714285714,0.888611428571429,0.139212285714286,0.98617,0.671331238095238,7,0.788279362752506,1.34207039273372,1.4121458420735,0.00377853356007557,1.29422917845413e-05,0.123042796860213,0.0234475513613583,0.116226576523944,0.0858991483078212,180.985310412293
"104",172,"Monsoon",2023,19.1657142857143,1.843462579,5.98412698412698,13.3898750342857,4.99663679119534e-05,-10.8201673715714,1816.57142857143,6.83818571428571,1.6893,6.22067142857143,4.91605238095238,7,0.282959336998371,0.313941379050276,0.408918273854712,0.00224478343233824,3.90242267414425e-06,0.196255969188651,0.0711166178423393,0.155612287913454,0.138518999299896,89.0849934299923
"105",173,"Monsoon",2022,17.4357142857143,0.7080359478,4.78571428571429,9.94371045571429,3.58226418483965e-05,-7.38051241014286,804.885714285714,0.369475714285714,0.0294457142857143,0.604848571428571,0.33459,7,0.468568524961968,0.790743222012725,1.01191815761752,0.00399462139432313,7.3231710934661e-06,0.0908354687872305,0.00867800113234962,0.113370154181705,0.0708124413235116,164.740509414585
"106",173,"Monsoon",2023,19.35,1.92200874414286,5.95714285714286,10.8854869811429,4.1451939387172e-05,-8.43351290571429,1938.71428571429,6.37658571428571,1.46875714285714,5.80477142857143,4.5500380952381,7,0.279199536089122,0.296030575667586,0.639427601758759,0.00448956686467648,5.56623845664895e-06,0.22986934014221,0.0863500292473628,0.198240761166202,0.167710506501321,52.0245886396928
"107",174,"Monsoon",2022,22.6842857142857,1.84074800342857,4.83015873015873,8.84953526614286,5.13632488202332e-05,-5.85622027435714,1440.41428571429,0.552614285714286,0.0307194285714286,0.940824285714286,0.508052666666667,7,0.324366467814071,0.462800705360171,0.960969380248734,0.00317460317460316,1.88660691117935e-05,0.065537454062803,0.00339863209777911,0.0592941445297106,0.041812078379491,236.501783370475
"108",174,"Monsoon",2023,19.1414285714286,2.03166211885714,5.90952380952381,10.4294780378571,4.24476255860058e-05,-8.09334330657143,1958,6.27831428571429,1.27265714285714,5.2211,4.25735714285714,7,0.305882241358061,0.319902476907484,0.379126781368298,0.00614759261302762,3.13255302977726e-06,0.252113523587114,0.0518672107503422,0.179229828512364,0.159821780821935,21.1581347634111
"109",175,"Monsoon",2022,20.01,1.327817653,4.81428571428571,10.4299244972857,6.75588570653061e-05,-7.656394904,1226.42857142857,0.515938571428571,0.0839648571428571,0.850338571428571,0.483414,7,0.244822579101878,0.339234412700989,0.525796948442752,0.0071575392901951,1.57848102168124e-05,0.0439899135315927,0.00457988645330537,0.0200991745185351,0.0218285807243429,251.804411734003
"110",175,"Monsoon",2023,21.4385714285714,2.433591474,5.88571428571429,8.455171653,4.15589052734694e-05,-5.92698934528571,1939,6.3863,1.21792857142857,5.37554285714286,4.32659047619048,7,0.381010114672817,0.542523799512823,0.53765631675436,0.0052644837942149,6.61325564365219e-06,0.223504645738443,0.0547819431246922,0.182621024264462,0.151031475347788,20.4764673292469
"111",176,"Monsoon",2022,15.8871428571429,0.908178762642857,4.78253968253968,11.2096681932857,7.68398345340136e-05,-8.70901212014286,530.271428571429,0.367371428571429,0.0154406571428571,0.612602857142857,0.331804980952381,7,0.581466595223272,0.841845713784829,1.50003398223845,0.00224478343233824,1.27440727951027e-05,0.0502462580188611,0.00349148711438722,0.0835118161503789,0.0453198318316267,80.8508318250513
"112",176,"Monsoon",2023,24.1128571428571,2.57008031857143,5.87142857142857,8.05711298642857,4.23362078886297e-05,-5.26352676157143,1914.14285714286,6.15231428571429,1.18791714285714,5.32932857142857,4.22318666666667,7,0.225290439905747,0.370907107109248,0.400379956940084,0.00330423174518433,3.87776650875972e-06,0.178000226629834,0.0646129672122616,0.122340011588091,0.118716813231805,21.7960553130809
"113",177,"Monsoon",2022,16.4671428571429,0.863615400257143,4.76190476190476,15.8215923757143,6.8281915651312e-05,-13.3554623294286,1003.3,0.39721,0.0580628571428571,0.59743,0.350900952380952,7,0.486751693252683,0.592221642595619,0.983779392658132,0.00476190476190474,1.06041451849024e-05,0.0822151340198674,0.013215803895028,0.111289108652922,0.068228434385143,109.441441180291
"114",177,"Monsoon",2023,24.29,2.54508126842857,5.83809523809524,9.75391210657143,4.76678475673469e-05,-6.86800296985714,1760,6.5482,1.40528571428571,5.7925,4.58199523809524,7,0.26902823360419,0.487937132346672,0.377863547613528,0.00330423174518433,4.64259193437897e-06,0.0757734373611479,0.0262325173398665,0.0291115915385051,0.0412788949165658,39.0481997633938
"115",178,"Monsoon",2022,15.3614285714286,0.119353600572857,10.4396825396825,11.3408830214286,9.77200500349854e-05,-9.003636924,1109.45714285714,0.615244285714286,0.543577142857143,1.22142428571429,0.793415238095238,7,0.246387505204887,0.571320141306702,1.18506065721378,0.0219369443826749,1.24919337444961e-05,0.136447899176924,0.017226826493014,0.154975068960526,0.10142946765831,103.479095788986
"116",178,"Monsoon",2023,22.2614285714286,2.25904586571429,5.8047619047619,10.0723858448571,4.46542475102041e-05,-7.34447128414286,1919.85714285714,5.89174285714286,1.3448,5.14377142857143,4.12677142857143,7,0.297852860537904,0.551561671373574,0.377921042425583,0.00330423174518433,3.78045520683681e-06,0.176708817330797,0.0414262971461135,0.166916067751039,0.127053181055519,21.5046269344957
"117",179,"Monsoon",2022,18.41,0.932448897,9.59206349206349,8.58491082842857,0.000143188974886297,-5.99935848828571,1663.71428571429,5.26754285714286,0.946502857142857,4.62431428571429,3.61278666666667,7,0.249761791275112,0.573553967913776,0.627957059828181,0.0196552122973615,1.83794343089778e-05,0.220005427267626,0.0664538415785289,0.336736969153311,0.205680431605689,55.9807425586243
"118",179,"Monsoon",2023,20.8671428571429,1.69651378028571,5.75079365079365,10.2910604645714,5.38864623568513e-05,-7.641871917,1917.28571428571,5.11134285714286,1.19792857142857,4.4783,3.59585714285714,7,0.509045391772044,1.08462398792789,0.614719843393555,0.00476190476190474,9.25526829850693e-06,0.34336445364541,0.0357008184132262,0.247591065497699,0.208216971531045,23.8504410318754
"119",180,"Monsoon",2022,18.1371428571429,0.954707068185714,8.94920634920635,10.0955554602857,3.42115180087464e-05,-7.45905530485714,614.528571428571,5.1839,0.814208571428571,4.68921428571429,3.56244095238095,7,0.652083526221962,1.24084275234242,1.45759435480908,0.0102459876883794,1.22698477348886e-05,0.440348380478998,0.0615362292988978,0.355390700784477,0.284228258085923,63.7261466645166
"120",180,"Monsoon",2023,19.66,1.51054057271429,5.71428571428571,11.1022570347143,4.96582429708455e-05,-8.42582599614286,1939,4.82447142857143,1.10511142857143,4.21145714285714,3.38034666666667,7,0.367714951714348,0.624928623049847,0.624805736142718,0.00317460317460316,7.73838960402476e-06,0.324225964497635,0.0593171402366158,0.238828559607836,0.206120438549482,20.830380743154
"121",181,"Monsoon",2022,18.4042857142857,0.954309325114286,8.43015873015873,10.7910209725714,0.00011180996802517,-8.155627219,882,7.08527142857143,1.17080285714286,6.3663,4.87412476190476,7,0.0791880565446567,0.196212239627221,1.30862155142755,0.0125319780765365,2.61826882026285e-05,0.260783020293633,0.0662272241789506,0.14057490123469,0.150169697367118,123.232627482297
"122",181,"Monsoon",2023,22.4957142857143,2.39337199971429,5.68412698412698,10.6686222218571,6.5058340244898e-05,-7.58841616628571,1938,5.68184285714286,0.989445714285714,4.6275,3.76626285714286,7,0.380381119297958,0.65071965632352,0.718426681339886,0.00224478343233824,5.26598955144199e-06,0.220731018012705,0.0283265253325389,0.163051494933349,0.136293985796322,21.7726346372601
"123",182,"Monsoon",2022,15.3771428571429,0.133708083390429,8.0031746031746,9.69387487585714,4.69089648993197e-05,-7.29172436557143,504.228571428571,1.62532571428571,0.0679147142857143,1.74804428571429,1.1470949047619,7,0.447605876199323,0.582201503393758,1.1508976847062,0.0208172651565142,8.97437003270542e-06,0.323165249979879,0.0170285969037441,0.275237359744857,0.2015638345993,54.5125923167156
"124",182,"Monsoon",2023,24.3642857142857,2.67344370385714,5.64444444444444,6.91261671328571,8.3916852909621e-05,-3.49244168671429,1910.57142857143,4.9787,0.839694285714286,4.27727142857143,3.3652219047619,7,0.344928268200914,0.627872386239125,0.546592478677751,0.00641500299099582,5.89067843055534e-06,0.218224402851743,0.0292932924109276,0.140304897097927,0.128006554593786,19.1757003260167
"125",183,"Monsoon",2022,15.5228571428571,0.445912528430429,8.92222222222222,6.16588039014286,5.96886348877551e-05,-3.73880841414286,437.514285714286,3.45065428571429,0.255743757142857,3.30545,2.33728268095238,7,0.612717266754897,1.14741247951733,0.940145677210465,0.278496424880769,1.2539722801047e-05,0.721673013275262,0.0803642893798633,0.629456141953399,0.475251967513943,84.1213930906413
"126",183,"Monsoon",2023,24.4671428571429,2.62546890057143,5.62380952380952,5.71665067614286,7.74998764956268e-05,-2.22417471894286,1554.42857142857,4.6585,0.710917142857143,4.0246,3.13133904761905,7,0.277348966069087,0.523126198317475,0.374878074346692,0.00377853356007557,1.51257315335177e-05,0.180366290008495,0.0316525464795403,0.117738592612941,0.106976644602105,139.218543021713
"127",184,"Monsoon",2022,19.46,1.15937085942857,9.78888888888889,15.8155709842857,7.5292146857726e-05,-13.174958668,1780.42857142857,8.8993,2.05395714285714,8.32365714285714,6.42563809523809,7,0.186138709159645,0.250752186720367,0.718420645308251,0.0208575696766423,1.54502468591667e-05,0.0909042746126777,0.0615055818494505,0.143923693170313,0.0915924272038275,83.9687745655539
"128",184,"Monsoon",2023,25.7814285714286,2.82855364528571,5.60634920634921,7.35624545385714,6.08861977842566e-05,-3.86016596342857,1927.14285714286,5.00522857142857,0.671754285714286,4.14835714285714,3.27511333333333,7,0.290577655971101,0.564962571187022,0.492781512118149,0.00224478343233824,4.3564585874233e-06,0.259620924861326,0.0420256624466722,0.145380554567172,0.148313353658883,21.9658052126357
"129",185,"Monsoon",2022,17.9285714285714,0.818888383871429,9.17777777777778,13.4083397014286,3.63479291072886e-05,-10.8786887311429,923.6,7.09572857142857,1.37508571428571,6.59731428571429,5.02270952380952,7,0.141158954162094,0.168558530325847,0.428998348494825,0.0128300059819916,5.73903665293024e-06,0.262776779899636,0.0708246238743191,0.224821566738488,0.18567631828014,151.675234190248
"130",185,"Monsoon",2023,25.0628571428571,2.68236849642857,5.58412698412698,6.98539040228571,7.11206881778426e-05,-3.59189328694286,1918.28571428571,4.9744,0.71093,4.12605714285714,3.27046238095238,7,0.354358671443512,0.74837278184509,0.66705605938469,0.00409839507535183,1.20414546061661e-05,0.275447958960015,0.0363577473894918,0.149707740451255,0.152650872463507,21.8541859188777
"131",186,"Monsoon",2022,17.4,0.825556561357143,8.76349206349206,15.58348768,5.75939642068805e-05,-13.1361883528571,1709.17142857143,7.09251428571429,1.28175571428571,6.37538571428571,4.9165519047619,7,0.377813256970764,0.627132629784374,0.859617205237394,0.0125319780765365,1.5953575331582e-05,0.501340475709905,0.150083476325632,0.473852373247885,0.373258133917232,204.653041714491
"132",186,"Monsoon",2023,24.5957142857143,2.45846912057143,5.56349206349206,7.46169069942857,6.47997569102041e-05,-4.19011076635714,1919,4.83817142857143,0.70502,3.88355714285714,3.14224952380952,7,0.365759855791807,0.685033788699417,0.886664929487848,0.00204919753767587,9.3799422030856e-06,0.249202475255503,0.0264956153605334,0.139581848078198,0.137670453432735,22.264642052238
"133",187,"Monsoon",2022,19.0771428571429,1.531073918,8.26666666666667,12.2425267771429,0.000104494485423907,-9.71045085071429,1987.42857142857,8.90785714285714,2.01365714285714,8.61988571428572,6.5138,7,0.337531051733546,0.71671887731806,0.721480099159871,0.0134998421398658,2.78437879967678e-05,0.212695319599637,0.0878607308597583,0.272741308122665,0.186420559985172,25.0189044170861
"134",187,"Monsoon",2023,25.6571428571429,2.66369437442857,5.53492063492063,11.0224411905714,5.03225309988338e-05,-7.75025710785714,1882.14285714286,4.65208571428571,0.692701428571429,3.73172857142857,3.02550523809524,7,0.210336626859517,0.402321067416644,1.42152921409974,0.00448956686467648,6.21085893213794e-06,0.256146101750889,0.0428588608623907,0.164449918146016,0.153483494022942,18.1965833677233
"135",188,"Monsoon",2022,22.8014285714286,2.138516935,7.81904761904762,6.50245561528571,0.000141313333860058,-3.74052613485714,1996.71428571429,8.77617142857143,1.97565714285714,8.54672857142857,6.43285238095238,7,0.444085087146428,0.70772852300648,1.08712315465744,0.00864557388273446,1.63769907731299e-05,0.130900248670661,0.0580529104194033,0.186163859868366,0.120866974158274,23.235558019178
"136",188,"Monsoon",2023,24.0628571428571,2.32929241028571,5.49206349206349,8.85405718014286,3.98158277282216e-05,-5.852735166,1922.42857142857,4.43197142857143,0.700641428571429,3.76624285714286,2.96628523809524,7,0.273902261727777,0.589837852762573,0.254831972066045,0.00204919753767587,8.10322609616306e-06,0.278706025969236,0.052101776883536,0.172432172803358,0.165453998008713,25.6346650928341
"137",189,"Monsoon",2022,24.6571428571429,2.42063187771429,7.44603174603175,4.48841549285714,0.000127647180851312,-1.68302653282571,1984.14285714286,8.19638571428571,1.67737142857143,8.0627,5.97881904761905,7,0.451113512722179,0.897201736729043,1.04372673709418,0.00782997279732735,5.88829011935587e-06,0.103465115880096,0.0350686789728093,0.149992307739272,0.0925022335944092,23.5092976251936
"138",189,"Monsoon",2023,23.9771428571429,2.12894400357143,5.48253968253968,12.1727272621429,3.86134734337026e-05,-9.34074280942857,1831.85714285714,4.24721428571429,0.612925714285714,3.41861428571429,2.75958476190476,7,0.401928175801848,0.825045868396371,1.22288082249768,0.00476190476190474,1.29837563010339e-05,0.346310238994825,0.0373788505808873,0.240611415068414,0.207429052649317,51.3027561551584
"139",190,"Monsoon",2022,23.9171428571429,2.018897438,7.11746031746032,6.30804642157143,0.000107148617170068,-3.13844528885714,1955.71428571429,7.49608571428571,1.66228571428571,7.61412857142857,5.59083333333333,7,0.29827850748455,0.531223855257628,1.15543085250961,0.00534365340654076,2.55911606261001e-05,0.229898407613296,0.0752311024477922,0.256256273060765,0.182726397226526,30.8743338356622
"140",190,"Monsoon",2023,22.8928571428571,1.84113884185714,5.44761904761905,11.2283651267143,6.2035530662585e-05,-8.59801508085714,1202.54285714286,3.88868571428571,0.631958571428571,3.05038571428571,2.52367666666667,7,0.241520129159281,0.615248104460277,1.20446456157542,0.00317460317460316,1.04714356932619e-05,0.22061428355581,0.0362193058509758,0.187766513354791,0.145832038584729,211.371528984644
"141",191,"Monsoon",2022,22.05,1.57582574814286,6.84920634920635,5.59883963257143,0.000108162183571429,-3.09226452857143,1323.18571428571,6.45537142857143,1.16287428571429,6.66515714285714,4.76113428571429,7,0.237336409824897,0.295801453069239,0.329846298390251,0.00409839507535175,1.35944358133163e-05,0.225553876695828,0.0580218201507454,0.201213176290533,0.159823957388761,253.693217835066
"142",191,"Monsoon",2023,22.4785714285714,1.50626513742857,5.43015873015873,9.46208338957143,5.26885064046647e-05,-7.002687437,1122.12857142857,3.53817142857143,0.506105714285714,2.72768571428571,2.25732095238095,7,0.292260716707895,0.526970756007119,1.13932274735159,0.00317460317460316,6.18528532272233e-06,0.173239932318331,0.0275421260770395,0.116762609043941,0.100431386095564,185.147952053648
"143",192,"Monsoon",2022,24.6271428571429,2.21932018414286,6.58253968253968,5.17478485888571,0.000126319536419825,-2.54242532174286,1579.57142857143,6.81784285714286,1.5226,7.41667142857143,5.25237142857143,7,0.159100361941977,0.284989611607205,1.98545671992133,0.00330423174518424,1.36140753441412e-05,0.168215655034362,0.0459598479006145,0.193921714339877,0.133075665795473,142.163362962148
"144",192,"Monsoon",2023,22.2271428571429,1.32345869328571,5.41428571428571,11.4083614822857,7.75761507119534e-05,-9.05304031085714,1223.15714285714,3.70432857142857,0.506541428571429,3.11814285714286,2.44300428571429,7,0.270851516919671,0.398074621748326,0.978918090902833,0.00204919753767587,1.72260391104794e-05,0.155069744238621,0.0148729065639459,0.114599420045783,0.0927241133107608,173.652117831056
"145",193,"Monsoon",2022,20.3685714285714,1.34175312485714,6.37619047619048,8.02157555357143,6.69542890151604e-05,-5.56244718902857,674.428571428571,3.73154285714286,0.659561428571429,4.38475714285714,2.92528714285714,7,0.614225910710184,0.852509287586713,2.35361560620707,0.00289800294976277,2.57779273745879e-05,0.55455696038633,0.157598287358179,0.516907791287651,0.408819410104272,239.608170933779
"146",193,"Monsoon",2023,18.1257142857143,0.721587097257143,5.36984126984127,6.86901262614286,1.35794399629155e-05,-4.89713307042857,577.428571428571,1.12800428571429,0.0658984,1.06479,0.752897561904762,7,0.330496431382341,0.759311245180483,0.581809863786483,0.00204919753767596,4.63771695740822e-06,0.276010968017552,0.0301996487746448,0.235185061853528,0.179891095091715,95.8183268936975
"147",194,"Monsoon",2022,23.44,1.94434335142857,6.75396825396825,8.67031847628571,0.000145718941620991,-5.93063583042857,1707.42857142857,6.89095714285714,1.50305714285714,6.97862857142857,5.12421428571429,7,0.223872838055553,0.411538623101734,0.805365570985815,0.00614759261302762,3.40562213927367e-05,0.211072524048402,0.0733377991837473,0.202575541129588,0.156851411649232,162.1017988712
"148",194,"Monsoon",2023,21.7142857142857,1.42520158557143,5.36825396825397,10.9122867328571,6.26252570833819e-05,-8.76275531057143,829.885714285714,3.30508571428571,0.422818571428571,2.75905714285714,2.16232047619048,7,0.605800757529345,0.994317049397027,1.7401711581487,0.00158730158730171,1.25461934205718e-05,0.276904220529299,0.0635026088113736,0.274101301101082,0.202666493027323,214.013486923217
"149",195,"Monsoon",2022,23.2914285714286,1.76477041214286,6.71111111111111,6.04515163385714,0.000118318204130612,-3.18481572495714,1844.85714285714,6.56904285714286,1.30058571428571,6.47358571428571,4.78107142857143,7,0.200694372847165,0.450763700542281,0.82976190863899,0.00242464322484435,2.57959418810359e-05,0.226369509196529,0.0641740877411979,0.180382929226861,0.155305969970217,61.9970923171588
"150",195,"Monsoon",2023,21.22,1.38819143324286,5.36825396825397,7.80497567614286,5.74764049959184e-05,-5.64877066385714,779.385714285714,2.85971428571429,0.5142,2.43645714285714,1.93679047619048,7,0.840136043405216,1.62652429012981,0.49688661163259,0.00510246072010223,5.12124186381987e-06,0.325574695129771,0.0626060740245058,0.257141894178091,0.211797555977911,141.34702386843
"151",196,"Monsoon",2022,24.0571428571429,2.07548949457143,6.55555555555556,7.77656931,0.000127343413795918,-4.68514434814286,1790.71428571429,6.29661428571429,1.49122857142857,6.53988571428571,4.77590952380952,7,0.460179645489073,1.3350056328642,0.785202216192007,0.00242464322484435,2.40342380311476e-05,0.206664463999673,0.053883108556904,0.188640755113512,0.14779859915036,50.9480193949883
"152",196,"Monsoon",2023,25.2471428571429,2.277175384,5.34285714285714,7.42093916328571,9.02347017603499e-05,-5.0658806878,1411.34285714286,3.68135714285714,0.532751428571429,2.55838571428571,2.2574980952381,7,0.598791299542807,1.15118846162821,1.21330585622269,0.00377853356007564,1.54688297842852e-05,0.10090407952757,0.0203966104126772,0.0724162420237583,0.0544224789761899,140.173509584071
"153",197,"Monsoon",2022,24.6485714285714,1.90056507928571,6.43333333333333,4.59278581805714,0.000160560126244898,-0.468149840285714,1854.85714285714,5.35462857142857,1.26047142857143,5.46175714285714,4.02561904761905,7,0.511768309610011,1.11955013408476,2.0495694562114,0.00342896333249092,2.07256184021807e-05,0.257683820393359,0.0184069954906605,0.225785637757779,0.164815619902575,64.350020746446
"154",197,"Monsoon",2023,25.31,2.110038957,5.34444444444444,6.19241459342857,8.24316200408163e-05,-3.60114834262857,1698,2.91917142857143,0.392548571428571,1.96031428571429,1.75734476190476,7,0.373911117525975,0.87002673060581,0.696246354204348,0.00542166707193628,1.37176335900167e-05,0.205998104145559,0.0106341911346578,0.0678425257439589,0.0903925132565439,129.175959727143
"155",198,"Monsoon",2022,23.51,1.72542022414286,6.26984126984127,6.01948344414286,0.000130911048244898,-2.69511568398571,1562.7,4.77542857142857,1.03629857142857,4.85154285714286,3.55442333333333,7,0.451579239473882,1.05404727236495,1.11409803921988,0.00204919753767587,2.87675562625622e-05,0.191328563961984,0.0394642149191349,0.172536296881255,0.128932599025748,216.309664491397
"156",198,"Monsoon",2023,24.1885714285714,1.808218884,5.33650793650794,3.43383121592857,4.32595367272109e-05,-0.436707908637143,759.471428571429,1.65741,0.155134,1.20242428571429,1.00498942857143,7,0.57010203168434,1.05102079756679,0.609976594089667,0.00317460317460316,1.1099243993457e-05,0.163032774546072,0.0346038331973841,0.136985873478447,0.108499118794527,299.434972441578
"157",199,"Monsoon",2022,21.67,1.29543444557143,6.15079365079365,4.24964741685714,7.75305506524781e-05,-0.965775910924286,1014.4,3.32825714285714,0.644425714285714,3.3754,2.44936095238095,7,0.349503048559495,0.673439250370972,0.722531451399306,0.00409839507535175,1.56758308599502e-05,0.118016749935364,0.0642678174982346,0.0677666900897062,0.0765987843360036,241.976504172262
"158",199,"Monsoon",2023,25.8,2.339295338,6.88571428571429,2.73338953642857,0.000136442380104956,2.63735421245286,1476.21428571429,6.00827142857143,0.92309,4.66091428571429,3.8640919047619,7,0.32657676119464,0.694319206092064,0.758718431276209,0.00829861753511015,1.02910638316194e-05,0.269429273972724,0.0519643985271235,0.174917548506461,0.162337615736443,186.529643282587
"159",200,"Monsoon",2022,23.9157142857143,1.73462132714286,6.02380952380952,11.2636013071429,0.000122363023142274,-7.75591614128571,1633.57142857143,4.55562857142857,0.993684285714286,4.55517142857143,3.36816142857143,7,0.359330443111822,0.670848263850609,1.56961582921541,0.00289800294976274,1.87041388636323e-05,0.194661163140916,0.024516473553719,0.250922381011573,0.153472198178305,64.0902849568508
"160",200,"Monsoon",2023,22.48,1.66126614642857,6.51269841269841,3.749777168,4.32925510056327e-05,-0.0182276936428571,704.757142857143,3.98891428571429,0.563514285714286,3.24761428571429,2.60001428571429,7,0.777394917106394,1.32436180444284,0.538803351585253,0.00289800294976277,2.64513048989511e-05,0.298965427550993,0.0642237330727194,0.310598213459256,0.219954753547893,182.819672872248
"161",201,"Monsoon",2022,24.2585714285714,1.910219603,5.91904761904762,7.837253153,0.000112337319311953,-3.89875559357143,1771.71428571429,3.82268571428571,0.659352857142857,3.56665714285714,2.68289857142857,7,0.380835100994721,0.673538173735237,2.04605711138728,0.00204919753767587,2.16984225795457e-05,0.148392581685608,0.025169744092602,0.168626288490461,0.0969270695964721,111.442001632648
"162",201,"Monsoon",2023,27.1014285714286,2.81905811228571,6.27619047619048,3.73603311828571,0.00012466984135277,0.280752035828571,1899.28571428571,6.41314285714286,1.1309,5.09635714285714,4.21346666666667,7,0.349165185164003,0.601967106195051,0.424950685779401,0.00448956686467648,7.15128022101736e-06,0.186243863250952,0.0190925066328078,0.0757655181563263,0.0914177075225431,21.4550629896805
"163",202,"Monsoon",2022,23.6771428571429,1.69066440257143,5.8047619047619,6.34577895435714,9.66406152303207e-05,-3.76461246371429,1736.42857142857,1.81841428571429,0.484994285714286,1.8693,1.39090285714286,7,0.313655211716201,0.463097613888717,1.50620518311237,0.00224478343233824,1.9059207033598e-05,0.149038321100523,0.0265441578055406,0.170428664032226,0.0978971263432104,119.194090845633
"164",202,"Monsoon",2023,27.2128571428571,2.81748664285714,6.04920634920635,4.168748749,9.79416699591837e-05,-0.271846011634286,1900.42857142857,5.33954285714286,0.81336,3.51288571428571,3.22192952380952,7,0.564993528347741,1.38960997404049,0.644245030245798,0.00409839507535183,7.92651220114947e-06,0.224605138024959,0.0180741679647791,0.060159112156931,0.0913049287207014,28.7226948122719
"165",203,"Monsoon",2022,24.2257142857143,1.79078950842857,5.73333333333333,4.35000024157143,0.000109082609632653,-2.47181508125714,1486.14285714286,1.96391428571429,0.444291428571429,2.1229,1.51036857142857,7,0.240107685591844,0.553057476795182,0.698971254551875,0.00242464322484435,2.49489575963609e-05,0.167407608390236,0.0155576923904867,0.142972240062788,0.105027679289108,155.293949928366
"166",203,"Monsoon",2023,25.1228571428571,2.34752446314286,5.9031746031746,11.2299798244286,0.000100518276956851,-7.73482491028571,1713.14285714286,5.05237142857143,0.788415714285714,3.10321428571429,2.98133380952381,7,0.525632110554767,1.01535233413472,1.66327141902976,0.00317460317460322,2.17981555082041e-05,0.219042697201434,0.0241905647542436,0.147224332274273,0.112405132928583,65.5378584053045
"167",204,"Monsoon",2022,19.9442857142857,1.10783457,5.64603174603175,7.37711516628571,9.42779225941691e-05,-5.890709395,684.271428571429,1.09115285714286,0.286225714285714,1.00531857142857,0.794232380952381,7,0.188412631550783,0.370118340523594,0.191923038251559,0.00158730158730158,2.86833916822047e-05,0.0375786166851946,0.0203465783782109,0.0212418903773351,0.0157521557055737,159.689689732314
"168",204,"Monsoon",2023,22.42,1.744008939,5.81428571428571,8.52715614557143,3.50573135889213e-05,-5.50811695357143,970.1,4.04008571428571,0.675747142857143,2.38681428571429,2.36754904761905,7,0.146368745037353,0.354291550097157,0.3198763809402,0.00204919753767604,9.85201907793056e-06,0.111298884238132,0.0408441677782348,0.109874767302579,0.0663308034482639,150.739243476308
"169",205,"Monsoon",2022,17.2157142857143,0.339654421014286,5.83809523809524,4.97259945771429,4.88672881687075e-05,-3.10505780217143,488.942857142857,0.307794285714286,0.306091571428571,0.307134285714286,0.307006714285714,7,0.378272118875245,0.919369736969037,1.85338571663671,0.314025064274642,1.08452885561811e-05,0.0604918419866578,0.12946331451729,0.0466891961020219,0.0772740651271312,145.979251391198
"170",205,"Monsoon",2023,22.4371428571429,1.74397800771429,5.9031746031746,5.13553386071429,4.52298163843537e-05,-2.23731658572857,747.442857142857,3.81262857142857,0.520685714285714,2.35678571428571,2.23003333333333,7,0.404914537048159,0.735182034384135,0.52813979363072,0.00467288934726339,1.01927510938277e-05,0.285381155077677,0.0428490448222229,0.149296206739953,0.154148782818563,173.778265747643
"171",206,"Monsoon",2022,18.0885714285714,0.863891525614286,8.82539682539683,15.3718476037143,0.000122003083518367,-14.0229949631429,1909.28571428571,5.51867142857143,1.18842714285714,4.67385714285714,3.7936519047619,7,0.415345115086057,0.693013412580742,1.90040770119214,0.0216479074555332,1.15917084601596e-05,0.469071237718134,0.0913387388402378,0.427242888907995,0.327481687142474,139.061602362768
"172",206,"Monsoon",2023,26.1814285714286,2.56747498185714,8.44126984126984,1.93355997232143,0.000185828372163265,2.09668456972857,1740.85714285714,8.27658571428571,1.39494285714286,5.83192857142857,5.16781904761905,7,0.279322552679468,0.851536308259514,0.689319186874657,0.0187364351424611,4.11113727014112e-05,0.307392934848148,0.0556809100275543,0.280415358347718,0.209250505155389,89.8584677016422
"173",207,"Monsoon",2022,14.5471428571429,0.00438903796442857,8.14444444444444,0,4.01757496285714e-05,2.11465451028571,341.514285714286,0.0395254285714286,0.0244672857142857,0.0769935714285714,0.0469954285714286,7,0.264410523939702,0.00225153858857355,0,0.00419960525565807,NA,0.0319591905395862,0.00342357843779398,0.0423782623409787,0.0252515445364175,104.36806989499
"174",207,"Monsoon",2023,26.3228571428571,2.45355390428571,7.86666666666667,3.32994337042857,0.000127575870215743,-0.0482991401,1738.71428571429,8.46408571428571,2.0239,6.93071428571429,5.80623333333333,7,0.288078315126735,0.732699293443374,0.700855807133433,0.0116281804104951,1.62062950070528e-05,0.182748190569599,0.0335790538452598,0.139524871359522,0.113879047503557,77.1994060813924
"175",208,"Monsoon",2022,14.4257142857143,0.0288149037531429,13.9190476190476,5.48484797485714,0.000183158927727891,-4.04361236114286,822.285714285714,0.529838571428571,0.651838571428571,0.72245,0.634709047619048,7,0.645931800700711,0.239406530946029,2.21867970898173,0.325875245149159,5.27102897512691e-05,0.133576044516625,0.259530682913349,0.193003116900565,0.177568144833574,274.458643279362
"176",208,"Monsoon",2023,26.1685714285714,2.42004844028571,7.35079365079365,2.59228450971429,0.000196679594496599,0.436857335314286,1830.57142857143,8.96922857142857,1.74057142857143,7.2689,5.9929,7,0.303977039949281,0.570245178728595,0.355046734564609,0.00761243098938524,1.09325014539034e-05,0.167721113067817,0.052742499869811,0.1111569975091,0.102405339694196,23.3726102856447
"177",209,"Monsoon",2022,12.8385714285714,0.00434849555628571,12.8761904761905,10.6050117667143,NA,-9.40992783657143,231.94,0.0318768571428571,0.000220342857142857,0.059997,0.0306980666666667,7,0.0850889890316119,0.00789612969381914,0.669714714756935,0.0341546583989682,NA,0.00926961701430198,0.000220342857142857,0.0217632216572998,0.00906831908087671,81.3003911429705
"178",209,"Monsoon",2023,25.7057142857143,2.24231419328571,6.9968253968254,5.41783827942857,0.000130889696997085,-2.40354908835714,1700.28571428571,8.11242857142857,2.05917142857143,6.72192857142857,5.63117619047619,7,0.443346887420036,0.914999546934279,1.08699752892085,0.00467288934726339,1.07364993465517e-05,0.186899092604342,0.0400127343675064,0.138919131519171,0.119785160795432,82.3808560417824
"179",210,"Monsoon",2022,16.7228571428571,0.325637808894857,13.915873015873,12.5006207554286,8.87451213166181e-05,-11.2008420855714,1485.14285714286,5.64102857142857,1.65885,3.84442857142857,3.71476904761905,7,0.267810472124582,0.618194313459398,0.899394811888175,0.0209780186260306,3.64441811184826e-05,0.594590558489536,0.200142754112682,0.531552487089104,0.438643926752176,113.205760532259
"180",210,"Monsoon",2023,24.1014285714286,1.94302362985714,6.71269841269841,6.66544620771429,0.000144622444962099,-3.81179006758571,1174.24285714286,7.55014285714286,1.68592857142857,6.73101428571429,5.3223619047619,7,0.416381398945432,0.757750518728986,1.31568339679668,0.00744510438067208,1.39566681571929e-05,0.177491299393926,0.0770686667054459,0.168439418851792,0.132863061425886,143.948704251835
"181",211,"Monsoon",2022,17.1014285714286,0.128761612476956,14.2190476190476,8.91980233,5.31861956856327e-05,-7.56785491442857,913.814285714286,3.80786571428571,0.708429857142857,2.74942714285714,2.42190757142857,7,0.371998646768075,0.431378711404967,0.981883547562149,0.0290668395657573,2.32677352964447e-05,0.692791117928248,0.151589493986764,0.454146473721725,0.430452839944296,117.317401032558
"182",211,"Monsoon",2023,23.2242857142857,2.03001608014286,6.42222222222222,9.58590852671429,7.34176755183674e-05,-6.84639375142857,1648.14285714286,6.77454285714286,1.66834285714286,5.81782857142857,4.75357142857143,7,0.520351790997742,0.753072371326614,1.01266637744147,0.00685792666498184,2.57184564289637e-06,0.193660114458225,0.0311795633399191,0.131607675840492,0.114077088812732,127.499659863492
"183",212,"Monsoon",2022,19.3214285714286,0.875209865114286,14.1,9.17974990985714,0.000191349973609329,-7.74634181328571,1329.3,8.68417142857143,2.30008571428571,6.72094285714286,5.90173333333333,7,0.259545652204446,0.358657436228585,1.08059339237514,0.0130571033642891,1.65630710235699e-05,0.399676116918905,0.129154802702898,0.267080635101571,0.254761401809324,193.437125259272
"184",212,"Monsoon",2023,20.8971428571429,1.36839141314286,6.23650793650794,15.6571559585714,0.000101923381485714,-13.1358056885714,1831,5.51111428571429,1.22321428571429,4.52278571428571,3.75237142857143,7,0.224284197750408,0.679728456239574,0.478655857471383,0.00317460317460316,2.15244671106196e-05,0.390946132830995,0.0427234430381496,0.281735461389016,0.234492495274659,43.2032847075753
"185",213,"Monsoon",2022,19.56,0.7410954545,15.5714285714286,5.85824975685714,0.000150433018180758,-4.30267784414286,982.457142857143,7.31245714285714,1.62587142857143,5.70715714285714,4.88182857142857,7,0.229461066310564,0.478231966489832,1.58558416172011,0.0143150785803901,1.47837590113799e-05,0.353246839946195,0.188855992900468,0.285771312047091,0.273438941215293,184.2937353367
"186",213,"Monsoon",2023,21.6328571428571,1.82961139114286,6.07301587301587,11.7678032822857,0.000142080380081633,-9.15539777214286,1897.71428571429,5.87414285714286,1.17546142857143,4.73707142857143,3.9288919047619,7,0.306047882074765,0.668236411743548,0.919697277199632,0.00224478343233824,3.54634907840445e-05,0.335771054977263,0.0456206235959014,0.219317530963111,0.198268544992033,39.7502406615741
"187",214,"Monsoon",2022,18.5471428571429,0.392633128133429,14.9777777777778,8.81039582528572,5.24107703765306e-05,-7.37259739571429,959.514285714286,4.99614285714286,1.05065285714286,4.00188571428571,3.34956047619048,7,0.412505205079508,1.66530406572595,2.05776192129332,0.0096985728993774,1.56044998994429e-05,1.37873433555098,0.433726009226553,1.08473349995212,0.958210402688987,281.298126403941
"188",214,"Monsoon",2023,20.9371428571429,1.31897305328571,5.98888888888889,11.7473786854286,7.51712528664723e-05,-9.12038777328571,926.114285714286,3.46828571428571,0.67448,2.90517142857143,2.34931238095238,7,0.426110394178798,0.669591687129723,0.920440627541681,0,1.35957151431653e-05,0.257651761500056,0.0397968807104993,0.215897551447645,0.162995757817544,178.066402045459
"189",215,"Monsoon",2022,18.6514285714286,0.563621083928571,16.3206349206349,9.84887508328572,0.00016283090913586,-8.42102015371429,1521.28571428571,7.35292857142857,1.83960142857143,5.30492857142857,4.83248619047619,7,0.564621358887144,1.25326991773819,1.45340105326675,0.0106873068130814,3.72318554199447e-05,1.19388808574863,0.498538321049066,1.07991487555056,0.923130095593056,127.745788167586
"190",215,"Monsoon",2023,22.2128571428571,1.58630696928571,5.88253968253968,12.6277517371429,6.33761175102041e-05,-9.83903399371429,1169.22857142857,3.58631428571429,0.586728571428571,2.76134285714286,2.3114619047619,7,0.460536510551575,0.81359763481565,0.533647876933771,0.00224478343233824,1.26208160408e-05,0.247281990013495,0.0171081568443899,0.210123906594297,0.151891267392096,172.261221507843
"191",216,"Monsoon",2022,17.1428571428571,0.62627763649,16.984126984127,12.4374416257143,0.000137169652510204,-11.0806141855714,1565.14285714286,8.1018,2.45811428571429,6.39318571428571,5.65103333333333,7,0.173996637703068,1.08707878081932,1.38874418757693,0.041422185240317,4.06038624675482e-05,0.741185231973248,0.257405811186642,0.685927845861277,0.559225488401867,102.863624134424
"192",216,"Monsoon",2023,25.0857142857143,2.60262200271429,5.8,9.25013702857143,6.72141308507289e-05,-6.20146350542857,1911.14285714286,3.42561428571429,0.580444285714286,2.55007142857143,2.18537666666667,7,0.221357899628387,0.270169441031558,0.527113153994346,0,1.56477586463491e-05,0.306358538339648,0.0137289839143226,0.145197264362078,0.151013162934113,27.4038827379561
"193",217,"Monsoon",2022,18.0357142857143,0.304135750841571,16.015873015873,7.92090877092857,0.000111164605172012,-6.4971739239,908.428571428571,6.21402857142857,1.28713142857143,4.47565714285714,3.99227238095238,7,0.381231445405526,0.943406020653777,2.52447030388852,0.0102459876883793,2.92529209498953e-05,0.935509089242014,0.264646198342766,0.597853514411246,0.594728400306002,178.422764021546
"194",217,"Monsoon",2023,27.0742857142857,2.90968234928571,5.74761904761905,5.54118696128571,6.91246792402332e-05,-2.26983184078143,1908.57142857143,2.31721428571429,0.310164285714286,1.79094285714286,1.47277380952381,7,0.249931963531193,0.449196902879261,0.8297349326475,0.00204919753767587,1.57458366271683e-05,0.329094602427537,0.0101020424283652,0.119395008384819,0.151880200149925,24.7529287760701
"195",218,"Monsoon",2022,18.7842857142857,0.706589898714286,15.4555555555556,8.78800878914286,7.44728582460641e-05,-7.31051893142857,604.228571428571,5.55394285714286,1.78511285714286,5.25427142857143,4.19777571428571,7,0.317249016981157,0.409819191279463,0.620704303843635,0.0102868899974728,1.48049542611447e-05,0.599730006656624,0.290989037763692,0.519342970774147,0.468217540292346,193.669815621829
"196",218,"Monsoon",2023,25.9442857142857,2.43893673685714,5.7047619047619,8.70824809357143,8.10722314522449e-05,-5.493649639,1916,2.44225714285714,0.236028571428571,1.63264285714286,1.43697619047619,7,0.347500305877612,0.553828635163559,0.883660354171023,0.00798924278864627,3.85648371820409e-05,0.355856451701648,0.0117126845014835,0.129709556238512,0.16182478455741,25.6904651573303
"197",219,"Monsoon",2022,20.5985714285714,1.18098421814286,14.8825396825397,11.0733983274286,0.000198716357078717,-9.53549811442857,1739.57142857143,11.7862857142857,4.02637142857143,9.96977142857143,8.59414285714286,7,0.268473893130258,0.223196034718466,1.88930873141065,0.0151141342403026,1.48452527288411e-05,0.344637678224104,0.127348378033468,0.247455984267223,0.234531355708101,82.1754386729297
"198",219,"Monsoon",2023,21.2828571428571,0.925665932357143,5.64285714285714,13.6598466058571,7.54677496688047e-05,-10.8369357572857,1267.81428571429,1.54191714285714,0.239398428571429,1.00588,0.929065190476191,7,0.645547808290847,1.30008529050894,1.30173933523468,0.00158730158730158,1.6791466248079e-05,0.336184571823236,0.0467330266533602,0.249594671064527,0.210134198799355,189.110892673826
"199",220,"Monsoon",2022,17.5042857142857,0.3395714397,17.1777777777778,9.25535278742857,0.000132194944687075,-7.332019123,1039.51428571429,6.13752857142857,1.72193285714286,4.25798571428571,4.03914904761905,7,0.258040760372476,0.85508119073878,3.32696769532125,0.0274317066599276,2.6251043508236e-05,0.561931389946142,0.298945155622345,0.404521890295063,0.418289105209406,249.530107381446
"200",220,"Monsoon",2023,22.4257142857143,1.32661760685714,5.59047619047619,12.443684484,8.36797815475219e-05,-9.48656311257143,1831.42857142857,3.19577142857143,0.396445714285714,1.94485571428571,1.84569095238095,7,0.291423902857097,0.61541447686553,0.941075387300214,0.00510246072010207,1.93293624148584e-05,0.350848936230996,0.0342733233661083,0.233875209723325,0.204888958709119,87.3732707146422
"201",221,"Monsoon",2022,17.5271428571429,0.405904100871429,17.4714285714286,9.88888842012857,0.000180769388095918,-8.29756595977143,901.771428571429,5.64015714285714,1.48350428571429,4.62008,3.91458047619048,7,0.589130571208092,1.37655766142866,3.71364758243487,0.0266553263868996,5.5797559742874e-05,1.13817857851861,0.401812478277268,1.00675394805474,0.847509041114057,293.045807173624
"202",221,"Monsoon",2023,20.8757142857143,1.46271757814286,5.53015873015873,11.9493933442857,6.80202015265306e-05,-9.11178172085714,1880.71428571429,3.56052857142857,0.449345714285714,2.17814285714286,2.06267238095238,7,0.284034346873898,0.513753891148641,0.586494249247413,0.00317460317460316,5.24200939893606e-06,0.313777858724688,0.0248699056862614,0.210264336872766,0.182022433187359,27.0138538405709
"203",222,"Monsoon",2022,18.7957142857143,1.03669909278571,17.3698412698413,7.42621206,5.53904073078717e-05,-5.94379729,1792.42857142857,10.7192285714286,3.51981428571429,9.63954285714286,7.95952857142857,7,0.171587228169081,0.168883510688733,0.556300296211285,0.0258556438579274,7.88820804004451e-06,0.227028789567572,0.0652400601024927,0.168547835314239,0.147656244110407,44.6680119606526
"204",222,"Monsoon",2023,21.1442857142857,1.38732901697143,5.48730158730159,15.5080376777143,0.000151361508982993,-12.5977920661429,1636.28571428571,3.53592857142857,0.530927142857143,2.10798571428571,2.05828047619048,7,0.413272982208043,1.06901619235383,1.4723533900108,0.00377853356007557,4.46881032263648e-05,0.356550371592841,0.0391734196031105,0.279414477441813,0.223244145522967,63.4566647352327
"205",223,"Monsoon",2022,17.8742857142857,0.742778174242857,18.0190476190476,14.5902487562857,0.000107365283979592,-13.1324579757143,1325.11428571429,8.02052857142857,2.07653714285714,7.05895714285714,5.71867428571429,7,0.541659078963077,0.579240705940665,1.51030704017347,0.0310235242630034,2.01005664082093e-05,0.811771184543047,0.327611637749814,0.684909710371042,0.604202376231916,169.933134509082
"206",223,"Monsoon",2023,15.6185714285714,0.256433838829429,5.46507936507937,2.45201823714286,6.58096256755102e-05,2.087318568,554,0.284755,0.0262144285714286,0.0465911428571429,0.119186857142857,7,0.223973091192293,0.617336757828598,2.45201823714286,0.00289800294976277,2.62132851059422e-05,0.0708310113428937,0.0050109661261085,0.0215131898969962,0.0316322194934832,52.2993216745595
"207",224,"Monsoon",2022,12.3071428571429,0.0263492752698333,23.2269841269841,0.209997613857143,NA,2.57697248322857,143.491428571429,0.694258571428571,2.11837142857143,2.42177142857143,1.74480047619048,7,0.391485049800994,0.13063590354815,0.209997613857143,0.741151435656231,NA,0.0684083627729747,0.18270380624477,0.28156197297549,0.143459221295914,43.4590316345434
"208",224,"Monsoon",2023,16.5485714285714,0.666695421671428,5.46507936507937,4.84093568764286,0.000113325965491837,-1.16827010771429,774.2,1.07732857142857,0.111633285714286,0.671457142857143,0.620139666666667,7,0.512553962647691,0.806425001518054,2.16244362748647,0.00158730158730158,4.52792302473537e-05,0.378071080514086,0.052885061944666,0.222889223966849,0.217431813814276,260.292743619472
"209",225,"Monsoon",2022,17.4842857142857,0.316575884922857,18.0253968253968,5.84294260157143,7.52629571612245e-05,-4.36817017122857,576.385714285714,3.93152857142857,0.693567142857143,3.39178571428571,2.67229380952381,7,0.194714163434962,0.955820234363314,1.16086389678486,0.0190476190476192,1.36660788565272e-05,0.500632202564815,0.16083533103197,0.464509220487998,0.366693145338609,132.50505188675
"210",225,"Monsoon",2023,17.9928571428571,0.991496471771429,6.7015873015873,12.9930958085714,9.39260018897959e-05,-10.213604773,645.457142857143,4.5253,0.588395714285714,2.79478571428571,2.63616047619048,7,0.23997732319171,0.304002637478051,0.753298923620532,0.00289800294976277,1.97252019421483e-05,0.19119770246677,0.0758095361150983,0.100321752444848,0.108515406239078,133.694917197154
"211",226,"Monsoon",2022,17.9871428571429,0.704940706242857,18.2555555555556,11.9942815768571,0.000139801998787172,-10.5206146009143,1211.51428571429,7.29608571428571,2.07938571428571,6.42555714285714,5.26700952380952,7,0.355492376756482,0.753486664045782,2.48623600779024,0.0319832407612854,1.79130029755769e-05,0.717573160838992,0.293259681306981,0.651298069739392,0.548078541793328,193.208640530154
"212",226,"Monsoon",2023,16.8042857142857,0.8635037828,6.53174603174603,7.43672712042857,6.17266677377551e-05,-4.8008449253,846.4,3.72034285714286,0.710564285714286,2.10494571428571,2.17861761904762,7,0.906935859397579,0.932813726332714,1.9895342005856,0.0056492477523975,2.20527534932697e-05,0.783783422119348,0.185423333211653,0.542446757039923,0.502412960339708,319.618304350972
"213",227,"Monsoon",2022,17.1757142857143,0.251777068848571,17.447619047619,0.327440455385714,5.52750403230321e-05,4.43659533925714,630.971428571429,4.407,0.701741428571429,3.38192857142857,2.83022333333333,7,0.332521801239137,0.564527768113624,0.277498648799501,0.0102049214402044,1.84586651218491e-05,0.518214797348046,0.154605906426762,0.282773993310059,0.31335884046128,137.288238171141
"214",227,"Monsoon",2023,19.7271428571429,1.15865776987143,6.32063492063492,10.9690883051429,5.98532572833819e-05,-8.03542031357143,1249.18571428571,6.3433,1.51461142857143,4.99651428571429,4.28480857142857,7,0.267694871481855,0.494060097871909,0.932867286425429,0.00377853356007557,1.25512967268001e-05,0.320382272412489,0.114971144359679,0.329901984310038,0.242871506318477,202.773061548609
"215",228,"Monsoon",2022,17.93,0.438284605071429,16.8444444444444,12.0837612451429,5.72406559813411e-05,-10.5550123712857,569.514285714286,5.31185714285714,1.19283714285714,4.58538571428571,3.69669333333333,7,0.190613046073277,0.483079004819233,0.648403931020536,0.0108433341438724,1.37927243837098e-05,0.447209376689084,0.155331704989129,0.352940372293335,0.306215547156094,82.2406353869153
"216",228,"Monsoon",2023,22.4471428571429,1.656158766,6.27936507936508,10.5781329344286,0.000131275841727891,-7.298439288,1478.92857142857,6.69268571428571,1.47678571428571,5.91712857142857,4.69553333333333,7,0.214583919489326,0.503046421389769,0.789238050920748,0.00377853356007557,2.49544966647755e-05,0.152281818050756,0.0418860041892131,0.156616960272181,0.107315040835001,150.799079058521
"217",229,"Monsoon",2022,20.0014285714286,1.02265245945714,16.4111111111111,6.622176455,0.000190166222880466,-4.3718924715,1718.57142857143,10.3193285714286,3.27277142857143,9.10994285714286,7.56734761904762,7,0.213758080564929,0.469501156598193,1.77153376600206,0.0130571033642892,1.8319698902692e-05,0.335172644009795,0.133545550841875,0.274148972238803,0.23422415369115,36.6052670831848
"218",229,"Monsoon",2023,22.66,1.71740631228571,6.08571428571429,9.59800156428572,0.00010433348728863,-6.22834055271429,842.428571428571,5.51418571428571,1.16543428571429,5.15471428571429,3.9447780952381,7,0.308922859842604,0.558727449193026,1.12997113810857,0.00673435029701471,4.38564376940025e-05,0.296155775796142,0.0835391011630437,0.299704266481041,0.221502565989959,171.266913261819
"219",230,"Monsoon",2022,15.9142857142857,0.0450270296495714,18.1555555555556,7.17788595385714,9.4463057696793e-05,-5.69370836557143,744.171428571429,2.52587714285714,0.213858,1.39140571428571,1.37704695238095,7,0.237074000330388,0.21457776255283,1.49350042521958,0.0205737799949455,4.85892733362521e-06,0.53762795637395,0.0490151314459797,0.301414355046158,0.291152782188425,83.2914353176778
"220",230,"Monsoon",2023,20.73,1.43522846071429,5.90952380952381,11.271629258,7.21827832965986e-05,-8.14648717465714,1323.48571428571,6.11968571428571,1.33191428571429,4.77055714285714,4.07405238095238,7,0.588666774524069,1.1076255425168,1.44424883281379,0.00448956686467648,2.5694834098631e-05,0.237374141517614,0.0601536422860005,0.20038086813098,0.15888913173316,143.407370848243
"221",231,"Monsoon",2022,13.5385714285714,0.003997289176,18.2587301587302,14.4851360957143,NA,-13.1531020592857,187.854285714286,0.137626857142857,0.255004571428571,0.293285714285714,0.228639047619048,7,0.0494459094282194,0.00164264051208069,0.984636286077586,0.347568308248849,NA,0.0377931254799629,0.0851810674325321,0.0672500499860725,0.0597889537808942,40.9153518665958
"222",231,"Monsoon",2023,17.9585714285714,0.8565510356,5.81904761904762,12.0641456332857,6.22028148816327e-05,-9.237081728,682.2,3.18681428571429,0.54667,2.47345714285714,2.06898047619048,7,0.319459577675654,0.386247647097882,1.44554246918351,0.00204919753767587,9.2484751176564e-06,0.189595135597348,0.0528777147226099,0.148658323261195,0.123885860981068,136.491667284473
"223",232,"Monsoon",2022,13.3457142857143,0.00408244711742857,21.3396825396825,0.00748694057842857,NA,1.31207887914286,589.714285714286,0.109921642857143,0.730275714285714,0.358428428571429,0.399541928571429,7,0.130636849298189,0.00236490308703767,0.00364972366070702,0.285066873790983,NA,0.0534408668858253,0.16279451596381,0.116751597079289,0.110523879575216,62.6535539544985
"224",232,"Monsoon",2023,17.7114285714286,0.827416319842857,5.74761904761905,9.51559549285714,3.514894483207e-05,-6.66683843057143,851.785714285714,3.2383,0.811372857142857,2.52555714285714,2.19174333333333,7,0.25732533208103,0.363219584253499,0.524038793248191,0.00317460317460316,4.79156875835782e-06,0.297486241378528,0.0840618975946349,0.304887898881464,0.22839680373323,104.031676560032
"225",233,"Monsoon",2022,15.7685714285714,0.0274292731972857,18.6238095238095,11.1178440032857,0.000148267385189504,-9.69116241657143,1188.42857142857,2.153291,0.252360571428571,1.08782314285714,1.16449157142857,7,0.34595229902008,0.125803730555226,0.882344966786073,0.0194619832357137,4.62381371077275e-06,0.70275217875087,0.121876108203383,0.392081904757729,0.404019995908715,97.0036467510021
"226",233,"Monsoon",2023,17.4471428571429,0.7133581212,6.07936507936508,13.0227312214286,7.9771061141691e-05,-10.2928355017143,1322.28571428571,3.33332857142857,1.05935142857143,2.37783,2.25683666666667,7,0.272630172366071,0.365212131304061,0.540629184626927,0.00289800294976277,1.39611407150547e-05,0.37421994787525,0.0874867719097217,0.376848474658424,0.277281777761011,78.8653808671443
"227",234,"Monsoon",2022,18.0842857142857,0.244125542201286,17.7619047619048,10.9100884481429,0.000187014773702624,-9.33709008628571,1251.37142857143,6.60165714285714,1.74661428571429,5.52582857142857,4.6247,7,0.26415054458411,0.569656561117311,1.43028952381066,0.0127972345211087,3.60602438983439e-05,0.556569371818337,0.172842607220408,0.457175016874743,0.389180366435728,117.617276254253
"228",234,"Monsoon",2023,19.86,1.26686887585714,5.95555555555556,9.33787886142857,7.00430372993197e-05,-6.37636859985714,1117.9,5.78704285714286,1.11799857142857,4.83502857142857,3.91335666666667,7,0.239423911762818,0.539335944967498,0.957795548921197,0.00419960525565807,5.35131979392117e-06,0.114280183794756,0.0430072491358293,0.150165178441363,0.0904167538116762,102.026959555749
"229",235,"Monsoon",2022,18.9814285714286,0.914720009742857,17.2079365079365,8.017522219,0.000119227414030612,-6.38793713714286,1452.67142857143,9.49841428571429,3.05887142857143,8.96737142857143,7.17488571428571,7,0.237370802667859,0.319569404853925,0.878631809113834,0.016030960219622,2.75282583707778e-05,0.371028493597492,0.194586250571731,0.350069505149155,0.284012321893171,162.627073705582
"230",235,"Monsoon",2023,16.7628571428571,0.818252539314286,5.95396825396825,13.9590011042857,7.96332924186589e-05,-11.4248669771429,1170.05714285714,5.0182,0.967645714285714,4.03207142857143,3.33930571428571,7,0.293255246254491,0.406247080175,0.899639917250586,0.00289800294976277,1.34759679350989e-05,0.251517242616353,0.0682881962838431,0.253756377085512,0.184498380931962,127.80663753749
"231",236,"Monsoon",2022,16.6957142857143,0.402374619428571,16.7714285714286,17.1253788801429,0.00010896755416035,-15.6031165607286,1130.92857142857,6.6931,2.08934285714286,5.4731,4.75184761904762,7,0.173051838405462,0.370386140145913,2.66557698766557,0.0105289675884299,1.82370725578462e-05,0.32415218721488,0.143295747880194,0.213296750583603,0.215921593139676,135.946349211539
"232",236,"Monsoon",2023,17.1457142857143,0.607127056157143,5.86190476190476,5.624149504,4.34848192478134e-05,-3.00545951371429,358.842857142857,2.30708571428571,0.148288,1.71357142857143,1.38964838095238,7,0.139401051148205,0.162002530794532,0.275855192178775,0.00224478343233824,7.4107790068798e-06,0.126168755902507,0.0332913440437315,0.0599159081915794,0.065289795828159,51.4464162162594
"233",237,"Monsoon",2022,17.3857142857143,0.286920793648571,16.4571428571429,13.1565524228571,7.74135768911565e-05,-11.5863436085714,1139.88571428571,6.80804285714286,2.05524285714286,5.87077142857143,4.91135238095238,7,0.1214173664298,0.608984840850116,1.00625697679547,0.00888510879563318,1.71505539851412e-05,0.385356363739889,0.162047554538699,0.284157665586492,0.259349787483186,127.801534062951
"234",237,"Monsoon",2023,16.9985714285714,0.684458267925714,6.4031746031746,11.3235084144286,4.31006397959184e-05,-8.60475130742857,529.714285714286,2.28768571428571,0.620799571428571,1.94046142857143,1.61631557142857,7,0.954718678513226,1.34664418929454,1.39933613672214,0.276979957822506,NA,0.334149482110264,0.231607134601417,0.344072516529019,0.240018058516886,206.41090367629
"235",238,"Monsoon",2022,16.2814285714286,0.103523153780429,16.3031746031746,5.94387615567143,0.000183319129605442,-4.24848863171429,758.5,0.640553914285714,0.0306558857142857,0.482341285714286,0.384517028571429,7,0.4189978325403,0.689942908525483,1.64186158206501,0.00467288934726299,3.7242999766722e-05,0.526165615207026,0.015414623730907,0.368092896143708,0.302614627274021,170.180360905997
"236",238,"Monsoon",2023,21.0428571428571,1.22783912314286,7.68253968253968,11.9178257228571,0.000152241482244898,-9.07023057871429,1173.57142857143,8.61915714285714,1.99338571428571,7.51041428571429,6.04098571428571,7,0.161727493991978,0.358259989296807,0.400451546753768,0.0110732537229927,2.22601343674773e-05,0.148550585992245,0.0744273069081869,0.194243418015069,0.138065651291389,76.221124787985
"237",239,"Monsoon",2022,17.5742857142857,0.336057007512857,16.1333333333333,5.82838089585714,0.000121935238393003,-3.4845491671,754.114285714286,6.21497142857143,1.6122,5.69711428571429,4.50809523809524,7,0.200141106684844,0.891821749356202,1.71867668837679,0.0118782774183296,2.99572733014712e-05,0.552067237413932,0.147491165191424,0.435813865591926,0.372255608933518,98.5841468675641
"238",239,"Monsoon",2023,20.3442857142857,1.22824526088571,7.34920634920635,9.44853595442857,8.45380496e-05,-6.66522660414286,930.971428571429,6.96845714285714,1.63337857142857,6.33897142857143,4.98026904761905,7,1.21842180737225,2.13549865553025,0.549066953027214,0.00409839507535175,7.20197781889842e-06,1.09706682021981,0.247714305029658,0.964506631766256,0.766055069938288,263.053496020691
"239",240,"Monsoon",2022,16.6271428571429,0.139724672951286,15.8428571428571,3.33506298067143,0.000103125203014577,0.294438144285715,571.7,3.90802857142857,0.896505714285714,3.4562,2.7535780952381,7,0.299783368496671,0.655483512538507,1.75476905820633,0.00782997279732735,1.29949339938049e-05,0.611006560137133,0.172622088056639,0.48509030381687,0.40995491387143,167.475084145445
"240",240,"Monsoon",2023,21.7385714285714,1.53677782128571,7.13809523809524,10.2730411511429,4.74462401667638e-05,-7.43106662785714,536.442857142857,6.82987142857143,1.43522857142857,7.04294285714286,5.10268095238095,7,0.304673350229613,0.463536473099838,0.270101606339699,0.0110732537229927,1.51320653164774e-05,0.201822366161417,0.091151926328901,0.243772424958337,0.162978753582869,105.988076277123
"241",241,"Monsoon",2022,20.3328571428571,1.03790484045714,15.4746031746032,6.71660770345714,0.00019932295244898,-4.93972798264286,1624.42857142857,10.8675714285714,3.87868571428571,9.90837142857143,8.21820952380952,7,0.401940023278256,1.10086114797783,1.72358389275139,0.0146914744729257,2.02904025970726e-05,0.760375968945403,0.300300623525486,0.628350580304266,0.542944505077037,63.7894069213231
"242",241,"Monsoon",2023,23.7471428571429,1.795181295,6.82222222222222,7.739740698,0.000127040483467638,-4.86927115167857,1535.14285714286,7.95517142857143,1.78235714285714,7.96057142857143,5.89936666666667,7,0.339128535020729,0.911010294555237,1.28169170864244,0.00727392967453305,2.36859054253e-05,0.141621083502835,0.0764668924846466,0.11518449530724,0.0848038430670557,89.2501643513035
"243",242,"Monsoon",2022,NA,NA,14.9301587301587,4.28666603084286,9.74979566297376e-05,-2.45961891254286,NA,10.9784714285714,4.41837142857143,10.0484142857143,8.48175238095238,7,NA,NA,1.11969978561577,0.0163935803014073,1.02457369298966e-05,0.435296262941243,0.0607751465269657,0.148361433553287,0.183535572703135,NA
"244",242,"Monsoon",2023,23.1457142857143,1.75825872971429,6.60793650793651,6.54761384385714,0.000111731276990671,-3.7807863314,1430.44285714286,7.50518571428571,1.7055,7.1822,5.46429523809524,7,0.244080950104841,0.472021730668507,0.715588090555979,0.00317460317460316,1.85849340733285e-05,0.236498610112267,0.0450894877411787,0.186651321222984,0.152522707031582,138.05853116418
"245",243,"Monsoon",2022,NA,NA,14.415873015873,13.2745244165714,5.53617549411079e-05,-11.6710085642857,NA,9.2758,3.16351428571429,8.17961428571429,6.87297619047619,7,NA,NA,0.909971334074564,0.0108045385484984,4.90822477696369e-06,0.326905218533999,0.124054497295825,0.202328576976226,0.200941254374881,NA
"246",243,"Monsoon",2023,21.4757142857143,1.34352793571429,7.38095238095238,2.37487993928571,0.000146346733193878,1.64994004051143,1147.2,8.19688571428571,1.35671714285714,7.56725714285714,5.70695333333333,7,0.299705070447099,0.392444109424993,0.812889050068513,0.011298495504795,3.19055984593374e-05,0.391439793721644,0.094003562792519,0.269833704394412,0.246833858627781,212.753306728261
"247",244,"Monsoon",2022,NA,NA,14.0365079365079,20.6521597642857,8.37303074110787e-05,-19.00169777,NA,9.85514285714286,3.15395714285714,8.17544285714286,7.06151428571429,7,NA,NA,1.8123019437261,0.00864557388273446,7.55650923756771e-06,0.763164802103758,0.254647333961849,0.471740750966512,0.484355035501565,NA
"248",244,"Monsoon",2023,13.6257142857143,0.211317462793429,11.0301587301587,11.4045393151429,6.72687998653061e-05,-9.45252076270143,597.535714285714,2.30586428571429,0.3927893,1.90309428571429,1.53391595714286,7,0.684435315190758,1.10075579399887,3.03537205312198,0.184188550188822,1.57171923080094e-05,0.754814188840876,0.141481865758022,0.598750598332963,0.49508060419886,208.521157061284
"249",245,"Monsoon",2022,NA,NA,13.6539682539683,15.21152884,0.000134562244204082,-13.4054042197143,NA,11.3247,4.38304285714286,10.8908714285714,8.86620476190476,7,NA,NA,0.774170823405755,0.0161614014278322,1.68995602059761e-05,0.67969654608649,0.204801117064874,0.383826811586315,0.285914848983463,NA
"250",245,"Monsoon",2023,16.3314285714286,0.359867852629571,11.4984126984127,14.1541408491429,7.18582175766764e-05,-11.9475545614286,1130.35714285714,3.42028285714286,0.398357428571429,2.31100571428571,2.04321533333333,7,0.496230690263293,1.21789245806794,1.56841330164985,0.00920999745266093,1.28143409885907e-05,1.1137368970951,0.202647453598826,0.791149408325986,0.700454832752017,157.116301868791
"251",246,"Monsoon",2022,NA,NA,13.2888888888889,8.24809692028571,9.43931488707483e-06,-6.65660184742857,NA,2.13544428571429,0.673432857142857,1.30621085714286,1.371696,7,NA,NA,1.35888053318096,0.00593913870916497,1.33269950373205e-05,1.13049550516757,0.233399069046928,0.757601815774475,0.704749958926478,NA
"252",246,"Monsoon",2023,18.7885714285714,0.972327844357143,11.0428571428571,16.4216147614286,8.11681803235568e-05,-13.8366440942857,1526.57142857143,9.35907142857143,2.49231428571429,6.92524285714286,6.25887619047619,7,0.274273313211723,0.885365981036914,0.584005673713439,0.0138073950801057,1.70498879860462e-05,0.738874344531466,0.251985651923895,0.590524587148758,0.526064936931251,72.9803812981391
"253",247,"Monsoon",2022,NA,NA,12.9968253968254,16.63910289,8.98994566827988e-05,-14.9395466271429,NA,10.4642,4.03888571428571,9.01652857142857,7.83987142857143,7,NA,NA,1.15830345687484,0.011298495504795,1.05453366053864e-05,0.841611458538236,0.343783005638712,0.630493222166011,0.596058463647793,NA
"254",247,"Monsoon",2023,17.3028571428571,1.0362393591,10.4888888888889,13.6967265914286,7.11024213411079e-05,-11.1766456625714,1659.14285714286,10.1143285714286,2.61042857142857,7.38894285714286,6.70456666666667,7,0.264923297845804,0.565782338917181,1.15610132097226,0.0153347902076078,6.12403335566729e-06,0.43508830232072,0.151044871469636,0.454889590401652,0.343061994181594,23.6466332763487
"255",248,"Monsoon",2022,NA,NA,12.4761904761905,14.7340741642857,0.000140289497784257,-12.9139666884286,NA,11.7922857142857,4.5441,10.9925714285714,9.10965238095238,7,NA,NA,1.15399583316718,0.0126984126984127,1.50469430173914e-05,0.35499857238383,0.136414750982855,0.253384975044361,0.199735319550748,NA
"256",248,"Monsoon",2023,18.37,1.54281230714286,9.95079365079365,12.5701476774286,9.1345928122449e-05,-9.91212432071429,1680.71428571429,11.1528571428571,3.27215714285714,9.49371428571429,7.97290952380952,7,0.415199321038072,0.732642473590285,0.999480689160216,0.0167734047451294,1.0018899352063e-05,0.183310357249202,0.0617575669438971,0.273772605005871,0.162842384228692,23.7403757800265
"257",249,"Monsoon",2022,NA,NA,12.0015873015873,13.2780617977143,0.000114032672233236,-11.4048549792857,NA,11.3367142857143,4.73032857142857,10.8427142857143,8.96991904761905,7,NA,NA,0.92830469358042,0.0117360174670999,1.13471119826224e-05,0.301663302871462,0.0959973901289229,0.128013339015848,0.117533733727258,NA
"258",249,"Monsoon",2023,21.3328571428571,1.96189545057143,9.45238095238095,10.8891979154286,7.52386498075802e-05,-7.88375990028571,1716.14285714286,11.0625714285714,3.5121,10.7984285714286,8.4577,7,0.229250479417002,0.146835571807747,0.46204658378675,0.0152799249504694,6.25129743948844e-06,0.0918994940508526,0.045811508223527,0.14511454542022,0.0503791802130783,24.41742992933
"259",250,"Monsoon",2022,NA,NA,11.547619047619,15.8028122685714,9.78035312244898e-05,-13.8901961457143,NA,11.1575142857143,4.81134285714286,11.5104285714286,9.1597619047619,7,NA,NA,0.404636017903817,0.0104890093130153,2.9760011847586e-06,0.943437331158318,0.105042947808759,0.116976566058347,0.32011876652074,NA
"260",250,"Monsoon",2023,22.7671428571429,2.07719820128571,8.86349206349206,9.89794946714286,0.000112157955154519,-6.76053500957143,1486.42857142857,11.4128571428571,3.51638571428571,11.7591428571429,8.89612857142857,7,0.255731576962608,0.385324528355286,0.413939148533056,0.00864557388273454,2.64408225227441e-05,0.128800404571131,0.0879827835663411,0.15313943670665,0.0953921500848367,141.35043536626
"261",251,"Monsoon",2022,18.8942857142857,1.32025916414286,11.1555555555556,16.09736157,9.85515902653061e-05,-14.2145904871429,1478,12.154,4.80957142857143,11.024,9.32919047619048,7,0.146219944292301,0.184705444287777,1.40357069229158,0.0137158533299637,1.1829173064312e-05,0.164699148521811,0.109256931161381,0.20524433754732,0.136621890015633,120.395182627878
"262",251,"Monsoon",2023,23.5871428571429,2.17949314628571,8.5015873015873,9.14660527471429,0.000115062239895044,-5.996793254,1754.42857142857,11.6112142857143,3.44555714285714,12.012,9.02292380952381,7,0.386866005384873,0.756713084831073,1.03219934237844,0.0081967901507035,1.51626816685357e-05,0.541966281866568,0.0895791585485067,0.218267310991864,0.22612831805917,96.974679351747
"263",252,"Monsoon",2022,16.9842857142857,0.768332543371429,10.7761904761905,16.1413850142857,8.32921884088435e-05,-14.3663093314286,1349.42857142857,8.34414285714286,3.10355714285714,7.63782857142857,6.36184285714286,7,0.401703854094727,0.454015110672895,0.244289793926145,0.00782997279732735,1.57126964349039e-05,0.536042777191888,0.280112112637527,0.470148580726544,0.406560902699621,122.264712259693
"264",252,"Monsoon",2023,23.6128571428571,2.163404555,8.14603174603175,15.8431089885714,0.000133781843539359,-12.5677199051429,1126.71428571429,11.1391428571429,3.32901428571429,11.4097142857143,8.62595714285714,7,0.198394919838405,0.43101384728017,1.35131128622064,0.0135928387075821,1.80308343896638e-05,0.142085726733886,0.0769423421375087,0.116466163957343,0.0887626746935065,92.0004436546534
"265",253,"Monsoon",2022,16.6671428571429,0.4947820355,10.6190476190476,16.6943563385714,0.000144685227125364,-14.9287075,1446.28571428571,6.68154285714286,2.03512714285714,5.76695714285714,4.82787571428571,7,0.339360142212442,0.666537245304504,1.02076284759467,0.00399462139432347,3.34000282504776e-05,0.764555316400805,0.3119275927482,0.538917572925734,0.53115151566177,109.097753083605
"266",253,"Monsoon",2023,24.0628571428571,2.36071603185714,7.8,11.4752723474286,6.80014796857143e-05,-8.17031933585714,1261.3,10.9850714285714,3.27497142857143,11.4301,8.56338095238095,7,0.525627580841699,0.920079631139551,0.717917502129605,0.00685792666498184,9.12450809175775e-06,0.520454213124636,0.162154652392452,0.427086698569785,0.360241206881304,234.055377045283
"267",254,"Post-monsoon",2022,18.4,0.874378277728571,10.3920634920635,10.7508610648571,5.70364421904762e-05,-8.86391916442857,1516.71428571429,10.1361714285714,3.4252,9.0415,7.53429047619048,7,0.233992266864486,0.262093707291254,0.785278490660472,0.0115557299829849,5.19867115211774e-06,0.411008828380611,0.153917225744724,0.240440270773271,0.25245884810179,80.3906279439618
"268",254,"Post-monsoon",2023,20.4485714285714,1.37453999914286,7.5015873015873,15.5736952771429,6.83206906927114e-05,-12.7098437098571,1737.14285714286,10.8904285714286,2.92185714285714,10.6018571428571,8.13804761904762,7,0.155845292203649,0.299818421275605,1.06327432134754,0.00377853356007557,8.32577675367844e-06,0.230140418538113,0.137679441106511,0.178160364970042,0.171030329291079,84.6104318040514
"269",255,"Post-monsoon",2022,17.4128571428571,0.688256352228571,10.1603174603175,14.72132166,6.05443364472303e-05,-12.8506786335714,1103.62857142857,8.2657,2.46751428571429,7.73715714285714,6.15679047619048,7,0.131741346254413,0.432414333195852,0.854818658432739,0.00679641935379105,9.69979694488377e-06,0.411664486595346,0.168283832554764,0.366014030343323,0.304041980594323,127.203342488065
"270",255,"Post-monsoon",2023,13.8842857142857,0.441228287557143,8.22857142857143,9.75991640257143,9.16097453819242e-05,-7.47415202828571,833.628571428571,2.54145714285714,0.65356,3.50047142857143,2.23182952380952,7,0.357962868138563,0.240574496409576,1.97918916654706,0.00476190476190507,9.20522855402699e-06,0.358966247157918,0.0607440118937857,0.269530640288673,0.225859467599788,133.80844288667
"271",256,"Post-monsoon",2022,15.2328571428571,0.598838530071429,10.0126984126984,14.67995717,9.0949869341691e-05,-12.9558226102857,1527.57142857143,6.85341428571429,2.23819857142857,6.1677,5.08643761904762,7,0.329369630873122,0.89157305227833,1.0004004089149,0.0056492477523975,2.09819462768723e-05,1.18822948629835,0.425987195763466,0.961536615700792,0.853045698960918,125.69934976209
"272",256,"Post-monsoon",2023,14.1357142857143,0.198480557372857,8.15555555555556,13.5251517308571,3.87333902361516e-05,-11.2535710877143,511.342857142857,1.84358,0.183708142857143,1.96946,1.33224938095238,7,0.258547749507727,0.715036735322149,1.95055168400827,0,7.36072620428336e-06,0.532250306506432,0.0795027240810409,0.490060684293768,0.365538267250082,92.615340848826
"273",257,"Post-monsoon",2022,15.3528571428571,0.847956930342857,9.9015873015873,17.5365740614286,0.000122628588087464,-15.7980015371429,1642.85714285714,8.60954285714286,3.26884285714286,8.95784285714286,6.94540952380952,7,0.467545334118289,0.951864993190112,1.27295005298723,0.00888510879563312,1.36579998138449e-05,0.837376826722577,0.472494188352842,1.02872314611879,0.764235755465532,95.7430660354971
"274",257,"Post-monsoon",2023,17.47,0.995162149528571,7.98253968253968,17.9716805871429,0.00014008193670309,-15.4647088971429,1765.14285714286,10.4166571428571,2.7957,9.24305714285714,7.48513809523809,7,0.252822165996274,0.447703091364106,0.89484651350227,0.00679641935379105,4.37032408414778e-05,0.472594267672318,0.148740059291689,0.316315177252917,0.298120376634128,26.2963229109976
"275",258,"Post-monsoon",2022,16.7171428571429,1.15505330977143,9.65555555555556,14.1288482771429,8.14269412349854e-05,-12.2839362257143,1679.85714285714,10.9368571428571,3.99142857142857,11.0319571428571,8.65341428571429,7,0.262458289527111,0.800649295585199,0.562214081636014,0.0048492864496887,2.28199807322162e-05,0.374767193040682,0.28414145346681,0.464787835805677,0.27325817925933,24.4018232841695
"276",258,"Post-monsoon",2023,18.0528571428571,1.38823400557143,7.68412698412698,15.4458049628571,0.000110052712483965,-12.86405457,1659.57142857143,10.7880857142857,2.87317142857143,10.1502142857143,7.93715714285714,7,0.231122666726633,0.612045473212675,0.941283211682492,0.00224478343233824,1.44326602797118e-05,0.242776847790577,0.0948671745986278,0.185220484350758,0.145775373101468,22.4275098323223
"277",259,"Post-monsoon",2022,16.8585714285714,1.35375318985714,9.27301587301587,7.77267529157143,6.3763846012828e-05,-5.86070124514286,1678.42857142857,10.9521285714286,4.13984285714286,11.4295714285714,8.84051428571428,7,0.251523250571853,0.129568738844697,0.47715811770475,0.00761243098938554,7.49187095039229e-06,0.571230295779493,0.0665521058202943,0.10872285805637,0.192386662967264,23.5926311567396
"278",259,"Post-monsoon",2023,19.7457142857143,1.69719277914286,7.46190476190476,12.4375524584286,8.0154200851312e-05,-9.69536907857143,1646,10.9868142857143,2.74532857142857,10.8931428571429,8.20842857142857,7,0.244197979232475,0.482816585837933,0.70468003150111,0.0063492063492065,1.10009292063425e-05,0.240404284912066,0.0751943789511579,0.133783305345307,0.0958559472086544,24.73285842183
"279",260,"Post-monsoon",2022,17.9414285714286,1.57490466242857,8.9952380952381,9.10275863685714,5.30968866991254e-05,-7.09564254557143,1687.71428571429,11.4962857142857,4.23537142857143,12.0955714285714,9.27574285714286,7,0.298403917466215,0.165681578694163,0.573899247266043,0.00476190476190474,5.08762176521292e-06,0.297118439930844,0.110547545716518,0.0882369259552985,0.0978561858370535,23.2785557211478
"280",260,"Post-monsoon",2023,19.7071428571429,1.71679379314286,7.2047619047619,10.7436725238571,5.67376447236152e-05,-7.98982252657143,1660.85714285714,10.3934285714286,2.65851428571429,10.4629428571429,7.83829523809524,7,0.169209848380984,0.160247120018691,0.457533938212649,0.00586800873354993,4.54355765124655e-06,0.241132014538456,0.0732466395412215,0.153701359874306,0.1053517020925,25.8230504002294
"281",261,"Post-monsoon",2022,19.0414285714286,1.43791144457143,8.77460317460317,13.3875531542857,7.46099001749271e-05,-11.3102045757143,1700.85714285714,10.3847142857143,4.0103,11.8084285714286,8.73448095238095,7,0.36834526098827,0.624057163871597,0.595417176876063,0.00317460317460329,6.19005933369141e-06,0.65415858548672,0.176997644590193,0.219970004139402,0.286308620425595,21.9115413939436
"282",261,"Post-monsoon",2023,17.8785714285714,1.41288887328571,6.98730158730159,12.3116205157143,5.93059825422741e-05,-9.700935451,1716.42857142857,9.43267142857143,2.63132857142857,9.4411,7.16836666666667,7,0.220523495902133,0.345209705603809,0.328360608150142,0.00377853356007557,6.80181663273299e-06,0.190087558414394,0.087971523299103,0.133555872025085,0.116197610371662,22.8929778616533
"283",262,"Post-monsoon",2022,19.1585714285714,1.10762195462857,8.55396825396825,9.12586074371429,5.63102319142857e-05,-7.00973436357143,1189.51428571429,9.62641428571428,3.29318571428571,10.1550714285714,7.69155714285714,7,0.174115842273506,0.356410691199404,0.981892521273965,0.00614759261302762,9.29202828970059e-06,0.375744384635398,0.131108394683417,0.28162526326941,0.190493471775585,157.644348710228
"284",262,"Post-monsoon",2023,17.9314285714286,1.78935823928571,6.74761904761905,13.6272115857143,7.09164849527697e-05,-11.0776463837143,1740.42857142857,9.8147,2.07468571428571,9.38284285714286,7.09074285714286,7,0.423862222512775,0.478291926482983,0.627733454372196,0.00579600589952555,8.16319043474013e-06,0.270159765782433,0.0532118382307091,0.151946505087031,0.116160851967676,22.7291056774779
"285",263,"Post-monsoon",2022,17.7385714285714,0.788712984185714,8.38571428571429,17.2548639257143,8.82904293119533e-05,-15.2218154357143,1193.9,8.85635714285714,2.75925714285714,8.48104285714286,6.69888571428571,7,0.191937844247615,0.241686129512441,1.05837827462843,0.00317460317460316,1.0799493386608e-05,0.319435881379855,0.134854769954911,0.206479159397035,0.208056295400868,117.359644641913
"286",263,"Post-monsoon",2023,14.3728571428571,1.0080018456,6.53809523809524,7.00115121828571,4.06461831004082e-05,-4.71445086402857,854.571428571429,6.64225714285714,1.86282571428571,7.47185714285714,5.32564666666667,7,0.77595322111616,1.06210294374498,1.4622109279215,0.00224478343233824,4.84950438828787e-06,1.02431526347096,0.287942237418889,0.895580962508786,0.73479860903458,263.616844712789
"287",264,"Post-monsoon",2022,15.0014285714286,0.139345785481857,13.4285714285714,11.0582617105714,5.7166956744898e-05,-9.18920481271429,890.714285714286,1.10570121428571,0.132776157142857,0.806631428571429,0.681702933333333,7,0.567720708377886,0.713955237265582,1.77626057503344,0.00965517861952095,5.74991062235113e-06,0.68805168605302,0.0968191510966608,0.436086328786425,0.396252460868505,149.657194676258
"288",264,"Post-monsoon",2023,14.9814285714286,0.876259210271429,6.37301587301587,10.651212832,6.2877476922449e-05,-8.35284161271429,1669.14285714286,6.91124285714286,1.83135714285714,6.51798571428571,5.0868619047619,7,0.343812161973785,0.48010618497431,0.856580128418745,0.00409839507535175,1.31026797561727e-05,0.508061873274142,0.130023666082358,0.338151905445559,0.324119472341169,30.0613884381599
"289",265,"Post-monsoon",2022,18.4671428571429,0.9823217821,14.2793650793651,14.0220785928571,0.000112920059662391,-11.9032264967143,1653.85714285714,10.1556571428571,3.37511428571429,10.0226428571429,7.8511380952381,7,0.371366295145464,0.497312345611416,0.686210829578462,0.0240551702045911,1.97182568431781e-05,0.465883366692292,0.215015710864037,0.33984089124257,0.278780004333751,24.4710018587877
"290",265,"Post-monsoon",2023,18.7357142857143,1.72688037942857,6.23492063492063,17.1582056871429,7.44473664944606e-05,-14.5179354728571,1652,8.8729,1.74372857142857,8.3812,6.33260952380952,7,0.445975961037284,0.400429948891996,1.01028150288579,0.00510246072010207,1.49646006730849e-05,0.157162940924379,0.0279082144784318,0.183251323648828,0.0877759532805018,46.5326306400757
"291",266,"Post-monsoon",2022,18.7871428571429,0.888953989257143,13.4920634920635,19.4679105657143,0.000124030978239067,-17.3113674214286,1564.85714285714,10.3047714285714,3.63438571428571,8.74344285714286,7.56086666666667,7,0.188713871164968,0.328961849448084,1.60463996981952,0.0169229477161052,2.7862348107508e-05,0.528176667194517,0.215461077502103,0.2888520900599,0.330501390306772,51.4167975940736
"292",266,"Post-monsoon",2023,18.6128571428571,1.50285686114286,6.13333333333333,13.5060903642857,3.82806547854227e-05,-10.9091465351429,1658.42857142857,7.99444285714286,1.50555714285714,7.91444285714286,5.80481428571429,7,0.291406395047929,0.552099195763136,0.917619623221731,1.37048905523766e-16,8.03606672479633e-06,0.270348384459001,0.0565383850104673,0.193744118014731,0.140989791528297,24.9063552253686
"293",267,"Post-monsoon",2022,16.53,0.687091253471429,12.9365079365079,5.53069728784286,4.08269879696599e-05,-3.48305372595714,514.628571428571,6.2282,1.47445285714286,6.0006,4.56775095238095,7,0.446979279374868,0.872446736007605,1.30439082802637,0.0132169269807373,1.23519743034383e-05,1.23560162866593,0.403364004819907,0.988146413385038,0.869984150068694,179.925003839941
"294",267,"Post-monsoon",2023,19.26,1.60143132314286,6.01746031746032,10.8581144114286,0.000129201937961633,-8.22317194985714,1692,7.17694285714286,0.97139,7.21658571428571,5.12163952380952,7,0.391796837537979,0.754482330685101,0.166180177026746,0.00224478343233824,3.36442753642754e-05,0.336607949045391,0.0349095528609632,0.205116292715657,0.153441737967514,22.3084438423362
"295",268,"Post-monsoon",2022,18.1442857142857,1.43333314957143,12.3079365079365,8.19368880385714,9.48694259358601e-05,-6.04010100114286,1048.82857142857,11.1765571428571,3.97474285714286,11.2875714285714,8.81295714285714,7,0.24219096305402,0.41764826892824,1.09167575004706,0.0174362508500359,1.10638059140313e-05,0.414096280417709,0.13357816840648,0.381450293656477,0.250696461809334,154.426173938484
"296",268,"Post-monsoon",2023,21.69,2.07446306671429,5.95555555555556,11.158500963,8.93654369446064e-05,-8.30246190871429,1697,6.34845714285714,0.834987142857143,6.8587,4.68071476190476,7,0.413947316638701,0.775561416014541,0.371621690130823,0,7.06186123886384e-06,0.176936158593113,0.0158097412277075,0.1872333290945,0.0895198893978763,22.9087215664586
"297",269,"Post-monsoon",2022,17.9571428571429,1.00781766658571,11.7571428571429,12.281293282,7.12157853265306e-05,-10.148840269,1576.14285714286,11.1771428571429,3.93394285714286,9.84992857142857,8.3203380952381,7,0.25184759455741,0.134959002370988,0.722425605010571,0.0157934513826449,3.32753151207069e-06,0.29982252119827,0.131499559762332,0.171608607446305,0.141700857018645,28.8232946230158
"298",269,"Post-monsoon",2023,22.26,2.07996878028571,5.86507936507936,12.8521049497143,5.68797881381924e-05,-9.91840127414286,1701.28571428571,4.82624285714286,0.77427,5.83634285714286,3.81228523809524,7,0.214265078371451,0.383378192381772,0.893693480930725,0.00289800294976277,6.96215050229148e-06,0.174953630397073,0.0382028623958742,0.157886956029793,0.0636069975055453,22.6733683570188
"299",270,"Post-monsoon",2022,16.3114285714286,0.8955482869,11.3507936507937,11.6254070544286,6.4812217315102e-05,-9.61928529,1597.85714285714,10.5281428571429,3.3893,9.31787142857143,7.74510476190476,7,0.281098428545256,0.330127009254997,0.916993614946838,0.00965517861952095,7.66701060319819e-06,0.513235574731593,0.164199901397801,0.237019255511009,0.273643360996361,24.0242224703761
"300",270,"Post-monsoon",2023,21.0257142857143,1.998914156,5.81269841269841,9.88174159914286,4.69171263854227e-05,-7.07066719328571,1696.42857142857,4.59482857142857,0.705698571428571,5.00318571428571,3.43457095238095,7,0.0926554586282184,0.145994980892085,0.405690792134433,0.00158730158730158,9.83259856436401e-06,0.124679699562492,0.0254844310481976,0.160590602566442,0.077137426465715,22.9791387202943
"301",271,"Post-monsoon",2022,16.23,0.847286185928571,10.9015873015873,12.5851810524286,6.16533473142857e-05,-10.5486457424286,1378,10.0845285714286,3.06588571428571,9.2565,7.46897142857143,7,0.203995798276057,0.275776374761053,0.871813571095585,0.0126984126984127,7.41215875750093e-06,0.347323336878097,0.189177069269547,0.375776378537378,0.281986171977806,86.5090141188161
"302",271,"Post-monsoon",2023,17.4714285714286,1.32230415671429,5.72380952380952,10.943743776,3.46157301364431e-05,-8.45454454128571,1426.42857142857,3.16018571428571,0.815201428571429,3.44435714285714,2.4732480952381,7,0.428449188916251,0.512242604251922,0.554168728177106,0.00377853356007557,5.08295304889728e-06,0.307379723615264,0.0205255600733946,0.228570665177297,0.170180833669957,103.674595580149
"303",272,"Post-monsoon",2022,12.2857142857143,0.597536030457143,10.5063492063492,6.17848601471429,2.37091353583673e-05,-4.35721475885714,467.4,5.84042857142857,1.80258571428571,5.79907142857143,4.48069523809524,7,0.298056060106126,0.148723110043193,1.54200674008703,0.00934577869452679,4.49708945989345e-06,0.344746645216099,0.137519180356728,0.265817455009552,0.23699604872787,94.8988584406226
"304",272,"Post-monsoon",2023,17.6314285714286,1.56015275285714,5.65238095238095,8.96309446228571,4.48780873119534e-05,-6.48409424828571,1685.71428571429,3.8,0.665057142857143,3.06268571428571,2.50924761904762,7,0.303271280189462,0.353944269642895,0.374138962237455,0.00317460317460316,4.51436656487692e-06,0.194999981684981,0.0152952475834638,0.217019316046786,0.138744431158972,23.0772143710902
"305",273,"Post-monsoon",2022,14.7828571428571,0.758990902128571,10.1777777777778,12.0400497938743,5.72448179571429e-05,-10.0531640444286,850.671428571429,7.76492857142857,2.56218571428571,7.74774285714286,6.02495238095238,7,0.411221839595788,0.471669632442661,2.85146771428639,0.00907218423253026,1.5304750755345e-05,0.937766304453678,0.327230055544567,0.74419760300133,0.662105943658084,225.258233520348
"306",273,"Post-monsoon",2023,16.76,1.47509388785714,5.58888888888889,9.20704193657143,3.61548936093294e-05,-6.872389201,1672.28571428571,3.5138,0.679421428571429,2.5011,2.23144047619048,7,0.320884195102636,0.56707317016768,0.441960850942155,0,3.76923648792032e-06,0.247595143809597,0.0280003438268491,0.235143715933165,0.168099920876363,22.1281056854058
"307",274,"Post-monsoon",2022,14.8614285714286,0.737359161185714,9.92222222222222,12.0509719095714,5.72582593043732e-05,-10.0667093804286,1339.57142857143,9.16018571428571,2.75994285714286,8.19808571428571,6.70607142857143,7,0.267256151173619,0.376816533962565,1.2118956557035,0.0096985728993774,8.90653552758384e-06,0.471210722970283,0.213596085055463,0.345020428262396,0.32706499681115,99.3138021249665
"308",274,"Post-monsoon",2023,13.1614285714286,0.931876002585714,5.52222222222222,8.79098425614286,2.40497412802332e-05,-7.00380856914286,1664.28571428571,1.50108,0.454988571428571,1.10071,1.01892619047619,7,0.334168681182114,0.27851983659722,0.213509688199591,0.00419960525565807,4.50453089706403e-06,0.266460297417833,0.0455434212189481,0.214801646553058,0.173038133405316,24.4216085871999
"309",275,"Post-monsoon",2022,14.7628571428571,0.812196989457143,9.65555555555556,8.00025076728571,3.30595019090379e-05,-5.99860682228571,1287.75714285714,9.43201428571428,2.8799,8.69098571428571,7.00096666666667,7,0.138215054753613,0.182573531208756,0.642365943886098,0.00999706012047168,5.68382233182914e-06,0.32149615448235,0.135525002086243,0.361425743824813,0.238169920779307,184.604328300316
"310",275,"Post-monsoon",2023,10.63,0.699260810228571,5.46825396825397,8.85254491171429,2.94275848595918e-05,-7.47775119757143,1662.14285714286,0.994495714285714,0.415962857142857,0.992214285714286,0.800890952380952,7,0.135101372873783,0.267642185669224,0.550506292933803,0.00289800294976277,8.68351404620997e-06,0.214953292289247,0.0513979669189489,0.196154227948767,0.152391837721322,22.9662574136893
"311",276,"Post-monsoon",2022,12.66,0.409983050371429,9.4015873015873,6.31803448758571,7.10374775020408e-05,-4.35115816536429,461.071428571429,2.73573571428571,0.328799,2.53387,1.8661349047619,7,0.547052709221577,0.739242502176734,1.80452195260234,0.00377853356007557,3.0016255645437e-05,0.917332040725809,0.141688106698346,0.661531454922879,0.569058519881514,143.674643543246
"312",276,"Post-monsoon",2023,13.5285714285714,1.36567026471429,5.43333333333333,14.31177973,6.31229590787172e-05,-12.8419881714286,1648,2.89407142857143,0.218611428571429,2.49155714285714,1.86808,7,0.372273763649872,0.498752952142065,0.715402738313102,0.00342896333249092,1.84327060403683e-05,0.338906671177638,0.0352926760531586,0.273184455265375,0.206614389349443,22.2582248040712
"313",277,"Post-monsoon",2022,10.3542857142857,0.452376562471429,9.28730158730159,9.45883707385714,7.74118372099125e-05,-7.71075664887143,685.457142857143,3.1594,0.588497714285714,2.50764571428571,2.08518114285714,7,0.688700837474019,0.421911184115021,1.66529697198197,0.00782997279732735,4.05335549716772e-05,0.789324984371064,0.212905813820473,0.602590855425285,0.528421813982169,205.297497093669
"314",277,"Post-monsoon",2023,16.3857142857143,1.34873082185714,5.40952380952381,10.3803071292857,6.79640559708455e-05,-8.65449409228571,1637.85714285714,4.75905714285714,1.26,2.56747142857143,2.86217619047619,7,0.400588003189461,0.519809073512155,0.446200699193188,0.00703922470669329,5.23574072586177e-06,0.321197953988282,0.0174812688871478,0.266930087792117,0.199601659623775,22.5794138979024
"315",278,"Post-monsoon",2022,12.1614285714286,0.507755363557143,9.08730158730159,11.1572098285714,0.000108975342316618,-9.26741001268571,769.642857142857,5.35105714285714,1.17691714285714,4.54728571428571,3.69175333333333,7,0.454796807436488,0.566239070447795,2.14146793063814,0.00614759261302762,2.90405321491286e-05,1.11461349544032,0.323779412142296,0.886260182809006,0.770009706118651,97.0189717753891
"316",278,"Post-monsoon",2023,19.0771428571429,1.86484763,5.38412698412698,7.16982517057143,7.00844290886297e-05,-5.10200039885714,1618,2.39125714285714,0.104075142857143,1.90305714285714,1.46612980952381,7,0.299640374017749,0.42022660829466,0.457624057336793,0.00534365340654093,7.83255199008346e-06,0.20789995402682,0.0103519117452919,0.195242549833037,0.131224295939769,29.8663690461362
"317",279,"Post-monsoon",2022,12.12,0.555669607185714,8.93809523809524,11.37134038,7.65728059358601e-05,-9.50590608228571,882.742857142857,6.75117142857143,1.72177714285714,6.13514285714286,4.86936380952381,7,0.42989478225436,0.456676268922695,1.35223901567376,0.00534365340654076,2.35092439902051e-05,1.08615216063608,0.321163569167713,0.634890666574491,0.668055970677135,226.355291582085
"318",279,"Post-monsoon",2023,19.2971428571429,1.75514539114286,5.37142857142857,9.18233677228571,5.55001246179592e-05,-6.91632556828571,1224.54285714286,1.28467142857143,0.065185,1.55239857142857,0.967418333333333,7,0.227090440193353,0.318085852029597,0.699574382867616,0.00224478343233824,1.24947631831442e-05,0.12947409690246,0.00944008205170152,0.141577071059052,0.0890423660979876,90.9519990019405
"319",280,"Post-monsoon",2022,13.22,0.562456064814286,8.96825396825397,13.23387437,0.000126209531825073,-11.3060972855714,1451,7.64828571428571,2.10534285714286,6.36621428571429,5.37328095238095,7,0.116169006603474,0.306154181128094,0.607575727457462,0.00289800294976277,2.30881569319701e-05,0.339720116894966,0.0619906746333398,0.171375925447915,0.130020956564242,57.3937942555432
"320",280,"Post-monsoon",2023,16.2257142857143,1.21238657471429,5.34126984126984,9.49943025557143,4.83214063825073e-05,-7.36737125671429,1585,0.609427142857143,0.0519785714285714,0.628137142857143,0.429847619047619,7,0.169169640736566,0.201774622994894,0.777373814341666,0.00317460317460316,1.07686422676023e-05,0.127927310940056,0.00844733911854339,0.0933373788421104,0.0688904536770731,37.117573812337
"321",281,"Post-monsoon",2022,10.5271428571429,0.393470784628571,11.215873015873,15.5657401514286,7.01100449387755e-05,-13.7905020985714,835.6,3.3738,0.684684285714286,3.13962857142857,2.39937095238095,7,0.134159008105242,0.170432505073351,1.51106517691997,0.00869400884928858,7.26562507087719e-06,0.275147744727394,0.0656880906382632,0.235780903861721,0.171163238641604,142.245038410417
"322",281,"Post-monsoon",2023,17.7971428571429,1.42659119285714,5.32857142857143,10.4707180542857,7.89659067768707e-05,-8.01745733642857,1606,1.75957142857143,0.908664285714286,0.956718571428571,1.2083180952381,7,0.243816034139269,0.484883034880447,0.68193657310986,0.00330423174518433,2.38459162705164e-05,0.190548407440816,0.0239410816337925,0.11527587564969,0.0941147622392629,22.8660696853907
"323",282,"Post-monsoon",2022,9.90571428571429,0.231176656469857,10.8095238095238,10.6823847002857,7.46971699119534e-05,-8.93825524,613.042857142857,4.04698571428571,0.982614285714286,2.9577,2.66243333333333,7,0.458480186739463,0.797056896789379,1.65715061004837,0.00158730158730137,3.15962914149533e-05,0.861235281836661,0.248640660237076,0.547470457998377,0.550423888039335,212.245026703912
"324",282,"Post-monsoon",2023,17.6314285714286,1.39984675442857,5.31111111111111,11.3258544884286,6.17866159959184e-05,-8.66396364128572,1438.01428571429,0.94751,0.128114157142857,0.501904285714286,0.525842814285714,7,0.49930632153127,0.620888015373885,1.24473075238457,0.00593913870916497,9.81279623804456e-06,0.196010314731017,0.0458533771633217,0.119789644891072,0.112371554545951,204.824094598002
"325",283,"Post-monsoon",2022,6.208,0.0198045252494286,14.4555555555556,8.24760106328571,NA,-6.560726506,99.5242857142857,0.58229,0.927155714285714,0.764927142857143,0.758124285714286,7,0.260332022434356,0.125495140239671,0.568670468380425,0.62728477153307,NA,0.072832967907986,0.199166321639755,0.130829290584448,0.122115122913967,9.94585911851973
"326",283,"Post-monsoon",2023,16.5257142857143,1.29926885428571,5.26666666666667,11.2373073562857,9.01934769857143e-05,-8.58884524,1443.14285714286,1.64215285714286,0.831854285714286,0.655507142857143,1.04317142857143,7,0.396819841230952,0.569318228574231,0.923365952739143,0,1.86589783415594e-05,0.246104107729832,0.07421043774799,0.120856772407403,0.133652435530389,113.720925864996
"327",284,"Post-monsoon",2022,11.7757142857143,0.488240567542857,13.9936507936508,16.1291051714286,8.09236599166181e-05,-14.1394477371429,684.728571428571,4.84645714285714,0.983351428571429,4.95617142857143,3.59532666666667,7,0.232715411146392,0.2206493684027,0.334999378148069,0.0156867376511889,1.2557697129949e-05,0.611571405268017,0.168223157576173,0.250902276284808,0.335301228523258,165.996257436706
"328",284,"Post-monsoon",2023,14.3042857142857,1.09504128428571,5.23809523809524,9.55177015028571,3.27276222380758e-05,-7.011608859,1590.42857142857,0.449889285714286,0.258104285714286,0.218809142857143,0.308934238095238,7,0.501520816369272,0.819134808013863,0.328896474222804,0.00476190476190474,6.2240483704868e-06,0.135063115318572,0.0194508657974937,0.0475846042891368,0.0600684788156925,22.7897816939931
"329",285,"Post-monsoon",2022,15.1685714285714,1.02261993764286,13.3587301587302,13.8867576934286,0.000172970110460641,-11.6215960028571,1436.14285714286,9.87898571428572,3.27367142857143,10.4466857142857,7.86644761904762,7,0.214025238514266,0.471752229510807,1.00576571665124,0.0152799249504694,1.93530158661456e-05,0.741616985097452,0.151869025203715,0.472702388213905,0.401778680676824,27.1489967993457
"330",285,"Post-monsoon",2023,11.3671428571429,0.5893645683,5.19365079365079,13.6978101914286,3.19285467370262e-05,-11.753053068,1485.42857142857,0.0211771428571429,0,0.007663,0.00961338095238095,7,0.343349844395273,0.256430859356935,1.18024661635657,0.00224478343233824,8.53946819791398e-06,0.0211771428571429,0,0.00366975871141414,0.00761569889320062,73.7727711876644
"331",286,"Post-monsoon",2022,15.57,1.15183493128571,12.7746031746032,9.97388555357143,8.21692815387755e-05,-7.64843301028571,1417.57142857143,10.4610714285714,3.19257142857143,10.6890142857143,8.11421904761905,7,0.314824213989785,0.246786074354306,0.388667543352425,0.0134374868774604,1.60633213379759e-05,0.440604862776208,0.126836943908847,0.290555679795155,0.179093937229125,21.5062085641036
"332",286,"Post-monsoon",2023,13.1042857142857,1.10983986062857,5.17777777777778,12.5407287141429,8.70742918401361e-05,-11.2212396477143,1574.14285714286,0.542181857142857,0.0223558,0.430753942857143,0.331763866666667,7,0.385677246898894,0.861857288853536,1.06547961767426,0.00342896333249092,2.15116458570123e-05,0.213703843543708,0.00683052042899751,0.120266093980542,0.110965410478602,22.2522642736896
"333",287,"Post-monsoon",2022,14.5328571428571,0.913321623085714,12.2365079365079,12.9941326125714,5.4449833574344e-05,-10.6890590104286,858.071428571429,8.48444285714286,2.70698571428571,8.85828571428571,6.68323809523809,7,0.133322278453276,0.10922557665633,1.32041591567688,0.0118073616954609,8.79083271605669e-06,0.087701473781239,0.0590905617657839,0.159812165679962,0.0717816672106706,41.5604019085802
"334",287,"Post-monsoon",2023,15.7085714285714,1.24403666011429,5.16190476190476,9.39314027,6.58794511496599e-05,-8.201773751,1536.85714285714,0.634897514285714,0.0304267142857143,0.262625,0.30931640952381,7,0.66801564200188,0.934555430782314,0.740150045706189,0.00330423174518433,8.26866512748615e-06,0.191704146800387,0.0131852002868914,0.0795590989603386,0.0927453369480076,40.453046604574
"335",288,"Post-monsoon",2022,10.6657142857143,0.00305243388528571,12.7492063492063,5.08394020014286,3.27303041503401e-05,-3.06103687119714,371.857142857143,0.428678571428571,0.0703858571428571,0.385618571428571,0.294894333333333,7,0.168944301089881,0.000883156767240184,0.875238852901251,0.0090257788937735,9.50211518052376e-06,0.0583113733669992,0.00674481145004059,0.0590040660192391,0.0360961981223631,40.1092843850093
"336",288,"Post-monsoon",2023,18.6885714285714,1.50280992614286,5.16666666666667,7.042083389,4.5757145244898e-05,-5.69167514642857,1548.42857142857,0.78518,0.0494957142857143,0.321873285714286,0.385516333333333,7,0.301096635108181,0.431679939323743,0.692899369422291,0.00766739510380391,6.86692108003075e-06,0.10076189226753,0.0106360448939629,0.0612752828155795,0.0502833648502303,23.2305803617899
"337",289,"Post-monsoon",2022,5.45,0.00131458729717143,16.0365079365079,8.46562776214286,9.44219192244898e-05,-6.91746830857143,688.485714285714,0.00157614285714286,0.125780142857143,0,0.0424520952380952,7,0.199409246573592,0.00117245552509992,1.501421569089,0.0176040262006498,9.86084474398704e-06,0.00157614285714286,0.0112624357520044,0,0.00399416512702972,125.417402963011
"338",289,"Post-monsoon",2023,19.6028571428571,1.545105375,5.16031746031746,6.28953458628571,8.90346386052478e-05,-4.82561270571429,1056.07142857143,0.256387642857143,0.0319055714285714,0.309175714285714,0.19915630952381,7,0.236297978607261,0.459437716889194,0.84688888091472,0.00586800873354993,3.11986924685576e-05,0.0690312425547401,0.00387292208408428,0.0397816131766772,0.0346533409615799,146.592429341136
"339",290,"Post-monsoon",2022,8.09928571428572,0.160648794544286,15.3650793650794,10.8735277784286,3.13520555844898e-05,-9.14037306371429,929.3,1.7522,0.191515714285714,1.65454285714286,1.19941952380952,7,0.257978470335148,0.355610378777699,0.53320276882234,0.00782997279732701,4.65416530886541e-06,0.133488380089982,0.0181021382395433,0.135786498832933,0.0745063636159649,88.1018377193337
"340",290,"Post-monsoon",2023,16.6242857142857,1.15711739694286,5.13650793650794,10.275978383,6.65216617363265e-05,-8.89375240814286,1164.58571428571,0.021476,0.0129502571428571,0.0697678571428571,0.0347313714285714,7,0.90761030326073,1.23153090016709,0.666841296867317,0.00204919753767587,2.1142725150229e-05,0.0191515875955121,0.00422667466268906,0.0300770391648708,0.0163599275600061,251.500342164466
"341",291,"Post-monsoon",2022,8.22842857142857,0.313408088742857,14.9888888888889,8.85386286342857,5.28847154291545e-05,-7.13184262514286,1368.14285714286,2.79478571428571,0.722631428571429,3.23872857142857,2.25204857142857,7,0.169346342368146,0.194416166768447,0.777077562397632,0.00419960525565818,4.36035344055875e-06,0.344726181489137,0.0762823874207687,0.382759222285888,0.252383288930035,18.9729488776955
"342",291,"Post-monsoon",2023,18.5742857142857,1.55445316714286,5.07936507936508,5.82914220757143,4.51820022239067e-05,-4.31069424571429,1234.42857142857,0.129902342857143,0.035717,0.0397468571428571,0.0684554,7,0.103483542350535,0.154796591486136,0.980881633245132,0.00510246072010207,4.52077121684887e-06,0.0530925411348491,0.00365659781373732,0.0131162735605677,0.0214466034890149,95.7474000996912
"343",292,"Post-monsoon",2022,12.4428571428571,0.811040372171429,14.547619047619,9.17523306185714,6.51943523941691e-05,-7.02252564528571,1360.71428571429,7.67034285714286,2.12581428571429,9.11728571428571,6.30448095238095,7,0.21820386149211,0.149701536463453,0.695028296540697,0.0125319780765365,1.29798257146075e-05,0.423866424858644,0.134781349261845,0.41442189190461,0.252852956292128,21.3816947585616
"344",292,"Post-monsoon",2023,21.5642857142857,2.20931048485714,5.06190476190476,4.267710018,6.32165552443149e-05,-2.50480574942857,1504,0.0157785428571429,0.00908347142857143,0.0526637142857143,0.0258419095238095,7,0.218270879575697,0.376689945975288,0.397284807222085,0.00476190476190474,8.06141617922419e-06,0.0153430826209645,0.00339326622443096,0.0123791921301803,0.00735902365242625,23.7165804971162
"345",293,"Post-monsoon",2022,13.9142857142857,0.932174650471429,14.0253968253968,16.7685217871429,0.000128027365791837,-14.4375442871429,1320.57142857143,8.21304285714286,2.8179,9.82678571428571,6.95257619047619,7,0.252075736378471,0.264315815393448,0.589325625071916,0.0150863253220986,2.95332986394687e-05,0.640204099842997,0.16377791147073,0.413027002708039,0.330694388376037,18.1591602790662
"346",293,"Post-monsoon",2023,21.5914285714286,2.26259709428571,5.04761904761905,4.31792604028571,5.10637458379009e-05,-2.45896425885714,1499.71428571429,0.00418571428571429,0.00959932857142857,0.0124096428571429,0.0087315619047619,7,0.294088005709245,0.491039405837866,1.03284534875749,0.00399462139432313,7.82927051169089e-06,0.00418571428571428,0.00307267722815713,0.00554048692925679,0.0025066334230047,23.146237260508
"347",294,"Post-monsoon",2022,13.9,0.858865928957143,13.552380952381,12.3089821245714,7.21449350379009e-05,-9.95814372714286,1303.28571428571,8.19904285714286,2.51371428571429,8.97801428571429,6.56359047619048,7,0.203563491908778,0.349370834923176,0.666931798621732,0.0115557299829849,1.62821191776378e-05,0.562437706119803,0.19690576115368,0.571093182884733,0.38419531991855,27.5514361268712
"348",294,"Post-monsoon",2023,20.71,2.08290223885714,5.02539682539683,2.92292956142857,4.68400724367347e-05,-1.05148492885143,1407.85714285714,0.0144159571428571,0.0182112857142857,0,0.0108757476190476,7,0.276517458331124,0.397136879700749,0.796225251872475,0.0052644837942149,3.37806004394956e-06,0.0134083082691267,0.00374100217483348,0,0.00353292111719324,45.2729439707902
"349",295,"Post-monsoon",2022,9.85571428571429,0.00276156891114286,13.3809523809524,2.92140724871429,1.08875879061224e-05,-2.287381569,349.3,0.201254285714286,0.101040142857143,0.926805714285714,0.409700047619048,7,0.0601924351700501,0.00103609313258671,0.960926898754393,0.0102049214402041,1.83438998804149e-06,0.0143949660277048,0.0138191814732942,0.0721539909418983,0.0310300495252047,30.7187781875083
"350",295,"Post-monsoon",2023,18.5214285714286,1.64677008314286,4.99365079365079,9.72552907842857,4.10422968874636e-05,-7.96214172214286,1485.28571428571,0.0987042857142857,0.0437123,0,0.0474721952380952,7,0.249508360117868,0.384806937204655,1.05240714957508,0.00534365340654076,2.46023222664067e-05,0.051404919250294,0.0159581777604104,0,0.0196291853532918,23.4599093548712
"351",296,"Post-monsoon",2022,4.69142857142857,0.00119645653184286,15.5079365079365,10.9474076305714,6.63205117067055e-05,-9.43123448828571,585.057142857143,0.0113789428571429,0.0470548,0,0.0194779142857143,7,0.115906747645078,0.000909124554124784,1.52045130470441,0.0052644837942149,3.01166190375511e-05,0.00662676361671644,0.0118936731156887,0,0.00401030342650502,50.3641258245194
"352",296,"Post-monsoon",2023,13.2885714285714,0.862437157314286,4.94761904761905,8.78134446171429,2.14762863072886e-05,-7.322483683,1416,0.0156984285714286,0.06442,0.0156555571428571,0.0319246619047619,7,0.115148528750781,0.143216415429579,0.502525736619332,0.00399462139432313,4.48385514158667e-06,0.0110723547240889,0.0102583551893311,0.0103165672754315,0.00503191680440741,58.3136021051366
"353",297,"Post-monsoon",2022,2.30157142857143,0.510779630585714,16.6888888888889,5.34913322042857,6.46846083335277e-05,-4.223487547,1348.71428571429,0.230929571428571,0,0.454844571428571,0.228591380952381,7,0.424273264207266,0.157144489846208,0.565699966443368,0.013715853329964,1.43978120622668e-05,0.127421710164069,0,0.260027748129096,0.128960820463365,22.009429024543
"354",297,"Post-monsoon",2023,7.671,0.0521623042055714,5.05396825396825,5.49535235871429,5.16993639765306e-05,-4.33434157,384.614285714286,0,0.0276338285714286,0,0.00921127619047619,7,0.393339124251157,0.18451119378389,0.840028376265063,0.0588658521092969,2.75488908605255e-05,0,0.00641162300015015,0,0.00213720766671672,84.3710355077681
"355",298,"Post-monsoon",2022,11.4157142857143,1.04953774001429,16.0142857142857,12.8033850217143,0.000129877135434402,-10.8792029688571,1343.28571428571,6.89922857142857,2.76718571428571,9.62224285714286,6.42955238095238,7,0.154978602868069,0.371079890479742,1.07198847346379,0.0202445782748243,1.08851245410026e-05,0.32182138769546,0.0712559218209815,0.381536675424365,0.164967217820403,19.1432125055857
"356",298,"Post-monsoon",2023,7.807,0.0898307975214286,5.43809523809524,6.63114386757143,5.0979022844898e-05,-5.49357713314286,656.7,0.0154668571428571,0.00988898571428572,0,0.00845194761904762,7,0.210855174852088,0.338424545056396,0.33278071334818,0.00330423174518433,1.38624046615372e-05,0.00973692108965264,0.00520305945539685,0,0.00422526749664367,94.8419361735243
"357",299,"Post-monsoon",2022,9.73571428571429,0.9114723237,15.4253968253968,10.7002709502857,4.55794245131195e-05,-8.981127732,1269.14285714286,7.37914285714286,2.89767142857143,9.31648571428571,6.5311,7,0.092165925499228,0.11420485487719,0.790240556443063,0.0129926234474165,5.02106217631383e-06,0.376684528773996,0.0982805210422011,0.315553986346742,0.145808463004031,12.766079629849
"358",299,"Post-monsoon",2023,11.6928571428571,0.637458610885714,5.36190476190476,10.2292274324286,0.000116994595829738,-8.82463765885714,1460.85714285714,0.525690785714286,0.263274285714286,0.454341714285714,0.414435595238095,7,0.350670882776444,0.298752854281901,1.38487134284987,0.00224478343233824,4.1639299538905e-05,0.223350577430891,0.0434098633106931,0.129104726401202,0.128474258890426,27.2321838407186
"359",300,"Post-monsoon",2022,7.16371428571429,0.695525398228571,14.9968253968254,9.835854228,3.99405283334111e-05,-8.36750354471429,1267.71428571429,5.11068571428571,1.55186571428571,6.85431428571429,4.50562190476191,7,0.316873319609386,0.25995455269738,0.644701722816839,0.0110352664627588,1.10211040284749e-05,0.474993026228793,0.174341805587502,0.713126670918645,0.443513716857399,15.4668836484897
"360",300,"Post-monsoon",2023,12.4185714285714,0.955148873014286,5.26507936507937,12.2139661015714,5.1710515044898e-05,-10.7302954041429,1443.42857142857,0.951662971428571,0.23188,0.749283285714286,0.644275419047619,7,0.378659468648651,0.726131592581443,0.766475395421887,0.00377853356007557,1.9047804347321e-05,0.308163138379458,0.0350448585998819,0.189944254422025,0.164977374724715,23.2131501553765
"361",301,"Post-monsoon",2022,9.28857142857143,0.872714454942857,14.5952380952381,8.96312042085714,7.69669621166181e-05,-7.31756136042857,1309.71428571429,7.06884285714286,2.36255714285714,8.59627142857143,6.00922380952381,7,0.258350339576289,0.152507432273874,0.541693209800415,0.0099549670487972,1.06865527388276e-05,0.364944700218659,0.115350034278986,0.461502712015085,0.249601095264764,16.0411884812553
"362",301,"Post-monsoon",2023,10.9242857142857,0.760723602128571,5.18571428571429,10.8928334708571,4.65353298938775e-05,-9.46948542928572,1442.57142857143,0.871969571428571,0.19106,0.383274914285714,0.482101495238095,7,0.238914780013384,0.188896707318754,0.587474131805054,0.0052644837942149,6.85001150107733e-06,0.236002456352618,0.0276638430859798,0.105278694915189,0.119692387389516,23.4904814997146
"363",302,"Post-monsoon",2022,11.5942857142857,1.09770205857143,14.168253968254,12.0176616328571,4.85340789708455e-05,-10.2510870464286,1286.42857142857,7.7563,2.72965714285714,9.71667142857143,6.73420952380952,7,0.0976353064276673,0.111315160082897,0.56341964805565,0.0101222891374121,7.92548459059929e-06,0.375999638424345,0.115847378779444,0.226080697470411,0.128487816875422,19.123479887123
"364",302,"Post-monsoon",2023,8.75428571428571,0.7042679995,5.13174603174603,12.157426191,3.24610569970845e-05,-10.9154856372857,1434.71428571429,0.632003228571429,0.191145285714286,0.193663471428571,0.338937328571429,7,0.224529742889838,0.157663683583781,1.09576897648111,0.00289800294976277,3.42482296394154e-06,0.23756202001291,0.0394045629341833,0.0660898741463064,0.107913990150123,23.4324909613353
"365",303,"Post-monsoon",2022,10.7671428571429,0.921323254628571,13.7793650793651,10.8743034631429,0.000118764256355685,-9.17721252671429,1146,7.69537142857143,2.34458571428571,9.47335714285714,6.5044380952381,7,0.12935212711477,0.166773019720188,0.860466343818921,0.012226687839462,1.41959625669337e-05,0.359362484934406,0.10636824944407,0.277284450697545,0.197885965963535,73.1462982821479
"366",303,"Post-monsoon",2023,8.272,0.622001024142857,5.08730158730159,9.27688872328572,4.32097870606414e-05,-8.05173723357143,1423.28571428571,0.684071371428571,0.102442571428571,0.116724,0.301079314285714,7,0.183107566616951,0.130958810766186,0.594538040216985,0.00703922470669313,2.28573489527434e-06,0.211486052356436,0.0267289891653748,0.0346832698869011,0.081613511888828,24.2915959264323
"367",304,"Post-monsoon",2022,11.1014285714286,0.943123153642857,13.4349206349206,12.5290669828571,0.000109652613446064,-10.8464327927143,1286.57142857143,7.8817,2.39478571428571,9.3739,6.55012857142857,7,0.108746725652481,0.124081839806328,0.324204819946818,0.0129278219289636,1.09639875505172e-05,0.412180422237872,0.133049331038513,0.354154989611422,0.222219317809818,18.9571661822084
"368",304,"Post-monsoon",2023,8.62114285714286,0.875571403285714,5.03015873015873,6.51615131771429,4.23509453665306e-05,-5.22994406414286,1427.85714285714,0.490776428571429,0.217781428571429,0.318977857142857,0.342511904761905,7,0.516429612065078,0.447091270045385,1.27252188183592,0.0052644837942149,8.80999541731204e-06,0.157198816140862,0.00786504152762669,0.0932123052985389,0.0815207105918202,23.4504833653387
