"datetime","Mean_All","Median_All","roi_temp_mean","TA_1_3_1","TA_1_4_1","VPD_1_3_1","PPFD_IN","P_1_1_1","P_2_1_1","mean_swc_average","USTAR","GPP","ET","tdiff_median_MOS_16m","tdiff_roi_DAF_16m","diff_median_MOS_8m","tdiff_roi_DAF_8m","Year","Month","Week","doy","Hour","Date_only","mean_ustar","sd_ustar","exceeds_1sd","exceeds_2sd"
"2022-05-01 07:00:00",9.940311,9.82717,9.97869002304322,10.32,9.93,12.47524626,369.2,0,0,7.03333333333333,0.7678517,3.432298629,1.0063373122449e-05,-0.49283,-0.341309976956781,-0.102829999999999,0.0486900230432195,2022,5,18,121,"NULL",2022-05-01,0.818178278428351,0.33519752022519,FALSE,FALSE
"2022-05-01 08:00:00",12.464151,12.3443,12.4884078549543,11.22,10.75,13.24276881,837,0,0,7.02222222222222,0.6053851,6.747044225,2.56664688081633e-05,1.1243,1.2684078549543,1.5943,1.7384078549543,2022,5,18,121,"NULL",2022-05-01,0.818178278428351,0.33519752022519,FALSE,FALSE
"2022-05-01 09:00:00",13.817698,13.6717,13.5823838798714,11.83,12.1,13.79350653,1169,0,0,7.02222222222222,0.7733837,10.43622862,3.2240023122449e-05,1.8417,1.7523838798714,1.5717,1.4823838798714,2022,5,18,121,"NULL",2022-05-01,0.818178278428351,0.33519752022519,FALSE,FALSE
"2022-05-01 10:00:00",13.9568815,13.5437,13.2623008406979,11.48,11.85,13.47511768,1632,0,0,7.02222222222222,0.7945182,8.06739166,4.08298735510204e-05,2.0637,1.7823008406979,1.6937,1.4123008406979,2022,5,18,121,"NULL",2022-05-01,0.818178278428351,0.33519752022519,FALSE,FALSE
"2022-05-01 11:00:00",14.974577,14.365,14.2308267402699,11.6,12.02,13.58354958,1888,0,0,7.01111111111111,1.149242,8.528212851,3.0669443555102e-05,2.765,2.6308267402699,2.345,2.2108267402699,2022,5,18,121,"NULL",2022-05-01,0.818178278428351,0.33519752022519,FALSE,FALSE
"2022-05-02 10:00:00",14.62747,14.2118,13.7995560127624,12.48,12.02,14.39224441,1627,0,0,6.91111111111111,0.2277908,14.02877394,3.29090527510204e-05,1.7318,1.3195560127624,2.1918,1.7795560127624,2022,5,18,122,"NULL",2022-05-02,0.818178278428351,0.33519752022519,FALSE,FALSE
"2022-05-02 11:00:00",15.402827,14.4895,13.8940284621813,12.78,13.08,14.68101443,1882,0,0,6.9,0.2373028,14.37604497,4.38641224897959e-05,1.7095,1.1140284621813,1.4095,0.8140284621813,2022,5,18,122,"NULL",2022-05-02,0.818178278428351,0.33519752022519,FALSE,FALSE
"2022-05-02 12:00:00",14.639984,13.5968,13.0948505938062,11.98,13.23,13.93195509,2012,0,0,6.9,0.7556815,12.00405911,6.21605075102041e-05,1.6168,1.1148505938062,0.3668,-0.135149406193801,2022,5,18,122,"NULL",2022-05-02,0.818178278428351,0.33519752022519,FALSE,FALSE
"2022-05-02 13:00:00",15.743532,14.5331,14.4298432680864,13.42,14.88,15.3139871,2030,0,0,6.92222222222222,0.5857133,15.30939714,5.74898621632653e-05,1.1131,1.0098432680864,-0.346900000000002,-0.450156731913602,2022,5,18,122,"NULL",2022-05-02,0.818178278428351,0.33519752022519,FALSE,FALSE
"2022-05-02 14:00:00",16.200386,14.9835,14.526486288015,14.56,16.1,16.49054851,1906,0,0,6.92222222222222,0.5507345,15.00683223,5.9596647877551e-05,0.423499999999999,-0.033513711985,-1.1165,-1.573513711985,2022,5,18,122,"NULL",2022-05-02,0.818178278428351,0.33519752022519,FALSE,FALSE
"2022-05-02 15:00:00",16.728237,15.7856,15.5310502544884,13.83,14.79,15.72187,1696,0,0,6.92222222222222,0.677169,11.95600307,4.22833074285714e-05,1.9556,1.7010502544884,0.995600000000001,0.741050254488401,2022,5,18,122,"NULL",2022-05-02,0.818178278428351,0.33519752022519,FALSE,FALSE
"2022-05-02 16:00:00",15.642306,15.057,14.8634861436783,14.66,15.05,16.58835442,1331,0,0,6.92222222222222,0.7640049,10.52817286,4.0635372555102e-05,0.397,0.203486143678299,0.00699999999999967,-0.186513856321701,2022,5,18,122,"NULL",2022-05-02,0.818178278428351,0.33519752022519,FALSE,FALSE
"2022-05-02 18:00:00",13.545555,13.479,13.5204507356106,13.98,14.18,15.87721804,466.5,0,0,6.92222222222222,1.029526,6.995665518,3.02038762040816e-05,-0.501000000000001,-0.4595492643894,-0.701000000000001,-0.659549264389399,2022,5,18,122,"NULL",2022-05-02,0.818178278428351,0.33519752022519,FALSE,FALSE
"2022-05-03 10:00:00",12.731331,12.3433,11.8910062444608,10.1,10.29,12.29135771,1334,0,0,6.78888888888889,0.8919211,16.35642765,6.02697235102041e-05,2.2433,1.7910062444608,2.0533,1.6010062444608,2022,5,18,123,"NULL",2022-05-03,0.818178278428351,0.33519752022519,FALSE,FALSE
"2022-05-03 11:00:00",15.149974,14.5834,14.2578070902231,11.14,11.6,13.17198363,1737,0,0,6.8,0.7209084,19.40792395,6.26094946938775e-05,3.4434,3.1178070902231,2.9834,2.6578070902231,2022,5,18,123,"NULL",2022-05-03,0.818178278428351,0.33519752022519,FALSE,FALSE
"2022-05-03 13:00:00",14.959575,14.3599,14.2626656225469,11.81,12.19,13.77513771,1318,0,0,6.81111111111111,1.138924,15.24370455,6.01383564081633e-06,2.5499,2.4526656225469,2.1699,2.0726656225469,2022,5,18,123,"NULL",2022-05-03,0.818178278428351,0.33519752022519,FALSE,FALSE
"2022-05-03 17:00:00",14.120352,13.9931,13.9489966372085,12.8,12.78,14.70044405,685.9,0,0,6.8,1.122572,8.014331621,2.05757196244898e-05,1.1931,1.1489966372085,1.2131,1.1689966372085,2022,5,18,123,"NULL",2022-05-03,0.818178278428351,0.33519752022519,FALSE,FALSE
"2022-05-04 10:00:00",8.7693615,8.31202,7.73052784279963,12.03,11.01,13.9783732,1636,0,0,6.68888888888889,0.5999295,14.11530904,0.000105858131673469,-3.71798,-4.29947215720037,-2.69798,-3.27947215720037,2022,5,18,124,"NULL",2022-05-04,0.818178278428351,0.33519752022519,FALSE,FALSE
"2022-05-04 11:00:00",15.502291,14.7274,14.3162098452812,12.79,12.69,14.69072644,1891,0,0,6.68888888888889,0.567788,14.42934839,0.000106359132326531,1.9374,1.5262098452812,2.0374,1.6262098452812,2022,5,18,124,"NULL",2022-05-04,0.818178278428351,0.33519752022519,FALSE,FALSE
"2022-05-04 12:00:00",17.624268,16.6955,15.9404893671976,14.05,14.32,15.95017015,2023,0,0,6.66666666666667,0.5602143,17.21872249,0.000153853152489796,2.6455,1.8904893671976,2.3755,1.6204893671976,2022,5,18,124,"NULL",2022-05-04,0.818178278428351,0.33519752022519,FALSE,FALSE
"2022-05-04 13:00:00",17.177092,16.1311,15.8003610189663,13.62,14.76,15.50660758,2038,0,0,6.68888888888889,0.5339593,15.99226959,7.4841923877551e-05,2.5111,2.1803610189663,1.3711,1.0403610189663,2022,5,18,124,"NULL",2022-05-04,0.818178278428351,0.33519752022519,FALSE,FALSE
"2022-05-04 14:00:00",18.32445,17.2814,16.8749328555873,15.03,16.3,16.99259222,1920,0,0,6.7,0.2106082,16.15729735,6.69532176326531e-05,2.2514,1.8449328555873,0.981400000000001,0.574932855587299,2022,5,18,124,"NULL",2022-05-04,0.818178278428351,0.33519752022519,FALSE,FALSE
"2022-05-04 15:00:00",15.542531,14.6826,14.2922171836621,13.17,14.34,15.06395732,1716,0,0,6.7,0.3061734,11.53646787,7.85641550204082e-05,1.5126,1.1222171836621,0.342600000000001,-0.0477828163379002,2022,5,18,124,"NULL",2022-05-04,0.818178278428351,0.33519752022519,FALSE,FALSE
"2022-05-04 16:00:00",14.569246,14.0435,13.8959995163455,12.67,13.11,14.57455113,1345,0,0,6.72222222222222,0.4784159,9.757027704,2.83621147755102e-05,1.3735,1.2259995163455,0.9335,0.7859995163455,2022,5,18,124,"NULL",2022-05-04,0.818178278428351,0.33519752022519,FALSE,FALSE
"2022-05-04 17:00:00",13.432104,13.15,12.9738172368388,12.18,12.26,14.11843793,957,0,0,6.71111111111111,0.556564,8.95328089,3.49128522693878e-05,0.970000000000001,0.7938172368388,0.890000000000001,0.7138172368388,2022,5,18,124,"NULL",2022-05-04,0.818178278428351,0.33519752022519,FALSE,FALSE
"2022-05-04 18:00:00",13.015554,12.9678,12.9959924944924,11.64,11.93,13.61986228,494.1,0,0,6.7,0.5879374,6.300973368,2.52918220734694e-05,1.3278,1.3559924944924,1.0378,1.0659924944924,2022,5,18,124,"NULL",2022-05-04,0.818178278428351,0.33519752022519,FALSE,FALSE
"2022-05-05 11:00:00",18.209223,17.3917,16.9388121673293,14.62,14.38,16.55515862,1893,0,0,6.6,0.4036187,10.24543932,6.96987340816326e-05,2.7717,2.3188121673293,3.0117,2.5588121673293,2022,5,18,125,"NULL",2022-05-05,0.818178278428351,0.33519752022519,FALSE,FALSE
"2022-05-05 12:00:00",18.748936,17.6586,17.2966081081765,16.03,16.25,18.11833047,2026,0,0,6.58888888888889,0.2237125,14.43624741,8.25252326530612e-05,1.6286,1.2666081081765,1.4086,1.0466081081765,2022,5,18,125,"NULL",2022-05-05,0.818178278428351,0.33519752022519,FALSE,FALSE
"2022-05-05 13:00:00",18.714546,17.5138,16.841434638272,15.93,16.7,18.00186043,2041,0,0,6.6,0.2602688,14.09468175,8.05337256734694e-05,1.5838,0.911434638271999,0.813800000000001,0.141434638271999,2022,5,18,125,"NULL",2022-05-05,0.818178278428351,0.33519752022519,FALSE,FALSE
"2022-05-05 14:00:00",18.146145,16.9637,16.845816943101,16.75,17.54,18.96644,1913,0,0,6.6,0.3421164,14.73001634,0.000101795571469388,0.213699999999999,0.0958169431009992,-0.5763,-0.694183056899,2022,5,18,125,"NULL",2022-05-05,0.818178278428351,0.33519752022519,FALSE,FALSE
"2022-05-05 15:00:00",18.588726,17.6943,17.236519105619,16.3,16.85,18.43607984,1710,0,0,6.61111111111111,0.3628776,18.60348144,8.49879625306123e-05,1.3943,0.936519105618999,0.844299999999997,0.386519105618998,2022,5,18,125,"NULL",2022-05-05,0.818178278428351,0.33519752022519,FALSE,FALSE
"2022-05-05 16:00:00",16.636583,15.9889,15.7166578840749,16.87,16.67,19.11284178,1340,0,0,6.62222222222222,0.5621508,13.46696401,6.58240329795918e-05,-0.881100000000002,-1.1533421159251,-0.681100000000002,-0.953342115925102,2022,5,18,125,"NULL",2022-05-05,0.818178278428351,0.33519752022519,FALSE,FALSE
"2022-05-05 17:00:00",17.562016,17.2964,17.361452037173,16.82,16.18,19.05172209,958,0,0,6.62222222222222,0.5882621,11.32854306,7.37554833877551e-05,0.476399999999998,0.541452037172999,1.1164,1.181452037173,2022,5,18,125,"NULL",2022-05-05,0.818178278428351,0.33519752022519,FALSE,FALSE
"2022-05-05 18:00:00",14.614464,14.5256,14.502337801018,14.71,15.21,16.65248718,495.2,0,0,6.61111111111111,0.5797756,4.840065275,1.76204472244898e-05,-0.1844,-0.207662198982002,-0.6844,-0.707662198982002,2022,5,18,125,"NULL",2022-05-05,0.818178278428351,0.33519752022519,FALSE,FALSE
"2022-05-06 06:00:00",7.4017043,7.50353,7.57802775670406,12.02,11.75,13.9690788,30.4,0,0,6.51111111111111,0.3480106,0.5733043605,-1.40077150244898e-08,-4.51647,-4.44197224329594,-4.24647,-4.17197224329594,2022,5,18,126,"NULL",2022-05-06,0.818178278428351,0.33519752022519,FALSE,FALSE
"2022-05-06 07:00:00",12.541717,12.3493,12.5516109847813,12.34,11.86,14.26918816,395.7,0,0,6.5,0.4318303,1.789560345,6.30622935102041e-06,0.00929999999999964,0.2116109847813,0.4893,0.691610984781301,2022,5,18,126,"NULL",2022-05-06,0.818178278428351,0.33519752022519,FALSE,FALSE
"2022-05-06 08:00:00",15.259341,15.221,15.3143392443848,12.97,12.64,14.8665028,873,0,0,6.48888888888889,0.4454458,3.437167454,1.64495180040816e-05,2.251,2.3443392443848,2.581,2.6743392443848,2022,5,18,126,"NULL",2022-05-06,0.818178278428351,0.33519752022519,FALSE,FALSE
"2022-05-06 09:00:00",18.127708,18.0381,17.7928366387278,14.66,14.57,16.59835442,1216,0,0,6.5,0.3465672,8.542687653,4.70024210204082e-05,3.3781,3.1328366387278,3.4681,3.2228366387278,2022,5,18,126,"NULL",2022-05-06,0.818178278428351,0.33519752022519,FALSE,FALSE
"2022-05-06 10:00:00",19.312641,18.799,18.2307588539161,15.45,15.67,17.461823,1661,0,0,6.5,0.3636335,10.42501668,5.68578471836735e-05,3.349,2.7807588539161,3.129,2.5607588539161,2022,5,18,126,"NULL",2022-05-06,0.818178278428351,0.33519752022519,FALSE,FALSE
"2022-05-06 11:00:00",20.689144,19.775,19.0463809703477,17.22,17.44,19.54547314,1903,0,0,6.5,0.4464012,9.201767365,8.17150334285714e-05,2.555,1.8263809703477,2.335,1.6063809703477,2022,5,18,126,"NULL",2022-05-06,0.818178278428351,0.33519752022519,FALSE,FALSE
"2022-05-06 12:00:00",21.87736,20.8125,20.4820186219645,17.84,18.37,20.32277351,2033,0,0,6.51111111111111,0.5034403,12.34825422,6.41016613877551e-05,2.9725,2.6420186219645,2.4425,2.1120186219645,2022,5,18,126,"NULL",2022-05-06,0.818178278428351,0.33519752022519,FALSE,FALSE
"2022-05-06 13:00:00",19.866436,18.5867,17.7593001645945,17.88,19.28,20.37450026,2048,0,0,6.51111111111111,0.3766372,12.53782453,8.14807126530612e-05,0.706700000000001,-0.1206998354055,-0.693300000000001,-1.5206998354055,2022,5,18,126,"NULL",2022-05-06,0.818178278428351,0.33519752022519,FALSE,FALSE
"2022-05-06 14:00:00",20.284832,19.0977,18.5264499101061,17.94,19.17,20.45230487,1927,0,0,6.51111111111111,0.4303464,12.9157751,6.74346621632653e-05,1.1577,0.586449910106097,-0.072300000000002,-0.643550089893903,2022,5,18,126,"NULL",2022-05-06,0.818178278428351,0.33519752022519,FALSE,FALSE
"2022-05-06 15:00:00",20.47053,19.4899,19.0729841685447,18.71,19.8,21.46395571,1724,0,0,6.54444444444444,0.6586465,9.075059591,6.50174605306123e-05,0.779899999999998,0.362984168544699,-0.310100000000002,-0.727015831455301,2022,5,18,126,"NULL",2022-05-06,0.818178278428351,0.33519752022519,FALSE,FALSE
"2022-05-06 16:00:00",19.009502,18.3175,17.861383431668,18.26,18.75,20.87163819,1358,0,0,6.54444444444444,0.6197544,7.576570206,4.97339205714286e-05,0.0574999999999974,-0.398616568332002,-0.432500000000001,-0.888616568332001,2022,5,18,126,"NULL",2022-05-06,0.818178278428351,0.33519752022519,FALSE,FALSE
"2022-05-06 17:00:00",18.41233,18.0912,17.8033274163733,17.89,18.09,20.38744981,969,0,0,6.54444444444444,0.7162287,7.997916312,3.98919487387755e-05,0.2012,-0.0866725836267008,0.00120000000000076,-0.2866725836267,2022,5,18,126,"NULL",2022-05-06,0.818178278428351,0.33519752022519,FALSE,FALSE
"2022-05-06 18:00:00",17.109707,17.0438,16.9544675748905,16.78,17.11,19.00294874,503.4,0,0,6.54444444444444,0.6546239,4.816411267,1.70516140571429e-05,0.2638,0.1744675748905,-0.0661999999999985,-0.155532425109499,2022,5,18,126,"NULL",2022-05-06,0.818178278428351,0.33519752022519,FALSE,FALSE
"2022-05-07 08:00:00",13.196184,13.0744,13.1111684940873,13.33,13.11,15.22356287,873,0,0,6.44444444444444,0.96009,3.516232184,2.91203256734694e-05,-0.255599999999999,-0.2188315059127,-0.0355999999999987,0.00116849408730069,2022,5,19,127,"NULL",2022-05-07,0.818178278428351,0.33519752022519,FALSE,FALSE
"2022-05-07 09:00:00",16.91814,16.7459,16.7336585095338,14.31,14.38,16.22369763,1194,0,0,6.43333333333333,0.7107808,7.731925569,3.71928577959184e-05,2.4359,2.4236585095338,2.3659,2.3536585095338,2022,5,19,127,"NULL",2022-05-07,0.818178278428351,0.33519752022519,FALSE,FALSE
"2022-05-07 10:00:00",17.935688,17.4588,17.2007073307842,14.49,14.75,16.41544772,1657,0,0,6.42222222222222,0.9171455,7.952860169,2.7193516355102e-05,2.9688,2.7107073307842,2.7088,2.4507073307842,2022,5,19,127,"NULL",2022-05-07,0.818178278428351,0.33519752022519,FALSE,FALSE
"2022-05-07 11:00:00",19.496077,18.6783,18.3877615355397,15.07,15.62,17.03680286,1907,0,0,6.41111111111111,1.095231,9.210970354,6.06375810612245e-05,3.6083,3.3177615355397,3.0583,2.7677615355397,2022,5,19,127,"NULL",2022-05-07,0.818178278428351,0.33519752022519,FALSE,FALSE
"2022-05-07 12:00:00",19.568253,18.7467,18.2777557038313,16.13,16.88,18.23545545,2039,0,0,6.42222222222222,1.023759,11.20048072,4.53482797142857e-05,2.6167,2.1477557038313,1.8667,1.3977557038313,2022,5,19,127,"NULL",2022-05-07,0.818178278428351,0.33519752022519,FALSE,FALSE
"2022-05-07 13:00:00",20.70539,19.8164,19.6005635993011,16.22,16.98,18.34143048,2051,0,0,6.43333333333333,1.047176,12.90725036,4.57283584081633e-05,3.5964,3.3805635993011,2.8364,2.6205635993011,2022,5,19,127,"NULL",2022-05-07,0.818178278428351,0.33519752022519,FALSE,FALSE
"2022-05-07 16:00:00",17.259657,16.9789,16.8587375883113,17.74,17.89,20.19395552,1042,0,0,6.45555555555556,1.143306,9.929696557,2.0855171555102e-05,-0.761099999999999,-0.881262411688699,-0.911100000000001,-1.0312624116887,2022,5,19,127,"NULL",2022-05-07,0.818178278428351,0.33519752022519,FALSE,FALSE
"2022-05-09 11:00:00",14.290155,13.5393,12.9516766655694,10.94,11.49,13.00646279,1918,0,0,6.25555555555556,0.8051019,14.90046645,6.71412951020408e-05,2.5993,2.0116766655694,2.0493,1.4616766655694,2022,5,19,129,"NULL",2022-05-09,0.818178278428351,0.33519752022519,FALSE,FALSE
"2022-05-09 12:00:00",15.522963,14.5778,14.1653295738269,11.56,12.26,13.54732135,2049,0,0,6.25555555555556,0.9921377,15.56694858,4.28375244081633e-05,3.0178,2.6053295738269,2.3178,1.9053295738269,2022,5,19,129,"NULL",2022-05-09,0.818178278428351,0.33519752022519,FALSE,FALSE
"2022-05-09 17:00:00",15.774328,15.6116,15.5379671114938,13.73,13.71,15.61904168,982,0,0,6.27777777777778,1.082413,8.651526583,1.15631218489796e-05,1.8816,1.8079671114938,1.9016,1.8279671114938,2022,5,19,129,"NULL",2022-05-09,0.818178278428351,0.33519752022519,FALSE,FALSE
"2022-05-10 13:00:00",16.553732,15.7046,15.3469327188473,13.16,13.86,15.05403058,2066,0,0,6.17777777777778,0.8125861,10.08396611,3.75238372326531e-05,2.5446,2.1869327188473,1.8446,1.4869327188473,2022,5,19,130,"NULL",2022-05-10,0.818178278428351,0.33519752022519,FALSE,FALSE
"2022-05-10 15:00:00",17.155151,16.5005,16.2148581119749,14.43,15.02,16.35131288,1738,0,0,6.18888888888889,0.9657483,8.434918343,2.29625647102041e-05,2.0705,1.7848581119749,1.4805,1.1948581119749,2022,5,19,130,"NULL",2022-05-10,0.818178278428351,0.33519752022519,FALSE,FALSE
"2022-05-10 16:00:00",17.352282,16.9318,16.8037332202274,14.84,15.12,16.78395258,1371,0,0,6.18888888888889,1.106829,8.842417205,3.16643765795918e-05,2.0918,1.9637332202274,1.8118,1.6837332202274,2022,5,19,130,"NULL",2022-05-10,0.818178278428351,0.33519752022519,FALSE,FALSE
"2022-05-10 17:00:00",16.760311,16.5583,16.5381304601048,14.92,14.84,16.87152746,988,0,0,6.18888888888889,0.9561477,8.115265619,2.72946048122449e-05,1.6383,1.6181304601048,1.7183,1.6981304601048,2022,5,19,130,"NULL",2022-05-10,0.818178278428351,0.33519752022519,FALSE,FALSE
"2022-05-10 18:00:00",16.02154,15.953,15.9597365450356,14.4,14.53,16.31932738,525.7,0,0,6.18888888888889,0.9916585,6.742555397,2.11287437714286e-05,1.553,1.5597365450356,1.423,1.4297365450356,2022,5,19,130,"NULL",2022-05-10,0.818178278428351,0.33519752022519,FALSE,FALSE
"2022-05-12 11:00:00",18.00939,17.1685,16.6101378111468,15.82,15.43,17.87449611,1916,0,0,6.01111111111111,0.3780609,11.71448804,8.62525658367347e-05,1.3485,0.790137811146799,1.7385,1.1801378111468,2022,5,19,132,"NULL",2022-05-12,0.818178278428351,0.33519752022519,FALSE,FALSE
"2022-05-12 12:00:00",19.730192,18.865,18.4458411055684,14.59,15.67,16.50282606,2025,0,0,6.06666666666667,0.5985265,16.59803544,9.84252867346939e-05,4.275,3.8558411055684,3.195,2.7758411055684,2022,5,19,132,"NULL",2022-05-12,0.818178278428351,0.33519752022519,FALSE,FALSE
"2022-05-13 12:00:00",20.160154,19.0259,18.4871276544023,17.3,18.11,19.64554707,2037,0,0,6,0.723768,10.56746677,0.000101160289020408,1.7259,1.1871276544023,0.915900000000001,0.377127654402301,2022,5,19,133,"NULL",2022-05-13,0.818178278428351,0.33519752022519,FALSE,FALSE
"2022-05-13 13:00:00",20.09293,18.7619,18.0724933959636,17.67,18.78,20.10420561,2055,0,0,6,0.5062812,14.59491146,7.3629512244898e-05,1.0919,0.402493395963599,-0.0181000000000004,-0.7075066040364,2022,5,19,133,"NULL",2022-05-13,0.818178278428351,0.33519752022519,FALSE,FALSE
"2022-05-13 14:00:00",20.522135,19.3368,18.889861674812,17.91,19,20.41337036,1941,0,0,6,0.5393367,10.61896866,6.30849413061225e-05,1.4268,0.979861674812,0.3368,-0.110138325188,2022,5,19,133,"NULL",2022-05-13,0.818178278428351,0.33519752022519,FALSE,FALSE
"2022-05-13 15:00:00",21.670126,20.6447,20.4029220784483,19.17,19.59,22.08521024,1746,0,0,6,0.6472337,12.75484181,0.000107312048285714,1.4747,1.2329220784483,1.0547,0.812922078448299,2022,5,19,133,"NULL",2022-05-13,0.818178278428351,0.33519752022519,FALSE,FALSE
"2022-05-13 16:00:00",21.126581,20.5181,20.1066825833734,19.08,18.94,21.96045096,1386,0,0,6.02222222222222,0.4375188,3.754279519,5.75866766938775e-05,1.4381,1.0266825833734,1.5781,1.1666825833734,2022,5,19,133,"NULL",2022-05-13,0.818178278428351,0.33519752022519,FALSE,FALSE
"2022-05-13 17:00:00",19.064373,18.7668,18.6908448633866,18.36,17.74,20.99420243,1010,0,0,6.03333333333333,0.683777,6.207201686,0.000107644009714286,0.4068,0.330844863386602,1.0268,0.950844863386603,2022,5,19,133,"NULL",2022-05-13,0.818178278428351,0.33519752022519,FALSE,FALSE
"2022-05-13 18:00:00",17.626997,17.543,17.7728114760325,17.1,16.85,19.39619321,553.5,0,0,6.04444444444444,0.1484852,3.764022186,2.11351838081633e-05,0.442999999999998,0.6728114760325,0.692999999999998,0.9228114760325,2022,5,19,133,"NULL",2022-05-13,0.818178278428351,0.33519752022519,FALSE,FALSE
"2022-05-14 08:00:00",18.102602,18.2223,18.1049075156365,17.15,15.58,19.45827228,861,0,0,5.94444444444444,0.5509384,6.539779764,3.89719035632653e-05,1.0723,0.954907515636503,2.6423,2.5249075156365,2022,5,20,134,"NULL",2022-05-14,0.818178278428351,0.33519752022519,FALSE,FALSE
"2022-05-14 09:00:00",19.085817,18.9766,18.9963076067965,18.25,17.47,20.85842184,1192,0,0,5.94444444444444,0.6575276,11.0663421,0.000118082503673469,0.726600000000001,0.746307606796499,1.5066,1.5263076067965,2022,5,20,134,"NULL",2022-05-14,0.818178278428351,0.33519752022519,FALSE,FALSE
"2022-05-14 10:00:00",20.999659,20.3617,20.1385457775189,19.39,18.39,22.39277051,1640,0,0,5.94444444444444,0.5933484,11.05149047,0.000148127776612245,0.971699999999998,0.748545777518899,1.9717,1.7485457775189,2022,5,20,134,"NULL",2022-05-14,0.818178278428351,0.33519752022519,FALSE,FALSE
"2022-05-14 11:00:00",22.950388,21.9258,21.374831781925,19.77,19.86,22.93277288,1883,0,0,5.94444444444444,0.6189931,9.687985617,8.19961653877551e-05,2.1558,1.604831781925,2.0658,1.514831781925,2022,5,20,134,"NULL",2022-05-14,0.818178278428351,0.33519752022519,FALSE,FALSE
"2022-05-14 12:00:00",24.453924,23.4127,22.7726063584108,20.77,21.42,24.38818544,2044,0,0,5.94444444444444,0.5816523,9.007823901,0.000105336618489796,2.6427,2.0026063584108,1.9927,1.3526063584108,2022,5,20,134,"NULL",2022-05-14,0.818178278428351,0.33519752022519,FALSE,FALSE
"2022-05-14 13:00:00",23.912838,22.6858,21.9400517712897,21.23,22.11,25.08408091,2065,0,0,5.94444444444444,0.6495328,8.92410152,9.13813042857143e-05,1.4558,0.710051771289699,0.575800000000001,-0.1699482287103,2022,5,20,134,"NULL",2022-05-14,0.818178278428351,0.33519752022519,FALSE,FALSE
"2022-05-14 14:00:00",24.781612,23.7234,23.4156205920336,22.38,23.01,26.90684985,1903,0,0,5.96666666666667,0.5139326,11.23500549,7.9065729877551e-05,1.3434,1.0356205920336,0.7134,0.4056205920336,2022,5,20,134,"NULL",2022-05-14,0.818178278428351,0.33519752022519,FALSE,FALSE
"2022-05-14 15:00:00",25.096931,24.1163,23.5124342077942,22.94,23.14,27.83589567,1755,0,0,5.96666666666667,0.4431149,8.856131187,7.64398922040816e-05,1.1763,0.572434207794199,0.976299999999998,0.3724342077942,2022,5,20,134,"NULL",2022-05-14,0.818178278428351,0.33519752022519,FALSE,FALSE
"2022-05-14 16:00:00",23.76147,23.1162,22.9353956217872,23.52,23.64,28.82827074,1398,0,0,5.98888888888889,0.7540796,1.358475388,0.0001000748,-0.4038,-0.584604378212799,-0.523800000000001,-0.7046043782128,2022,5,20,134,"NULL",2022-05-14,0.818178278428351,0.33519752022519,FALSE,FALSE
"2022-05-14 17:00:00",23.163094,22.8474,22.6925201058469,22.38,21.55,26.90684985,1026,0,0,5.98888888888889,0.5133502,3.963082535,7.33988477959184e-05,0.467400000000001,0.3125201058469,1.2974,1.1425201058469,2022,5,20,134,"NULL",2022-05-14,0.818178278428351,0.33519752022519,FALSE,FALSE
"2022-05-14 18:00:00",20.968067,20.8905,20.9389949988605,20.98,20.18,24.70827606,566.8,0,0,5.97777777777778,0.4077502,5.129125972,3.82391524367347e-05,-0.089500000000001,-0.0410050011394993,0.7105,0.758994998860501,2022,5,20,134,"NULL",2022-05-14,0.818178278428351,0.33519752022519,FALSE,FALSE
"2022-05-15 08:00:00",19.094671,19.0911,19.2930100453268,18.87,18.43,21.68172229,864,0,0,5.9,0.340537,3.896103666,1.97886167755102e-05,0.2211,0.423010045326798,0.661100000000001,0.863010045326799,2022,5,20,135,"NULL",2022-05-15,0.818178278428351,0.33519752022519,FALSE,FALSE
"2022-05-15 09:00:00",21.356943,21.1525,20.8760822693778,19.32,19.42,22.29450971,1191,0,0,5.91111111111111,0.5091644,5.310490323,2.88250390489796e-05,1.8325,1.5560822693778,1.7325,1.4560822693778,2022,5,20,135,"NULL",2022-05-15,0.818178278428351,0.33519752022519,FALSE,FALSE
"2022-05-15 10:00:00",23.48301,22.9342,22.1746452254944,20.8,21.09,24.43369133,1633,0,0,5.91111111111111,0.4439724,7.178905971,4.08458712653061e-05,2.1342,1.3746452254944,1.8442,1.0846452254944,2022,5,20,135,"NULL",2022-05-15,0.818178278428351,0.33519752022519,FALSE,FALSE
"2022-05-15 11:00:00",23.604145,22.6364,22.0946655491125,20.48,21.09,23.95207015,1908,0,0,5.88888888888889,0.6579845,9.358022467,5.62722789795918e-05,2.1564,1.6146655491125,1.5464,1.0046655491125,2022,5,20,135,"NULL",2022-05-15,0.818178278428351,0.33519752022519,FALSE,FALSE
"2022-05-15 12:00:00",24.077356,22.8952,22.3997659593325,20.13,21.22,23.44474377,2044,0,0,5.88888888888889,0.6911274,9.0551997,4.50916772653061e-05,2.7652,2.2697659593325,1.6752,1.1797659593325,2022,5,20,135,"NULL",2022-05-15,0.818178278428351,0.33519752022519,FALSE,FALSE
"2022-05-15 13:00:00",24.62072,23.4374,23.0476558000557,20.19,21.35,23.53273384,2065,0,0,5.9,0.9220186,7.589002456,3.95682407469388e-05,3.2474,2.8576558000557,2.0874,1.6976558000557,2022,5,20,135,"NULL",2022-05-15,0.818178278428351,0.33519752022519,FALSE,FALSE
"2022-05-15 14:00:00",23.74415,22.8065,22.5473002836089,21.14,22.29,24.94459372,1953,0,0,5.91111111111111,0.742101,10.33339251,5.12063648163265e-05,1.6665,1.4073002836089,0.516500000000001,0.257300283608902,2022,5,20,135,"NULL",2022-05-15,0.818178278428351,0.33519752022519,FALSE,FALSE
"2022-05-15 15:00:00",23.568958,22.6956,21.8639464460257,21.32,22.18,25.22424369,1757,0,0,5.92222222222222,0.8440188,9.030988996,4.69761861632653e-05,1.3756,0.5439464460257,0.515599999999999,-0.316053553974299,2022,5,20,135,"NULL",2022-05-15,0.818178278428351,0.33519752022519,FALSE,FALSE
"2022-05-15 16:00:00",23.8027,23.201,23.2915511660885,21.21,21.71,25.05302547,1401,0,0,5.92222222222222,1.005938,7.565459994,3.38352217142857e-05,1.991,2.0815511660885,1.491,1.5815511660885,2022,5,20,135,"NULL",2022-05-15,0.818178278428351,0.33519752022519,FALSE,FALSE
"2022-05-15 17:00:00",22.504425,22.2106,21.8815909473044,22.2,22.16,26.62089811,1027,0,0,5.92222222222222,0.9527259,6.806991294,5.02300030612245e-05,0.0106000000000002,-0.3184090526956,0.0505999999999993,-0.278409052695601,2022,5,20,135,"NULL",2022-05-15,0.818178278428351,0.33519752022519,FALSE,FALSE
"2022-05-15 18:00:00",20.663654,20.5667,20.4675646501735,20.7,20.96,24.28229073,570.1,0,0,5.92222222222222,0.5846704,3.935182099,2.16250721102041e-05,-0.133299999999998,-0.232435349826499,-0.3933,-0.492435349826501,2022,5,20,135,"NULL",2022-05-15,0.818178278428351,0.33519752022519,FALSE,FALSE
"2022-05-16 06:00:00",10.646719,10.7363,10.8491455524043,14.98,14.51,16.93746937,37.07,0,0,5.87777777777778,0.1809226,1.21261263,6.67139345714286e-06,-4.2437,-4.1308544475957,-3.7737,-3.6608544475957,2022,5,20,136,"NULL",2022-05-16,0.818178278428351,0.33519752022519,FALSE,FALSE
"2022-05-16 07:00:00",15.565271,15.3546,15.5064419057507,15.32,14.67,17.31539457,427.3,0,0,5.85555555555556,0.3303581,3.625273828,1.67988986244898e-05,0.0345999999999993,0.1864419057507,0.6846,0.8364419057507,2022,5,20,136,"NULL",2022-05-16,0.818178278428351,0.33519752022519,FALSE,FALSE
"2022-05-16 08:00:00",18.367569,18.3005,18.2690886936264,16.58,15.96,18.77070671,870,0,0,5.85555555555556,0.1385806,6.147169048,2.32414457510204e-05,1.7205,1.6890886936264,2.3405,2.3090886936264,2022,5,20,136,"NULL",2022-05-16,0.818178278428351,0.33519752022519,FALSE,FALSE
"2022-05-16 09:00:00",18.969114,18.7142,18.5268700590008,16.2,16.53,18.31783429,1201,0,0,5.85555555555556,0.4105771,7.642245925,2.64193439673469e-05,2.5142,2.3268700590008,2.1842,1.9968700590008,2022,5,20,136,"NULL",2022-05-16,0.818178278428351,0.33519752022519,FALSE,FALSE
"2022-05-16 10:00:00",20.128946,19.5711,19.1631369501912,16.62,17.22,18.81893917,1648,0,0,5.85555555555556,0.4078004,8.257438456,2.56003607346939e-05,2.9511,2.5431369501912,2.3511,1.9431369501912,2022,5,20,136,"NULL",2022-05-16,0.818178278428351,0.33519752022519,FALSE,FALSE
"2022-05-16 11:00:00",20.487709,19.5281,19.1475167911676,16.88,17.51,19.12508615,1915,0,0,5.85555555555556,0.9799608,9.948357609,3.7921251122449e-05,2.6481,2.2675167911676,2.0181,1.6375167911676,2022,5,20,136,"NULL",2022-05-16,0.818178278428351,0.33519752022519,FALSE,FALSE
"2022-05-16 12:00:00",21.175491,20.0149,19.6152072649464,16.73,17.7,18.94213474,2050,0,0,5.85555555555556,0.6328684,9.827309793,4.42521118367347e-05,3.2849,2.8852072649464,2.3149,1.9152072649464,2022,5,20,136,"NULL",2022-05-16,0.818178278428351,0.33519752022519,FALSE,FALSE
"2022-05-16 13:00:00",21.839779,20.5516,20.0473842039958,17.72,18.97,20.16827724,2069,0,0,5.85555555555556,0.6744451,11.90268209,4.72875787346939e-05,2.8316,2.3273842039958,1.5816,1.0773842039958,2022,5,20,136,"NULL",2022-05-16,0.818178278428351,0.33519752022519,FALSE,FALSE
"2022-05-16 14:00:00",21.693356,20.3686,19.8986954901117,19.04,20.27,21.90519905,1957,0,0,5.87777777777778,0.8972382,13.11102333,7.0895861877551e-05,1.3286,0.8586954901117,0.0986000000000011,-0.371304509888301,2022,5,20,136,"NULL",2022-05-16,0.818178278428351,0.33519752022519,FALSE,FALSE
"2022-05-16 15:00:00",20.99908,20.0299,19.8075830619635,18.48,19.49,21.15424464,1765,0,0,5.87777777777778,0.5366382,7.817582305,2.72545929795918e-05,1.5499,1.3275830619635,0.539900000000003,0.3175830619635,2022,5,20,136,"NULL",2022-05-16,0.818178278428351,0.33519752022519,FALSE,FALSE
"2022-05-16 16:00:00",20.981289,20.2854,19.7569093008534,18.77,19.38,21.54539454,1403,0,0,5.87777777777778,0.9397715,11.68865943,4.74820344489796e-05,1.5154,0.986909300853402,0.9054,0.376909300853402,2022,5,20,136,"NULL",2022-05-16,0.818178278428351,0.33519752022519,FALSE,FALSE
"2022-05-16 17:00:00",20.218512,19.9803,19.9584557114279,19.23,19.39,22.16872445,1026,0,0,5.87777777777778,0.7153605,8.252972596,3.72437761959184e-05,0.750299999999999,0.728455711427898,0.590299999999999,0.568455711427898,2022,5,20,136,"NULL",2022-05-16,0.818178278428351,0.33519752022519,FALSE,FALSE
"2022-05-16 18:00:00",18.762264,18.6749,18.6765063584108,18.85,18.88,21.65439698,574.2,0,0,5.87777777777778,0.9594934,4.14324636,2.74099544489796e-05,-0.1751,-0.1734936415892,-0.205099999999998,-0.203493641589198,2022,5,20,136,"NULL",2022-05-16,0.818178278428351,0.33519752022519,FALSE,FALSE
"2022-05-17 10:00:00",20.787321,20.2307,19.9302682332683,17.21,16.78,19.53299511,1644,0,0,5.78888888888889,0.4961573,10.60033317,7.79953074693878e-05,3.0207,2.7202682332683,3.4507,3.1502682332683,2022,5,20,137,"NULL",2022-05-17,0.818178278428351,0.33519752022519,FALSE,FALSE
"2022-05-17 11:00:00",20.620262,19.5065,18.9040056747107,16.7,17.12,18.90572761,1916,0,0,5.78888888888889,0.6494439,16.54186664,7.93050500816327e-05,2.8065,2.2040056747107,2.3865,1.7840056747107,2022,5,20,137,"NULL",2022-05-17,0.818178278428351,0.33519752022519,FALSE,FALSE
"2022-05-17 12:00:00",19.275135,18.0433,17.1887207034514,16.85,18.06,19.08837348,2051,0,0,5.78888888888889,0.4900741,11.62446816,4.2722504e-05,1.1933,0.338720703451397,-0.0167000000000002,-0.8712792965486,2022,5,20,137,"NULL",2022-05-17,0.818178278428351,0.33519752022519,FALSE,FALSE
"2022-05-17 13:00:00",21.251925,20.0284,19.5318874553696,16.41,17.7,18.56691628,2073,0,0,5.78888888888889,0.7995428,12.46355539,6.62904831020408e-05,3.6184,3.1218874553696,2.3284,1.8318874553696,2022,5,20,137,"NULL",2022-05-17,0.818178278428351,0.33519752022519,FALSE,FALSE
"2022-05-17 15:00:00",20.119434,19.1438,18.8942112101491,17.83,18.71,20.30985966,1772,0,0,5.78888888888889,0.942213,13.05504799,3.28044825306122e-05,1.3138,1.0642112101491,0.433799999999998,0.184211210149098,2022,5,20,137,"NULL",2022-05-17,0.818178278428351,0.33519752022519,FALSE,FALSE
"2022-05-17 16:00:00",19.909578,19.2622,19.0217519434808,17.93,18.67,20.43931954,1413,0,0,5.8,1.038773,8.742934296,3.37430651387755e-05,1.3322,1.0917519434808,0.592199999999998,0.351751943480799,2022,5,20,137,"NULL",2022-05-17,0.818178278428351,0.33519752022519,FALSE,FALSE
"2022-05-17 17:00:00",18.81786,18.5442,18.5352421387152,18.03,18.13,20.5694958,1043,0,0,5.8,0.8709792,7.782224424,2.91550824571429e-05,0.514199999999999,0.5052421387152,0.414200000000001,0.405242138715202,2022,5,20,137,"NULL",2022-05-17,0.818178278428351,0.33519752022519,FALSE,FALSE
"2022-05-17 18:00:00",18.475569,18.3836,18.3506408802006,17.82,17.78,20.29695295,586.4,0,0,5.81111111111111,0.8416661,7.318445539,3.18837925346939e-05,0.563600000000001,0.5306408802006,0.6036,0.5706408802006,2022,5,20,137,"NULL",2022-05-17,0.818178278428351,0.33519752022519,FALSE,FALSE
"2022-05-18 10:00:00",20.060743,19.5046,18.9978907270011,15.48,15.45,17.49576682,1647,0,0,5.72222222222222,0.3098148,13.96954757,6.74589183673469e-05,4.0246,3.5178907270011,4.0546,3.5478907270011,2022,5,20,138,"NULL",2022-05-18,0.818178278428351,0.33519752022519,FALSE,FALSE
"2022-05-18 11:00:00",18.699894,17.645,17.1484698361652,16.74,17.15,18.95428398,1914,0,0,5.73333333333333,0.4608873,15.48281996,5.71485722040816e-05,0.905000000000001,0.408469836165203,0.495000000000001,-0.00153016383479709,2022,5,20,138,"NULL",2022-05-18,0.818178278428351,0.33519752022519,FALSE,FALSE
"2022-05-18 12:00:00",20.643085,19.4711,18.8111144792484,16.52,17.46,18.69855963,2050,0,0,5.74444444444444,0.2071796,14.57260124,5.66138847346939e-05,2.9511,2.2911144792484,2.0111,1.3511144792484,2022,5,20,138,"NULL",2022-05-18,0.818178278428351,0.33519752022519,FALSE,FALSE
"2022-05-18 13:00:00",18.952494,17.6273,17.2327999645489,16.62,17.84,18.80893917,2071,0,0,5.75555555555556,0.5561871,10.05250517,4.870757e-05,1.0073,0.612799964548898,-0.212699999999998,-0.6072000354511,2022,5,20,138,"NULL",2022-05-18,0.818178278428351,0.33519752022519,FALSE,FALSE
"2022-05-18 14:00:00",19.51247,18.2783,17.4328404851738,17.29,18.46,19.63301352,1959,0,0,5.76666666666667,0.6416276,10.28824683,3.86075236816326e-05,0.988300000000002,0.142840485173799,-0.181699999999999,-1.0271595148262,2022,5,20,138,"NULL",2022-05-18,0.818178278428351,0.33519752022519,FALSE,FALSE
"2022-05-18 15:00:00",18.806032,17.802,17.3462093894811,17.01,17.96,19.28488467,1767,0,0,5.76666666666667,0.6977037,6.539179324,1.98110035469388e-05,0.791999999999998,0.336209389481098,-0.158000000000001,-0.613790610518901,2022,5,20,138,"NULL",2022-05-18,0.818178278428351,0.33519752022519,FALSE,FALSE
"2022-05-18 16:00:00",19.02829,18.4377,18.2792516826619,17.36,18.03,19.72089454,1415,0,0,5.76666666666667,0.7248775,9.233485689,4.49644444897959e-05,1.0777,0.919251682661901,0.407699999999998,0.2492516826619,2022,5,20,138,"NULL",2022-05-18,0.818178278428351,0.33519752022519,FALSE,FALSE
"2022-05-18 17:00:00",18.068527,17.7667,17.5942015168013,17.59,17.82,20.00205883,1041,0,0,5.76666666666667,0.8226203,7.914170921,2.23425719510204e-05,0.1767,0.00420151680129877,-0.0533000000000001,-0.225798483198702,2022,5,20,138,"NULL",2022-05-18,0.818178278428351,0.33519752022519,FALSE,FALSE
"2022-05-18 18:00:00",18.049309,17.9795,17.9453980805753,17.15,17.23,19.45827228,583.6,0,0,5.75555555555556,0.9213139,5.415839093,3.14809885877551e-05,0.829500000000003,0.7953980805753,0.749500000000001,0.715398080575298,2022,5,20,138,"NULL",2022-05-18,0.818178278428351,0.33519752022519,FALSE,FALSE
"2022-05-19 10:00:00",17.60501,16.986,16.4912925172824,15.08,15.1,17.04787115,1634,0,0,5.67777777777778,0.5195082,15.32448092,4.18231210204082e-05,1.906,1.4112925172824,1.886,1.3912925172824,2022,5,20,139,"NULL",2022-05-19,0.818178278428351,0.33519752022519,FALSE,FALSE
"2022-05-19 11:00:00",21.251347,20.4206,20.0904828138057,16.67,16.64,18.86938132,1897,0,0,5.7,0.417865,11.79981742,-2.87562752734694e-05,3.7506,3.4204828138057,3.7806,3.4504828138057,2022,5,20,139,"NULL",2022-05-19,0.818178278428351,0.33519752022519,FALSE,FALSE
"2022-05-19 12:00:00",18.96236,17.7868,17.1860205084703,15.93,16.82,18.00186043,2034,0,0,5.67777777777778,0.8061894,12.41090663,0.000132306672367347,1.8568,1.2560205084703,0.966799999999999,0.366020508470299,2022,5,20,139,"NULL",2022-05-19,0.818178278428351,0.33519752022519,FALSE,FALSE
"2022-05-19 13:00:00",18.824942,17.5323,16.994532498544,15.56,16.9,17.5865646,2056,0,0,5.7,0.7147947,12.48138795,4.20841963265306e-05,1.9723,1.434532498544,0.632300000000001,0.0945324985440017,2022,5,20,139,"NULL",2022-05-19,0.818178278428351,0.33519752022519,FALSE,FALSE
"2022-05-19 14:00:00",18.391817,17.22,16.8721933605125,16.06,17.13,18.15339906,1947,0,0,5.71111111111111,1.114455,12.68932487,7.61519442857143e-05,1.16,0.812193360512502,0.0899999999999999,-0.257806639487498,2022,5,20,139,"NULL",2022-05-19,0.818178278428351,0.33519752022519,FALSE,FALSE
"2022-05-19 15:00:00",18.316614,17.4189,16.9409967587552,16.15,17.04,18.25895931,1760,0,0,5.7,0.5678324,8.990382253,1.97731339591837e-05,1.2689,0.790996758755202,0.378900000000002,-0.0990032412447981,2022,5,20,139,"NULL",2022-05-19,0.818178278428351,0.33519752022519,FALSE,FALSE
"2022-05-19 16:00:00",18.554714,17.9175,17.5309606720519,16.69,17.23,18.89360542,1411,0,0,5.7,1.021123,10.97815096,2.08518128285714e-05,1.2275,0.840960672051899,0.6875,0.3009606720519,2022,5,20,139,"NULL",2022-05-19,0.818178278428351,0.33519752022519,FALSE,FALSE
"2022-05-19 17:00:00",17.794403,17.4612,17.1822321668228,17.51,17.47,19.90036331,1042,0,0,5.7,0.9632249,8.394071959,5.40912780816327e-05,-0.0488,-0.327767833177202,-0.00879999999999725,-0.287767833177199,2022,5,20,139,"NULL",2022-05-19,0.818178278428351,0.33519752022519,FALSE,FALSE
"2022-05-19 18:00:00",16.549694,16.4643,16.4463971056696,16.41,16.59,18.56691628,622.6,0,0,5.71111111111111,0.8760656,7.873454494,2.90793208326531e-05,0.0543000000000013,0.0363971056696002,-0.125699999999998,-0.1436028943304,2022,5,20,139,"NULL",2022-05-19,0.818178278428351,0.33519752022519,FALSE,FALSE
"2022-05-21 12:00:00",17.056831,16.0537,15.6083655288547,13.16,14.11,15.05403058,2052,0,0,5.58888888888889,0.7195687,11.69911686,6.20283828571429e-05,2.8937,2.4483655288547,1.9437,1.4983655288547,2022,5,21,141,"NULL",2022-05-21,0.818178278428351,0.33519752022519,FALSE,FALSE
"2022-05-21 13:00:00",18.020458,17.0624,16.522069276544,13.92,15,15.81491913,2072,0,0,5.56666666666667,0.794322,15.49699621,0.000106564016163265,3.1424,2.602069276544,2.0624,1.522069276544,2022,5,21,141,"NULL",2022-05-21,0.818178278428351,0.33519752022519,FALSE,FALSE
"2022-05-21 14:00:00",18.933893,17.9885,17.7999134461016,14.5,15.36,16.42615813,1960,0,0,5.57777777777778,0.9255258,13.57348067,3.66620076571429e-05,3.4885,3.2999134461016,2.6285,2.4399134461016,2022,5,21,141,"NULL",2022-05-21,0.818178278428351,0.33519752022519,FALSE,FALSE
"2022-05-21 15:00:00",19.248245,18.4264,18.097582350409,15.87,16.56,17.93229147,1770,0,0,5.56666666666667,1.089211,15.74818317,4.68035172653061e-05,2.5564,2.227582350409,1.8664,1.537582350409,2022,5,21,141,"NULL",2022-05-21,0.818178278428351,0.33519752022519,FALSE,FALSE
"2022-05-21 17:00:00",17.501158,17.2659,17.1799999822744,15.83,15.98,17.8860422,1053,0,0,5.58888888888889,1.059846,9.113423526,2.58637298693878e-05,1.4359,1.3499999822744,1.2859,1.1999999822744,2022,5,21,141,"NULL",2022-05-21,0.818178278428351,0.33519752022519,FALSE,FALSE
"2022-05-21 18:00:00",17.241999,17.1794,17.1605018054747,15.52,15.62,17.54111457,598,0,0,5.61111111111111,1.084382,5.709594257,1.61598713428571e-05,1.6594,1.6405018054747,1.5594,1.5405018054747,2022,5,21,141,"NULL",2022-05-21,0.818178278428351,0.33519752022519,FALSE,FALSE
"2022-05-22 06:00:00",6.0772924,6.12557,6.11444535970221,11.23,10.98,13.25164025,41.27,0,0,5.57777777777778,0.8621262,0.5943739583,4.03887997469388e-05,-5.10443,-5.11555464029779,-4.85443,-4.86555464029779,2022,5,21,142,"NULL",2022-05-22,0.818178278428351,0.33519752022519,FALSE,FALSE
"2022-05-22 07:00:00",11.022622,10.9985,11.0480683345572,11.08,10.88,13.12911156,442.3,0,0,5.55555555555556,0.767472,2.728120785,7.41326252244898e-05,-0.0815000000000001,-0.0319316654427997,0.118499999999999,0.1680683345572,2022,5,21,142,"NULL",2022-05-22,0.818178278428351,0.33519752022519,FALSE,FALSE
"2022-05-22 08:00:00",12.21982,12.1393,12.0938503735028,11.27,11.2,13.28717786,529.5,0,0,5.54444444444444,0.7099275,5.173520461,5.72329499183673e-05,0.869300000000001,0.8238503735028,0.939300000000001,0.893850373502801,2022,5,21,142,"NULL",2022-05-22,0.818178278428351,0.33519752022519,FALSE,FALSE
"2022-05-22 09:00:00",13.403,13.2484,13.1571525512142,12.16,12.22,14.09969218,687,0,0,5.53333333333333,0.8768063,9.25687868,5.54504461632653e-05,1.0884,0.997152551214199,1.0284,0.937152551214199,2022,5,21,142,"NULL",2022-05-22,0.818178278428351,0.33519752022519,FALSE,FALSE
"2022-05-22 10:00:00",17.78616,17.3183,16.9897192904712,12.89,13.15,14.78815496,1228,0,0,5.52222222222222,0.7758648,12.52908643,4.08558633469388e-05,4.4283,4.0997192904712,4.1683,3.8397192904712,2022,5,21,142,"NULL",2022-05-22,0.818178278428351,0.33519752022519,FALSE,FALSE
"2022-05-22 11:00:00",17.446438,16.9142,16.3805783216429,14.04,14.72,15.93973058,1890,0,0,5.52222222222222,0.8317741,19.25708336,5.80707924081633e-05,2.8742,2.3405783216429,2.1942,1.6605783216429,2022,5,21,142,"NULL",2022-05-22,0.818178278428351,0.33519752022519,FALSE,FALSE
"2022-05-22 12:00:00",18.834232,18.0951,17.542714223494,14.91,15.73,16.86055889,1434,0,0,5.53333333333333,0.4136313,16.92220004,3.5522099644898e-05,3.1851,2.632714223494,2.3651,1.812714223494,2022,5,21,142,"NULL",2022-05-22,0.818178278428351,0.33519752022519,FALSE,FALSE
"2022-05-22 13:00:00",18.05839,17.5709,17.3314838266947,14.71,15.03,16.64248718,909,0,0,5.53333333333333,0.7803975,17.74716414,4.86907132244898e-05,2.8609,2.6214838266947,2.5409,2.3014838266947,2022,5,21,142,"NULL",2022-05-22,0.818178278428351,0.33519752022519,FALSE,FALSE
"2022-05-22 15:00:00",18.9729,18.2942,17.9868778025373,15.07,15.38,17.03680286,805,0,0,5.54444444444444,0.792306,8.705714257,2.57268913673469e-05,3.2242,2.9168778025373,2.9142,2.6068778025373,2022,5,21,142,"NULL",2022-05-22,0.818178278428351,0.33519752022519,FALSE,FALSE
"2022-05-22 16:00:00",19.608183,19.1193,18.6802281000734,16.21,16.88,18.32962909,1425,0,0,5.54444444444444,1.007833,9.823493979,3.32143306285714e-05,2.9093,2.4702281000734,2.2393,1.8002281000734,2022,5,21,142,"NULL",2022-05-22,0.818178278428351,0.33519752022519,FALSE,FALSE
"2022-05-22 17:00:00",18.28442,18.0678,17.9652270542655,16.05,16.34,18.14170298,1054,0,0,5.54444444444444,0.8998607,7.861345661,2.22489714122449e-05,2.0178,1.9152270542655,1.7278,1.6252270542655,2022,5,21,142,"NULL",2022-05-22,0.818178278428351,0.33519752022519,FALSE,FALSE
"2022-05-22 18:00:00",18.377184,18.2964,18.2716768681472,16.31,16.4,18.44794082,599.1,0,0,5.54444444444444,1.100609,7.01212349,1.77997740897959e-05,1.9864,1.9616768681472,1.8964,1.8716768681472,2022,5,21,142,"NULL",2022-05-22,0.818178278428351,0.33519752022519,FALSE,FALSE
"2022-05-23 06:00:00",3.9367414,3.95606,3.96463710085842,9.39,9.23,11.72394032,46.6,0,0,5.52222222222222,0.7258098,0.5110155793,2.53782170081633e-05,-5.43394,-5.42536289914158,-5.27394,-5.26536289914158,2022,5,21,143,"NULL",2022-05-23,0.818178278428351,0.33519752022519,FALSE,FALSE
"2022-05-23 07:00:00",10.255059,10.046,10.2274317771138,9.67,9.5,11.94876113,443.1,0,0,5.52222222222222,0.764968,4.778913443,5.58923282040816e-05,0.375999999999999,0.5574317771138,0.545999999999999,0.7274317771138,2022,5,21,143,"NULL",2022-05-23,0.818178278428351,0.33519752022519,FALSE,FALSE
"2022-05-23 08:00:00",12.721457,12.7457,12.8105658985592,10.87,10.66,12.94551439,873,0,0,5.52222222222222,0.7984619,9.302076972,5.55230818367347e-06,1.8757,1.9405658985592,2.0857,2.1505658985592,2022,5,21,143,"NULL",2022-05-23,0.818178278428351,0.33519752022519,FALSE,FALSE
"2022-05-23 09:00:00",14.523598,14.4019,14.2865786634929,11.61,11.72,13.59261983,1208,0,0,5.52222222222222,0.778485,14.49398141,4.26215887755102e-05,2.7919,2.6765786634929,2.6819,2.5665786634929,2022,5,21,143,"NULL",2022-05-23,0.818178278428351,0.33519752022519,FALSE,FALSE
"2022-05-23 10:00:00",15.283098,14.8029,14.3688466182168,12.42,12.77,14.34508838,1643,0,0,5.52222222222222,0.738841,15.87546054,9.10878993061224e-05,2.3829,1.9488466182168,2.0329,1.5988466182168,2022,5,21,143,"NULL",2022-05-23,0.818178278428351,0.33519752022519,FALSE,FALSE
"2022-05-23 11:00:00",18.023071,17.2242,16.8559208022081,13.23,13.87,15.12363764,1914,0,0,5.52222222222222,0.9048354,14.06435165,0.000160809167346939,3.9942,3.6259208022081,3.3542,2.9859208022081,2022,5,21,143,"NULL",2022-05-23,0.818178278428351,0.33519752022519,FALSE,FALSE
"2022-05-23 12:00:00",18.140282,17.1249,16.6988796865108,13.63,14.67,15.51679965,2049,0,0,5.52222222222222,0.7945068,14.3482479,4.59207313061225e-05,3.4949,3.0688796865108,2.4549,2.0288796865108,2022,5,21,143,"NULL",2022-05-23,0.818178278428351,0.33519752022519,FALSE,FALSE
"2022-05-23 13:00:00",17.898504,16.9953,16.767425466562,14.18,15.27,16.08642753,2047,0,0,5.53333333333333,0.9475144,16.74035412,-1.03811478040816e-05,2.8153,2.587425466562,1.7253,1.497425466562,2022,5,21,143,"NULL",2022-05-23,0.818178278428351,0.33519752022519,FALSE,FALSE
"2022-05-23 14:00:00",18.435102,17.5457,17.2485411967284,14.78,15.7,16.71853133,1952,0,0,5.52222222222222,1.060778,12.91023629,7.6279621755102e-05,2.7657,2.4685411967284,1.8457,1.5485411967284,2022,5,21,143,"NULL",2022-05-23,0.818178278428351,0.33519752022519,FALSE,FALSE
"2022-05-23 16:00:00",17.113829,16.5814,16.271767501456,15.44,16.4,17.45052113,1399,0,0,5.54444444444444,1.038277,9.567680856,3.45394341183673e-05,1.1414,0.831767501456001,0.1814,-0.128232498543998,2022,5,21,143,"NULL",2022-05-23,0.818178278428351,0.33519752022519,FALSE,FALSE
"2022-05-23 18:00:00",14.85085,14.7575,14.7533037248993,13.89,13.99,15.7838496,379.1,0,0,5.54444444444444,1.090846,4.894147926,2.24530169632653e-05,0.8675,0.8633037248993,0.7675,0.7633037248993,2022,5,21,143,"NULL",2022-05-23,0.818178278428351,0.33519752022519,FALSE,FALSE
"2022-05-24 06:00:00",3.617051,3.61867,3.57964827808868,9.21,8.98,11.58137258,47.1,0,0,5.51111111111111,0.7333817,0,1.72345081795918e-05,-5.59133,-5.63035172191132,-5.36133,-5.40035172191132,2022,5,21,144,"NULL",2022-05-24,0.818178278428351,0.33519752022519,FALSE,FALSE
"2022-05-24 07:00:00",9.979244,9.74038,9.89046342812286,10.55,9.57,12.6700571,444.8,0,0,5.5,0.6285316,2.432095146,-3.77522332326531e-05,-0.809620000000001,-0.65953657187714,0.17038,0.32046342812286,2022,5,21,144,"NULL",2022-05-24,0.818178278428351,0.33519752022519,FALSE,FALSE
"2022-05-24 08:00:00",12.614942,12.648,12.7348907270011,11.48,10.28,13.47511768,880,0,0,5.5,0.7716698,5.541318797,3.42375402612245e-05,1.168,1.2548907270011,2.368,2.4548907270011,2022,5,21,144,"NULL",2022-05-24,0.818178278428351,0.33519752022519,FALSE,FALSE
"2022-05-24 09:00:00",14.48538,14.3072,14.4187739915424,12.5,11.68,14.42134052,1209,0,0,5.48888888888889,0.859517,8.10078673,4.85301511020408e-05,1.8072,1.9187739915424,2.6272,2.7387739915424,2022,5,21,144,"NULL",2022-05-24,0.818178278428351,0.33519752022519,FALSE,FALSE
"2022-05-24 10:00:00",16.159279,15.5894,15.3686067888886,13.58,13.34,15.4758976,1647,0,0,5.5,0.8600011,10.44672404,3.55309248897959e-05,2.0094,1.7886067888886,2.2494,2.0286067888886,2022,5,21,144,"NULL",2022-05-24,0.818178278428351,0.33519752022519,FALSE,FALSE
"2022-05-24 11:00:00",17.859991,17.0078,16.6718272112633,13.59,14.04,15.48606636,1915,0,0,5.48888888888889,0.6932855,11.84894085,4.52265766530612e-05,3.4178,3.0818272112633,2.9678,2.6318272112633,2022,5,21,144,"NULL",2022-05-24,0.818178278428351,0.33519752022519,FALSE,FALSE
"2022-05-24 12:00:00",18.15486,17.2479,16.8321233091084,14.84,15.86,16.78395258,2048,0,0,5.48888888888889,0.7941011,13.78752824,7.46672619591837e-05,2.4079,1.9921233091084,1.3879,0.972123309108401,2022,5,21,144,"NULL",2022-05-24,0.818178278428351,0.33519752022519,FALSE,FALSE
"2022-05-24 13:00:00",19.996548,18.9058,18.3879241877896,15.58,17.07,17.60932802,2071,0,0,5.48888888888889,0.738277,16.4144311,0.000107137938979592,3.3258,2.8079241877896,1.8358,1.3179241877896,2022,5,21,144,"NULL",2022-05-24,0.818178278428351,0.33519752022519,FALSE,FALSE
"2022-05-24 14:00:00",20.26485,19.3416,18.9761479754881,16.7,17.66,18.90572761,1966,0,0,5.5,0.6269522,13.41174298,9.84756752653061e-05,2.6416,2.2761479754881,1.6816,1.3161479754881,2022,5,21,144,"NULL",2022-05-24,0.818178278428351,0.33519752022519,FALSE,FALSE
"2022-05-24 15:00:00",20.529615,19.6792,19.4322158542453,17.11,18,19.40859523,1778,0,0,5.48888888888889,0.5921224,13.75823357,9.61623008163265e-05,2.5692,2.3222158542453,1.6792,1.4322158542453,2022,5,21,144,"NULL",2022-05-24,0.818178278428351,0.33519752022519,FALSE,FALSE
"2022-05-24 16:00:00",19.14515,18.4948,18.3092656073536,16.98,17.73,19.24790544,1428,0,0,5.52222222222222,0.6428153,12.31438362,6.70558366122449e-05,1.5148,1.3292656073536,0.764800000000001,0.579265607353598,2022,5,21,144,"NULL",2022-05-24,0.818178278428351,0.33519752022519,FALSE,FALSE
"2022-05-24 17:00:00",18.81013,18.4595,18.3263629535844,17.34,17.34,19.69575085,1059,0,0,5.52222222222222,0.7144192,7.81578603,7.11550448571429e-05,1.1195,0.986362953584401,1.1195,0.986362953584401,2022,5,21,144,"NULL",2022-05-24,0.818178278428351,0.33519752022519,FALSE,FALSE
"2022-05-24 18:00:00",17.39658,17.3153,17.2717551492745,16.06,16.18,18.15339906,608.6,0,0,5.51111111111111,0.4088399,8.524582266,3.35208223918367e-05,1.2553,1.2117551492745,1.1353,1.0917551492745,2022,5,21,144,"NULL",2022-05-24,0.818178278428351,0.33519752022519,FALSE,FALSE
"2022-05-25 06:00:00",6.9319634,6.95405,7.02193259122332,11.58,11.31,13.56542491,52.25,0,0,5.47777777777778,0.4372394,0.0237795205,2.16017147306122e-05,-4.62595,-4.55806740877668,-4.35595,-4.28806740877668,2022,5,21,145,"NULL",2022-05-25,0.818178278428351,0.33519752022519,FALSE,FALSE
"2022-05-25 07:00:00",14.362717,14.1106,14.3962584842116,13.8,12.65,15.69095978,426.6,0,0,5.48888888888889,0.5131822,3.13098634,2.12077148857143e-05,0.310599999999999,0.596258484211599,1.4606,1.7462584842116,2022,5,21,145,"NULL",2022-05-25,0.818178278428351,0.33519752022519,FALSE,FALSE
"2022-05-25 08:00:00",17.298937,17.4321,17.461112744676,16.07,14.42,18.1651017,888,0,0,5.46666666666667,0.4587241,6.064021275,3.39249071714286e-05,1.3621,1.391112744676,3.0121,3.041112744676,2022,5,21,145,"NULL",2022-05-25,0.818178278428351,0.33519752022519,FALSE,FALSE
"2022-05-25 09:00:00",19.934679,19.8436,19.70228220354,16.82,15.54,19.05172209,1212,0,0,5.45555555555556,0.46111,10.50445694,9.60512307755102e-05,3.0236,2.88228220354,4.3036,4.16228220354,2022,5,21,145,"NULL",2022-05-25,0.818178278428351,0.33519752022519,FALSE,FALSE
"2022-05-25 10:00:00",18.902346,18.317,17.6341427565774,17.53,16.77,19.93574498,1650,0,0,5.45555555555556,0.4691447,11.73516718,0.000196658399469388,0.786999999999999,0.104142756577399,1.547,0.864142756577401,2022,5,21,145,"NULL",2022-05-25,0.818178278428351,0.33519752022519,FALSE,FALSE
"2022-05-25 11:00:00",19.575891,18.6586,17.5037500037983,18.97,18.41,21.81879851,1917,0,0,5.48888888888889,0.6092314,12.84138606,0.000137233372979592,-0.311399999999999,-1.4662499962017,0.2486,-0.906249996201701,2022,5,21,145,"NULL",2022-05-25,0.818178278428351,0.33519752022519,FALSE,FALSE
"2022-05-25 12:00:00",21.477114,20.4476,19.3396108252513,19.05,19.72,21.9190007,2047,0,0,5.48888888888889,0.7250431,11.81258297,0.000105320282571429,1.3976,0.289610825251298,0.727600000000002,-0.3803891747487,2022,5,21,145,"NULL",2022-05-25,0.818178278428351,0.33519752022519,FALSE,FALSE
"2022-05-25 13:00:00",22.033367,20.8679,20.8127765718771,20.29,21,23.68002067,2068,0,0,5.47777777777778,0.5789065,9.348878618,9.4268504e-05,0.5779,0.522776571877102,-0.132100000000001,-0.187223428122898,2022,5,21,145,"NULL",2022-05-25,0.818178278428351,0.33519752022519,FALSE,FALSE
"2022-05-25 14:00:00",21.796982,20.6309,19.9692280190423,20.03,20.72,23.29872787,1957,0,0,5.48888888888889,0.2202097,9.203843189,9.33306878367347e-05,0.600899999999999,-0.0607719809576999,-0.0890999999999984,-0.750771980957698,2022,5,21,145,"NULL",2022-05-25,0.818178278428351,0.33519752022519,FALSE,FALSE
"2022-05-25 15:00:00",24.09219,23.1318,22.9567678838216,19.25,20.1,22.19662336,1771,0,0,5.48888888888889,0.4719672,13.65293619,7.15541452653061e-05,3.8818,3.7067678838216,3.0318,2.8567678838216,2022,5,21,145,"NULL",2022-05-25,0.818178278428351,0.33519752022519,FALSE,FALSE
"2022-05-25 16:00:00",22.855392,22.1086,21.8482760856904,20.23,20.98,23.59155292,1423,0,0,5.48888888888889,0.8009275,5.864581162,4.47928277142857e-05,1.8786,1.6182760856904,1.1286,0.8682760856904,2022,5,21,145,"NULL",2022-05-25,0.818178278428351,0.33519752022519,FALSE,FALSE
"2022-05-25 17:00:00",20.564243,20.1905,20.0902858929883,21.57,21.24,25.61715267,1065,0,0,5.5,0.663255,5.987660712,5.24339651428571e-05,-1.3795,-1.4797141070117,-1.0495,-1.1497141070117,2022,5,21,145,"NULL",2022-05-25,0.818178278428351,0.33519752022519,FALSE,FALSE
"2022-05-25 18:00:00",19.075218,18.9726,18.665539474817,19.72,19.62,22.86108047,616.3,0,0,5.5,0.6061063,3.907550014,2.89423551346939e-05,-0.747399999999999,-1.054460525183,-0.647400000000001,-0.954460525183002,2022,5,21,145,"NULL",2022-05-25,0.818178278428351,0.33519752022519,FALSE,FALSE
"2022-05-26 06:00:00",10.529972,10.5985,10.6197031678104,15.06,14.12,17.02574083,49.59,0,0,5.46666666666667,0.1286076,1.707257876,3.37715306285714e-07,-4.4615,-4.4402968321896,-3.5215,-3.5002968321896,2022,5,21,146,"NULL",2022-05-26,0.818178278428351,0.33519752022519,FALSE,FALSE
"2022-05-26 07:00:00",17.501743,17.2033,17.597087551594,17.04,15.39,19.32192566,457.6,0,0,5.45555555555556,0.3417712,5.182103608,2.38425408e-05,0.1633,0.557087551594002,1.8133,2.207087551594,2022,5,21,146,"NULL",2022-05-26,0.818178278428351,0.33519752022519,FALSE,FALSE
"2022-05-26 08:00:00",18.625751,18.8373,18.8792950976172,18.76,17.31,21.5318028,888,0,0,5.45555555555556,0.5286514,8.625144149,6.54610962040816e-05,0.0772999999999975,0.119295097617197,1.5273,1.5692950976172,2022,5,21,146,"NULL",2022-05-26,0.818178278428351,0.33519752022519,FALSE,FALSE
"2022-05-26 09:00:00",21.041489,20.9565,20.8211425413385,19.55,18.57,22.6187793,1211,0,0,5.44444444444444,0.5030713,12.62525364,9.15901546938775e-05,1.4065,1.2711425413385,2.3865,2.2511425413385,2022,5,21,146,"NULL",2022-05-26,0.818178278428351,0.33519752022519,FALSE,FALSE
"2022-05-26 10:00:00",22.18909,21.6094,21.0775398749082,19.76,19.45,22.91841881,1641,0,0,5.45555555555556,0.4747962,11.61168478,0.000107816963591837,1.8494,1.3175398749082,2.1594,1.6275398749082,2022,5,21,146,"NULL",2022-05-26,0.818178278428351,0.33519752022519,FALSE,FALSE
"2022-05-26 11:00:00",23.514368,22.5116,21.579136970449,20.15,20.57,23.47404203,1910,0,0,5.47777777777778,0.4288867,9.319847125,9.30753718367347e-05,2.3616,1.429136970449,1.9416,1.009136970449,2022,5,21,146,"NULL",2022-05-26,0.818178278428351,0.33519752022519,FALSE,FALSE
"2022-05-26 12:00:00",22.788815,21.7208,21.0980588260616,19.95,21.1,23.18248384,2046,0,0,5.47777777777778,0.4950942,10.34180321,4.4216258244898e-05,1.7708,1.1480588260616,0.620799999999999,-0.00194117393840187,2022,5,21,146,"NULL",2022-05-26,0.818178278428351,0.33519752022519,FALSE,FALSE
"2022-05-26 13:00:00",23.357578,22.2577,21.6938221037705,19.68,20.8,22.80386669,2068,0,0,5.46666666666667,0.7010003,10.22034848,4.90604251836735e-05,2.5777,2.0138221037705,1.4577,0.8938221037705,2022,5,21,146,"NULL",2022-05-26,0.818178278428351,0.33519752022519,FALSE,FALSE
"2022-05-26 14:00:00",23.965488,22.8803,22.2749819705756,20.61,21.61,24.14672643,1959,0,0,5.47777777777778,0.8589613,10.3717205,6.09168904489796e-05,2.2703,1.6649819705756,1.2703,0.664981970575599,2022,5,21,146,"NULL",2022-05-26,0.818178278428351,0.33519752022519,FALSE,FALSE
"2022-05-26 15:00:00",23.034784,22.1196,21.6459635056089,21.23,22.32,25.08408091,1776,0,0,5.47777777777778,0.7057287,9.533472666,6.10767629387755e-05,0.889599999999998,0.4159635056089,-0.200400000000002,-0.6740364943911,2022,5,21,146,"NULL",2022-05-26,0.818178278428351,0.33519752022519,FALSE,FALSE
"2022-05-26 16:00:00",22.518726,21.8508,21.3882763895571,21.12,22.01,24.91368803,1416,0,0,5.46666666666667,0.8619161,7.968362751,1.97906189102041e-05,0.730799999999999,0.268276389557098,-0.159200000000002,-0.621723610442903,2022,5,21,146,"NULL",2022-05-26,0.818178278428351,0.33519752022519,FALSE,FALSE
"2022-05-26 17:00:00",21.392689,21.0677,20.7978257197843,20.75,21.09,24.35788903,1054,0,0,5.47777777777778,0.8227993,5.946356316,3.00177292816327e-05,0.317699999999999,0.0478257197842993,-0.0223000000000013,-0.292174280215701,2022,5,21,146,"NULL",2022-05-26,0.818178278428351,0.33519752022519,FALSE,FALSE
"2022-05-26 18:00:00",20.876028,20.7995,20.5634644526601,21,21.12,24.73895,605.6,0,0,5.47777777777778,0.5102199,5.852389971,9.09390969387755e-06,-0.200500000000002,-0.436535547339901,-0.320500000000003,-0.556535547339902,2022,5,21,146,"NULL",2022-05-26,0.818178278428351,0.33519752022519,FALSE,FALSE
"2022-05-27 06:00:00",11.769426,11.8167,11.7966461219012,16.16,15.65,18.27072112,51.72,0,0,5.43333333333333,0.251519,1.431583047,-2.96224926571429e-06,-4.3433,-4.3633538780988,-3.8333,-3.8533538780988,2022,5,21,147,"NULL",2022-05-27,0.818178278428351,0.33519752022519,FALSE,FALSE
"2022-05-27 07:00:00",17.714924,17.4028,17.6940081107088,16.62,16.24,18.81893917,457.6,0,0,5.42222222222222,0.3388208,4.20815605,7.60881588163265e-06,0.782799999999998,1.0740081107088,1.1628,1.4540081107088,2022,5,21,147,"NULL",2022-05-27,0.818178278428351,0.33519752022519,FALSE,FALSE
"2022-05-27 08:00:00",18.034216,17.9103,17.9186451824466,17.97,17.57,20.49130389,887,0,0,5.42222222222222,0.4330918,7.443826581,3.5676486044898e-05,-0.0596999999999994,-0.0513548175533991,0.340299999999999,0.348645182446599,2022,5,21,147,"NULL",2022-05-27,0.818178278428351,0.33519752022519,FALSE,FALSE
"2022-05-27 09:00:00",20.463284,20.2676,19.878698019802,18.26,18.16,20.87163819,1209,0,0,5.42222222222222,0.4151229,10.35243118,4.1627880244898e-05,2.0076,1.618698019802,2.1076,1.718698019802,2022,5,21,147,"NULL",2022-05-27,0.818178278428351,0.33519752022519,FALSE,FALSE
"2022-05-27 10:00:00",20.643253,20.0727,19.4922987718721,18.21,18.65,20.8056291,1643,0,0,5.43333333333333,0.4618552,14.01803452,3.63868919346939e-05,1.8627,1.2822987718721,1.4227,0.842298771872102,2022,5,21,147,"NULL",2022-05-27,0.818178278428351,0.33519752022519,FALSE,FALSE
"2022-05-27 11:00:00",22.178474,21.2031,20.6077163581576,19.24,19.86,22.1826701,1903,0,0,5.43333333333333,0.4378648,8.889324663,5.94476669795918e-05,1.9631,1.3677163581576,1.3431,0.7477163581576,2022,5,21,147,"NULL",2022-05-27,0.818178278428351,0.33519752022519,FALSE,FALSE
"2022-05-27 12:00:00",22.732288,21.6619,21.2364374920868,19.3,20.26,22.26650402,2034,0,0,5.44444444444444,0.628338,12.21258532,9.15116335510204e-05,2.3619,1.9364374920868,1.4019,0.976437492086799,2022,5,21,147,"NULL",2022-05-27,0.818178278428351,0.33519752022519,FALSE,FALSE
"2022-05-27 13:00:00",24.157955,23.0704,22.5528793294675,20.04,21.28,23.31329387,2054,0,0,5.45555555555556,0.9544933,11.62461875,1.61523247632653e-05,3.0304,2.5128793294675,1.7904,1.2728793294675,2022,5,21,147,"NULL",2022-05-27,0.818178278428351,0.33519752022519,FALSE,FALSE
"2022-05-27 14:00:00",23.1946,22.1108,21.7425458180345,19.67,20.71,22.78958268,1949,0,0,5.45555555555556,0.7359499,8.99537834,4.50115664081633e-05,2.4408,2.0725458180345,1.4008,1.0325458180345,2022,5,21,147,"NULL",2022-05-27,0.818178278428351,0.33519752022519,FALSE,FALSE
"2022-05-27 15:00:00",23.102652,22.1662,21.8392943024993,20.29,21.14,23.68002067,1750,0,0,5.46666666666667,0.9297257,10.50036132,6.70010209387755e-05,1.8762,1.5492943024993,1.0262,0.6992943024993,2022,5,21,147,"NULL",2022-05-27,0.818178278428351,0.33519752022519,FALSE,FALSE
"2022-05-27 16:00:00",22.651295,22.1007,21.8878363297967,20.34,21.04,23.75396352,1407,0,0,5.46666666666667,0.9414725,8.834160769,2.62948447632653e-05,1.7607,1.5478363297967,1.0607,0.847836329796699,2022,5,21,147,"NULL",2022-05-27,0.818178278428351,0.33519752022519,FALSE,FALSE
"2022-05-27 17:00:00",21.771221,21.5098,21.2936269529766,21.12,21.59,24.91368803,1046,0,0,5.46666666666667,0.8628654,7.152801961,4.90490051428571e-05,0.389799999999997,0.173626952976598,-0.0802000000000014,-0.296373047023401,2022,5,21,147,"NULL",2022-05-27,0.818178278428351,0.33519752022519,FALSE,FALSE
"2022-05-27 18:00:00",19.554972,19.4546,19.2831969056241,20.3,20.54,23.69479325,515.2,0,0,5.45555555555556,0.7804295,4.897367308,3.28329486979592e-05,-0.845400000000001,-1.0168030943759,-1.0854,-1.2568030943759,2022,5,21,147,"NULL",2022-05-27,0.818178278428351,0.33519752022519,FALSE,FALSE
"2022-05-28 06:00:00",7.730151,7.76777,7.76914981134942,12,11.8,13.95050617,52.97,0,0,5.4,0.7500762,1.255196163,1.12655832040816e-05,-4.23223,-4.23085018865058,-4.03223,-4.03085018865058,2022,5,22,148,"NULL",2022-05-28,0.818178278428351,0.33519752022519,FALSE,FALSE
"2022-05-28 07:00:00",12.993425,12.854,12.902300625459,12.36,12.24,14.2881303,498,0,0,5.38888888888889,0.8545575,4.669135943,6.82473003265306e-06,0.494,0.542300625459001,0.613999999999999,0.662300625459,2022,5,22,148,"NULL",2022-05-28,0.818178278428351,0.33519752022519,FALSE,FALSE
"2022-05-28 08:00:00",12.575157,12.4933,12.5169519130941,12.33,12.33,14.2597253,547,0,0,5.37777777777778,0.6545562,4.477829564,2.57274727795918e-05,0.1633,0.1869519130941,0.1633,0.1869519130941,2022,5,22,148,"NULL",2022-05-28,0.818178278428351,0.33519752022519,FALSE,FALSE
"2022-05-30 06:00:00",0.46165878,0.457118,0.498120943665899,6.809,6.676,9.829462557,61.43,0,0,5.27777777777778,0.6096734,0,6.59849064897959e-07,-6.351882,-6.3108790563341,-6.218882,-6.1778790563341,2022,5,22,150,"NULL",2022-05-30,0.818178278428351,0.33519752022519,FALSE,FALSE
"2022-05-30 07:00:00",7.3391433,7.09021,7.24715416272062,7.095,6.884,10.02621763,461.3,0,0,5.27777777777778,0.5903689,2.052909148,1.90326506734694e-06,-0.00478999999999985,0.15215416272062,0.20621,0.36315416272062,2022,5,22,150,"NULL",2022-05-30,0.818178278428351,0.33519752022519,FALSE,FALSE
"2022-05-30 08:00:00",10.179276,10.1029,10.0871551044542,8.38,8.15,10.94339218,889,0,0,5.27777777777778,0.5847751,5.593695389,3.62788053020408e-05,1.7229,1.7071551044542,1.9529,1.9371551044542,2022,5,22,150,"NULL",2022-05-30,0.818178278428351,0.33519752022519,FALSE,FALSE
"2022-05-30 09:00:00",12.535679,12.3301,11.9493817150743,9.77,9.73,12.0199623,1214,0,0,5.3,0.2809602,10.18542129,4.06266907673469e-05,2.5601,2.1793817150743,2.6001,2.2193817150743,2022,5,22,150,"NULL",2022-05-30,0.818178278428351,0.33519752022519,FALSE,FALSE
"2022-05-30 10:00:00",14.022879,13.5426,13.1662501633284,10.3,10.81,12.45843045,1648,0,0,5.3,0.5460009,13.585782,6.64098564489796e-05,3.2426,2.8662501633284,2.7326,2.3562501633284,2022,5,22,150,"NULL",2022-05-30,0.818178278428351,0.33519752022519,FALSE,FALSE
"2022-05-30 11:00:00",15.215807,14.3367,13.9118947405738,10.75,11.37,12.84161137,1917,0,0,5.31111111111111,1.003357,8.761034813,3.19168607714286e-05,3.5867,3.1618947405738,2.9667,2.5418947405738,2022,5,22,150,"NULL",2022-05-30,0.818178278428351,0.33519752022519,FALSE,FALSE
"2022-05-30 12:00:00",16.270226,15.3312,14.7864112076169,11.94,12.9,13.89491748,2051,0,0,5.31111111111111,1.010551,13.64942924,3.68482048612245e-05,3.3912,2.8464112076169,2.4312,1.8864112076169,2022,5,22,150,"NULL",2022-05-30,0.818178278428351,0.33519752022519,FALSE,FALSE
"2022-05-30 13:00:00",17.466352,16.3896,15.7721888835431,13.63,14.73,15.51679965,2072,0,0,5.31111111111111,0.8688375,12.07696128,6.75731565714286e-05,2.7596,2.1421888835431,1.6596,1.0421888835431,2022,5,22,150,"NULL",2022-05-30,0.818178278428351,0.33519752022519,FALSE,FALSE
"2022-05-30 14:00:00",17.745855,16.9055,16.4164119647515,13.93,14.7,15.82528747,1970,0,0,5.31111111111111,0.9478683,13.95490347,4.21503104489796e-05,2.9755,2.4864119647515,2.2055,1.7164119647515,2022,5,22,150,"NULL",2022-05-30,0.818178278428351,0.33519752022519,FALSE,FALSE
"2022-05-30 15:00:00",18.435215,17.7105,17.3298738218835,14.92,15.6,16.87152746,1785,0,0,5.31111111111111,0.7421926,12.51631906,2.80660429387755e-05,2.7905,2.4098738218835,2.1105,1.7298738218835,2022,5,22,150,"NULL",2022-05-30,0.818178278428351,0.33519752022519,FALSE,FALSE
"2022-05-30 16:00:00",18.160381,17.6091,17.4290207389025,15.31,15.88,17.30417525,1435,0,0,5.34444444444444,0.9050861,11.21885818,1.95245395591837e-05,2.2991,2.1190207389025,1.7291,1.5490207389025,2022,5,22,150,"NULL",2022-05-30,0.818178278428351,0.33519752022519,FALSE,FALSE
"2022-05-30 17:00:00",18.048237,17.8033,17.6594458864045,16.18,16.4,18.29426452,1078,0,0,5.34444444444444,1.036847,9.879861918,2.71197244653061e-05,1.6233,1.4794458864045,1.4033,1.2594458864045,2022,5,22,150,"NULL",2022-05-30,0.818178278428351,0.33519752022519,FALSE,FALSE
"2022-05-30 18:00:00",17.240246,17.1626,17.1263790230685,15.27,15.39,17.2593612,631.5,0,0,5.33333333333333,1.096181,8.138025284,2.86010333877551e-05,1.8926,1.8563790230685,1.7726,1.7363790230685,2022,5,22,150,"NULL",2022-05-30,0.818178278428351,0.33519752022519,FALSE,FALSE
"2022-05-31 06:00:00",4.0193872,4.03669,4.05009073409131,9.51,9.21,11.81983532,64.32,0,0,5.27777777777778,0.6274812,1.906763383,-2.70947517673469e-07,-5.47331,-5.45990926590869,-5.17331,-5.15990926590869,2022,5,22,151,"NULL",2022-05-31,0.818178278428351,0.33519752022519,FALSE,FALSE
"2022-05-31 07:00:00",11.567242,11.2727,11.5778873363551,10.52,10.14,12.64449732,469.2,0,0,5.27777777777778,0.6823701,3.905399441,2.27280808204082e-05,0.752700000000001,1.0578873363551,1.1327,1.4378873363551,2022,5,22,151,"NULL",2022-05-31,0.818178278428351,0.33519752022519,FALSE,FALSE
"2022-05-31 08:00:00",14.147966,14.1842,14.194157782786,12.19,11.89,14.12781895,899,0,0,5.26666666666667,0.7985436,10.80547599,3.55906964244898e-08,1.9942,2.004157782786,2.2942,2.304157782786,2022,5,22,151,"NULL",2022-05-31,0.818178278428351,0.33519752022519,FALSE,FALSE
"2022-05-31 09:00:00",16.318943,16.2065,16.1068831860424,13.13,13.03,15.02428457,1220,0,0,5.27777777777778,0.8559681,11.89323618,-1.89409039346939e-05,3.0765,2.9768831860424,3.1765,3.0768831860424,2022,5,22,151,"NULL",2022-05-31,0.818178278428351,0.33519752022519,FALSE,FALSE
"2022-05-31 10:00:00",18.60082,18.069,17.6968115646603,13.74,14.07,15.62929808,1655,0,0,5.28888888888889,0.7321413,8.338950998,4.12125559591837e-05,4.329,3.9568115646603,3.999,3.6268115646603,2022,5,22,151,"NULL",2022-05-31,0.818178278428351,0.33519752022519,FALSE,FALSE
"2022-05-31 11:00:00",19.6465,18.8152,18.0252158187942,15.29,15.87,17.28175558,1921,0,0,5.28888888888889,0.2812927,11.19165273,7.00605919591837e-05,3.5252,2.7352158187942,2.9452,2.1552158187942,2022,5,22,151,"NULL",2022-05-31,0.818178278428351,0.33519752022519,FALSE,FALSE
"2022-05-31 12:00:00",19.609299,18.5136,17.7566290673824,15.85,17.21,17.90915385,2055,0,0,5.28888888888889,0.4727606,10.10259278,9.93257685306122e-06,2.6636,1.9066290673824,1.3036,0.546629067382398,2022,5,22,151,"NULL",2022-05-31,0.818178278428351,0.33519752022519,FALSE,FALSE
"2022-05-31 13:00:00",20.820759,19.5793,19.1343345673698,16.88,18.29,19.12508615,2076,0,0,5.27777777777778,0.8914714,11.12871454,4.68355826122449e-05,2.6993,2.2543345673698,1.2893,0.844334567369803,2022,5,22,151,"NULL",2022-05-31,0.818178278428351,0.33519752022519,FALSE,FALSE
"2022-05-31 14:00:00",20.819828,19.5998,18.9466775670406,17.83,18.72,20.30985966,1972,0,0,5.28888888888889,0.6259142,13.2054354,8.0663011755102e-05,1.7698,1.1166775670406,0.879799999999999,0.2266775670406,2022,5,22,151,"NULL",2022-05-31,0.818178278428351,0.33519752022519,FALSE,FALSE
"2022-05-31 15:00:00",19.67846,18.6313,18.1687885923375,17.29,18.39,19.63301352,1789,0,0,5.28888888888889,0.3617671,10.95510869,4.85530593061224e-05,1.3413,0.8787885923375,0.241299999999999,-0.221211407662501,2022,5,22,151,"NULL",2022-05-31,0.818178278428351,0.33519752022519,FALSE,FALSE
"2022-05-31 16:00:00",19.691017,19.0487,18.5108849687271,17.3,18.15,19.64554707,1442,0,0,5.31111111111111,0.9227008,10.01912109,5.15974251428571e-06,1.7487,1.2108849687271,0.898700000000002,0.360884968727103,2022,5,22,151,"NULL",2022-05-31,0.818178278428351,0.33519752022519,FALSE,FALSE
"2022-05-31 17:00:00",18.955265,18.6431,18.3458118558659,17.66,18.15,20.09141252,1083,0,0,5.32222222222222,0.7309386,7.349564611,2.09104570653061e-05,0.9831,0.6858118558659,0.493100000000002,0.195811855865902,2022,5,22,151,"NULL",2022-05-31,0.818178278428351,0.33519752022519,FALSE,FALSE
"2022-05-31 18:00:00",18.05664,17.9472,17.7695743637791,17.66,18.04,20.09141252,637.3,0,0,5.32222222222222,0.8776261,6.144582193,3.07344801918367e-05,0.287199999999999,0.1095743637791,-0.0928000000000004,-0.270425636220899,2022,5,22,151,"NULL",2022-05-31,0.818178278428351,0.33519752022519,FALSE,FALSE
"2022-06-01 06:00:00",7.7067986,7.73919,7.76343665164215,12.32,12.04,14.25026793,66.76,0,0,5.25555555555556,0.356455,1.632902948,-1.26545679142857e-06,-4.58081,-4.55656334835785,-4.30081,-4.27656334835785,2022,6,22,152,"NULL",2022-06-01,0.69926722832853,0.302553251465944,FALSE,FALSE
"2022-06-01 07:00:00",14.241402,14.0236,14.2099795674964,12.99,12.85,14.8861462,470.8,0,0,5.25555555555556,0.3780018,4.034457046,8.13768286530612e-06,1.0336,1.2199795674964,1.1736,1.3599795674964,2022,6,22,152,"NULL",2022-06-01,0.69926722832853,0.302553251465944,FALSE,FALSE
"2022-06-01 08:00:00",15.678319,15.4676,15.5885439365931,13.54,13.63,15.43528074,899,0,0,5.26666666666667,0.6053758,6.014318209,1.8674908277551e-05,1.9276,2.0485439365931,1.8376,1.9585439365931,2022,6,22,152,"NULL",2022-06-01,0.69926722832853,0.302553251465944,FALSE,FALSE
"2022-06-01 09:00:00",17.808859,17.5936,17.3234292547669,14.46,14.68,16.38335296,1219,0,0,5.27777777777778,0.6134333,8.212797367,3.98137196204082e-05,3.1336,2.8634292547669,2.9136,2.6434292547669,2022,6,22,152,"NULL",2022-06-01,0.69926722832853,0.302553251465944,FALSE,FALSE
"2022-06-01 10:00:00",18.59166,18.1198,17.7403286546302,15.61,16.11,17.64352124,1653,0,0,5.26666666666667,0.6245661,11.14626281,3.01290102571429e-05,2.5098,2.1303286546302,2.0098,1.6303286546302,2022,6,22,152,"NULL",2022-06-01,0.69926722832853,0.302553251465944,FALSE,FALSE
"2022-06-01 11:00:00",20.219124,19.177,18.2883654123724,16.54,17.29,18.72258181,1923,0,0,5.27777777777778,0.6817144,10.75026603,7.77602970612245e-06,2.637,1.7483654123724,1.887,0.998365412372401,2022,6,22,152,"NULL",2022-06-01,0.69926722832853,0.302553251465944,FALSE,FALSE
"2022-06-01 12:00:00",20.41338,19.3702,18.7498301764959,17.12,18.38,19.42100415,2057,0,0,5.26666666666667,0.6300087,9.469103057,7.07165865714286e-05,2.2502,1.6298301764959,0.990200000000002,0.369830176495903,2022,6,22,152,"NULL",2022-06-01,0.69926722832853,0.302553251465944,FALSE,FALSE
"2022-06-01 13:00:00",21.466063,20.2779,19.604241158745,17.86,19.1,20.3486226,2078,0,0,5.27777777777778,0.9652144,10.16044797,2.94496061142857e-05,2.4179,1.744241158745,1.1779,0.504241158745,2022,6,22,152,"NULL",2022-06-01,0.69926722832853,0.302553251465944,FALSE,FALSE
"2022-06-01 14:00:00",20.42562,19.3336,18.8257458560178,17.63,18.92,20.05307571,1972,0,0,5.25555555555556,0.6929708,9.440940702,8.20383860408163e-05,1.7036,1.1957458560178,0.413599999999999,-0.0942541439822016,2022,6,22,152,"NULL",2022-06-01,0.69926722832853,0.302553251465944,FALSE,FALSE
"2022-06-01 15:00:00",22.179409,21.2489,20.7677528500165,18.91,19.9,21.73646277,1785,0,0,5.26666666666667,0.6244866,10.65795695,4.94792879591837e-05,2.3389,1.8577528500165,1.3489,0.867752850016501,2022,6,22,152,"NULL",2022-06-01,0.69926722832853,0.302553251465944,FALSE,FALSE
"2022-06-01 16:00:00",20.67847,20.009,19.5918434276164,19.26,20.32,22.21058425,1435,0,0,5.26666666666667,0.9195211,8.641607486,4.70677569387755e-05,0.748999999999999,0.331843427616398,-0.311,-0.7281565723836,2022,6,22,152,"NULL",2022-06-01,0.69926722832853,0.302553251465944,FALSE,FALSE
"2022-06-01 17:00:00",20.347233,20.049,20.0072292193158,18.98,19.5,21.83254743,1086,0,0,5.26666666666667,0.7366575,7.184336872,3.13243405795918e-05,1.069,1.0272292193158,0.548999999999999,0.5072292193158,2022,6,22,152,"NULL",2022-06-01,0.69926722832853,0.302553251465944,FALSE,FALSE
"2022-06-01 18:00:00",18.452877,18.3681,18.2478463143501,18.84,19.1,21.64074554,639.8,0,0,5.31111111111111,0.6492774,6.116531455,2.72275987387755e-05,-0.471900000000002,-0.592153685649901,-0.731900000000003,-0.852153685649903,2022,6,22,152,"NULL",2022-06-01,0.69926722832853,0.302553251465944,FALSE,FALSE
"2022-06-02 06:00:00",9.975013,10.0369,10.0559306333089,14.02,13.69,15.91886929,73.09,0,0,5.22222222222222,0.223677,1.746099288,1.25889889510204e-06,-3.9831,-3.9640693666911,-3.6531,-3.6340693666911,2022,6,22,153,"NULL",2022-06-02,0.69926722832853,0.302553251465944,FALSE,FALSE
"2022-06-02 07:00:00",16.023485,15.6967,16.0387721050366,14.4,14.09,16.31932738,471.5,0,0,5.23333333333333,0.5441003,5.25344448,1.84086175306122e-05,1.2967,1.6387721050366,1.6067,1.9487721050366,2022,6,22,153,"NULL",2022-06-02,0.69926722832853,0.302553251465944,FALSE,FALSE
"2022-06-02 08:00:00",19.015799,19.0472,19.0885325162695,15.9,15.54,17.96704666,898,0,0,5.2,0.362817,9.528061926,2.49746512367347e-05,3.1472,3.1885325162695,3.5072,3.5485325162695,2022,6,22,153,"NULL",2022-06-02,0.69926722832853,0.302553251465944,FALSE,FALSE
"2022-06-02 09:00:00",20.180092,19.982,19.7267456357145,16.53,16.61,18.71056737,1218,0,0,5.21111111111111,0.6560445,9.554832533,3.84985829265306e-05,3.452,3.1967456357145,3.372,3.1167456357145,2022,6,22,153,"NULL",2022-06-02,0.69926722832853,0.302553251465944,FALSE,FALSE
"2022-06-02 10:00:00",20.821781,20.2686,19.9842445645843,16.56,17.11,18.74663083,1652,0,0,5.21111111111111,0.3902357,11.41443273,4.53489951836735e-05,3.7086,3.4242445645843,3.1586,2.8742445645843,2022,6,22,153,"NULL",2022-06-02,0.69926722832853,0.302553251465944,FALSE,FALSE
"2022-06-02 11:00:00",21.20507,20.1711,19.3629893165531,17.36,18.25,19.72089454,1921,0,0,5.23333333333333,0.5498973,9.990492922,4.52014176734694e-05,2.8111,2.0029893165531,1.9211,1.1129893165531,2022,6,22,153,"NULL",2022-06-02,0.69926722832853,0.302553251465944,FALSE,FALSE
"2022-06-02 12:00:00",21.782545,20.6962,19.6522980324631,18.36,19.53,20.99420243,2055,0,0,5.22222222222222,0.630379,9.500870689,8.04004726530612e-05,2.3362,1.2922980324631,1.1662,0.1222980324631,2022,6,22,153,"NULL",2022-06-02,0.69926722832853,0.302553251465944,FALSE,FALSE
"2022-06-02 13:00:00",21.656673,20.3957,19.8094212706693,18.61,19.79,21.32881828,2079,0,0,5.24444444444444,0.9127515,9.017768257,6.34525913469388e-05,1.7857,1.1994212706693,0.605700000000002,0.0194212706693015,2022,6,22,153,"NULL",2022-06-02,0.69926722832853,0.302553251465944,FALSE,FALSE
"2022-06-02 14:00:00",22.941507,21.7777,21.5874143121217,19.15,20.39,22.05743292,1976,0,0,5.24444444444444,0.5704717,8.114272719,5.22680454693878e-05,2.6277,2.4374143121217,1.3877,1.1974143121217,2022,6,22,153,"NULL",2022-06-02,0.69926722832853,0.302553251465944,FALSE,FALSE
"2022-06-02 15:00:00",22.787155,21.8445,21.3929736750146,19.87,20.84,23.06674331,1793,0,0,5.25555555555556,0.694948,8.092250716,4.95751833469388e-05,1.9745,1.5229736750146,1.0045,0.552973675014599,2022,6,22,153,"NULL",2022-06-02,0.69926722832853,0.302553251465944,FALSE,FALSE
"2022-06-02 17:00:00",21.276482,20.9854,20.6447516472108,21.04,21.31,24.80039696,1085,0,0,5.25555555555556,0.8699796,6.103992629,3.43408714612245e-05,-0.0546000000000006,-0.395248352789199,-0.3246,-0.665248352789199,2022,6,22,153,"NULL",2022-06-02,0.69926722832853,0.302553251465944,FALSE,FALSE
"2022-06-02 18:00:00",19.602985,19.532,19.3523279734623,19.5,19.91,22.54793984,640.4,0,0,5.27777777777778,0.6748457,4.496524161,1.25313028489796e-05,0.032,-0.147672026537698,-0.378,-0.557672026537698,2022,6,22,153,"NULL",2022-06-02,0.69926722832853,0.302553251465944,FALSE,FALSE
"2022-06-03 06:00:00",8.305973,8.31227,8.36147496214327,12.67,12.4,14.57455113,74.75,0,0,5.22222222222222,0.2305777,2.05655061,1.24106288979592e-06,-4.35773,-4.30852503785673,-4.08773,-4.03852503785673,2022,6,22,154,"NULL",2022-06-03,0.69926722832853,0.302553251465944,FALSE,FALSE
"2022-06-03 07:00:00",14.692784,14.2762,14.5995009723735,13.38,13.07,15.27374093,471.5,0,0,5.2,0.4014938,6.194008011,2.09777248979592e-05,0.896199999999999,1.2195009723735,1.2062,1.5295009723735,2022,6,22,154,"NULL",2022-06-03,0.69926722832853,0.302553251465944,FALSE,FALSE
"2022-06-03 08:00:00",17.072325,17.0095,17.0222488693626,15.33,14.55,17.32662023,786.9,0,0,5.2,0.3813261,5.340098851,8.44882022040816e-05,1.6795,1.6922488693626,2.4595,2.4722488693626,2022,6,22,154,"NULL",2022-06-03,0.69926722832853,0.302553251465944,FALSE,FALSE
"2022-06-03 09:00:00",18.439638,18.2303,17.9740061938163,15.97,15.94,18.04837005,1200,0,0,5.21111111111111,0.3468527,8.375509831,6.40850950204082e-05,2.2603,2.0040061938163,2.2903,2.0340061938163,2022,6,22,154,"NULL",2022-06-03,0.69926722832853,0.302553251465944,FALSE,FALSE
"2022-06-03 10:00:00",19.898064,19.4,19.0768465878301,16.35,16.7,18.49545118,1651,0,0,5.2,0.6798549,12.34228996,5.54126636326531e-05,3.05,2.7268465878301,2.7,2.3768465878301,2022,6,22,154,"NULL",2022-06-03,0.69926722832853,0.302553251465944,FALSE,FALSE
"2022-06-03 11:00:00",21.232613,20.5379,19.7532747334836,16.36,17.16,18.50734539,1919,0,0,5.18888888888889,0.4700022,8.620509998,4.66224167755102e-05,4.1779,3.3932747334836,3.3779,2.5932747334836,2022,6,22,154,"NULL",2022-06-03,0.69926722832853,0.302553251465944,FALSE,FALSE
"2022-06-03 12:00:00",20.443892,19.5198,18.6485710997442,17.64,18.67,20.06584758,2052,0,0,5.2,0.79702,8.292830733,9.29422591020408e-05,1.8798,1.0085710997442,0.849799999999998,-0.0214289002558026,2022,6,22,154,"NULL",2022-06-03,0.69926722832853,0.302553251465944,FALSE,FALSE
"2022-06-03 13:00:00",21.382977,20.1545,19.6998123243271,17.76,18.98,20.21966221,2073,0,0,5.2,0.8177629,13.60207396,2.55547504979592e-05,2.3945,1.9398123243271,1.1745,0.719812324327101,2022,6,22,154,"NULL",2022-06-03,0.69926722832853,0.302553251465944,FALSE,FALSE
"2022-06-03 14:00:00",21.954386,20.7285,20.4744531057709,18.47,19.36,21.14086744,1968,0,0,5.21111111111111,0.9616097,8.865234318,5.23034528571429e-05,2.2585,2.0044531057709,1.3685,1.1144531057709,2022,6,22,154,"NULL",2022-06-03,0.69926722832853,0.302553251465944,FALSE,FALSE
"2022-06-03 15:00:00",22.233196,21.3433,21.0673405079638,18.79,19.68,21.57260038,1788,0,0,5.23333333333333,0.8853738,7.933454004,3.48263246040816e-05,2.5533,2.2773405079638,1.6633,1.3873405079638,2022,6,22,154,"NULL",2022-06-03,0.69926722832853,0.302553251465944,FALSE,FALSE
"2022-06-03 16:00:00",21.293362,20.5547,19.9949311235471,19.19,19.87,22.11301791,1434,0,0,5.24444444444444,0.8241563,8.581692411,4.01963864979592e-05,1.3647,0.8049311235471,0.684699999999999,0.1249311235471,2022,6,22,154,"NULL",2022-06-03,0.69926722832853,0.302553251465944,FALSE,FALSE
"2022-06-03 17:00:00",20.678219,20.4144,20.2711517687574,19.77,20.15,22.93277288,1087,0,0,5.23333333333333,0.8596758,6.989796315,3.75807652081633e-05,0.644400000000001,0.501151768757399,0.264400000000002,0.1211517687574,2022,6,22,154,"NULL",2022-06-03,0.69926722832853,0.302553251465944,FALSE,FALSE
"2022-06-03 18:00:00",17.556423,17.4555,17.3207000506445,18.85,19.04,21.65439698,471.3,0,0,5.23333333333333,0.9374827,4.057039269,3.48088439102041e-05,-1.3945,-1.5292999493555,-1.5845,-1.7192999493555,2022,6,22,154,"NULL",2022-06-03,0.69926722832853,0.302553251465944,FALSE,FALSE
"2022-06-04 06:00:00",6.22183,6.23931,6.24351050365906,11.02,10.84,13.07642472,74.84,0,0,5.17777777777778,0.3990596,1.325997858,3.10309418081633e-05,-4.78069,-4.77648949634094,-4.60069,-4.59648949634094,2022,6,23,155,"NULL",2022-06-04,0.69926722832853,0.302553251465944,FALSE,FALSE
"2022-06-04 07:00:00",12.941121,12.6567,12.9241382416247,11.98,11.76,13.93195509,465.9,0,0,5.16666666666667,0.6662142,2.288243055,3.27509372163265e-05,0.6767,0.9441382416247,0.896700000000001,1.1641382416247,2022,6,23,155,"NULL",2022-06-04,0.69926722832853,0.302553251465944,FALSE,FALSE
"2022-06-04 08:00:00",14.856252,14.7776,14.7544662454737,12.59,12.42,14.49754655,892,0,0,5.16666666666667,0.4241934,2.690990262,1.77512141020408e-05,2.1876,2.1644662454737,2.3576,2.3344662454737,2022,6,23,155,"NULL",2022-06-04,0.69926722832853,0.302553251465944,FALSE,FALSE
"2022-06-04 09:00:00",18.10725,17.873,17.5449070598364,14.74,14.62,16.68504058,1215,0,0,5.16666666666667,0.4344036,8.475477053,4.50081520816327e-05,3.133,2.8049070598364,3.253,2.9249070598364,2022,6,23,155,"NULL",2022-06-04,0.69926722832853,0.302553251465944,FALSE,FALSE
"2022-06-04 10:00:00",19.625235,19.0559,18.633239064597,15.32,15.7,17.31539457,1647,0,0,5.16666666666667,0.1868909,9.401112772,3.72536011918367e-05,3.7359,3.313239064597,3.3559,2.933239064597,2022,6,23,155,"NULL",2022-06-04,0.69926722832853,0.302553251465944,FALSE,FALSE
"2022-06-04 11:00:00",20.118868,19.1938,18.4420982882176,16.38,17.09,18.53115376,1929,0,0,5.16666666666667,0.1507512,12.64374325,3.73677084857143e-05,2.8138,2.0620982882176,2.1038,1.3520982882176,2022,6,23,155,"NULL",2022-06-04,0.69926722832853,0.302553251465944,FALSE,FALSE
"2022-06-04 12:00:00",19.61434,18.6461,17.8312776936517,16.81,18.18,19.03951856,2055,0,0,5.17777777777778,0.3443888,10.07764581,4.99609301632653e-05,1.8361,1.0212776936517,0.466100000000001,-0.3487223063483,2022,6,23,155,"NULL",2022-06-04,0.69926722832853,0.302553251465944,FALSE,FALSE
"2022-06-04 13:00:00",19.6935,18.4891,18.1289058291763,16.86,18.24,19.10060422,2076,0,0,5.17777777777778,0.5934467,9.878331077,5.4511354122449e-05,1.6291,1.2689058291763,0.249100000000002,-0.111094170823698,2022,6,23,155,"NULL",2022-06-04,0.69926722832853,0.302553251465944,FALSE,FALSE
"2022-06-04 14:00:00",20.690617,19.4976,19.1059015446557,17.33,18.34,19.68318946,1999,0,0,5.18888888888889,0.7164299,9.842306399,4.71530657142857e-05,2.1676,1.7759015446557,1.1576,0.765901544655701,2022,6,23,155,"NULL",2022-06-04,0.69926722832853,0.302553251465944,FALSE,FALSE
"2022-06-04 16:00:00",21.460499,20.7985,20.395297622243,18.92,19.4,21.75016663,1441,0,0,5.2,0.9896638,7.872617361,4.75685089795918e-05,1.8785,1.475297622243,1.3985,0.995297622243001,2022,6,23,155,"NULL",2022-06-04,0.69926722832853,0.302553251465944,FALSE,FALSE
"2022-06-04 17:00:00",18.613447,18.3087,18.1094078245676,18.6,19.07,21.31534527,889,0,0,5.2,0.7803476,5.435635965,1.69230048571429e-05,-0.2913,-0.490592175432401,-0.761299999999999,-0.960592175432399,2022,6,23,155,"NULL",2022-06-04,0.69926722832853,0.302553251465944,FALSE,FALSE
"2022-06-04 18:00:00",17.20924,17.0959,16.9715479577625,17.76,17.91,20.21966221,446.1,0,0,5.2,0.8809978,5.21521399,1.96511481142857e-05,-0.664100000000001,-0.788452042237502,-0.8141,-0.9384520422375,2022,6,23,155,"NULL",2022-06-04,0.69926722832853,0.302553251465944,FALSE,FALSE
"2022-06-05 06:00:00",9.099987,9.13696,9.15331471044035,13.23,13.09,15.12363764,61.1,0,0,5.15555555555556,0.5150845,0,2.211044e-05,-4.09304,-4.07668528955965,-3.95304,-3.93668528955965,2022,6,23,156,"NULL",2022-06-05,0.69926722832853,0.302553251465944,FALSE,FALSE
"2022-06-05 07:00:00",14.624295,14.3856,14.6026339115241,13.31,13.14,15.20353192,470.6,0,0,5.15555555555556,0.4613472,1.604262882,4.69022668163265e-05,1.0756,1.2926339115241,1.2456,1.4626339115241,2022,6,23,156,"NULL",2022-06-05,0.69926722832853,0.302553251465944,FALSE,FALSE
"2022-06-05 08:00:00",16.73412,16.6318,16.6905143070573,14.58,14.3,16.51206077,898,0,0,5.14444444444444,0.5262492,4.526703223,1.8594990155102e-05,2.0518,2.1105143070573,2.3318,2.3905143070573,2022,6,23,156,"NULL",2022-06-05,0.69926722832853,0.302553251465944,FALSE,FALSE
"2022-06-05 09:00:00",19.333292,19.1157,18.8148189663468,15.54,15.56,17.56382679,1216,0,0,5.14444444444444,0.4257997,6.304688309,3.07382063387755e-05,3.5757,3.2748189663468,3.5557,3.2548189663468,2022,6,23,156,"NULL",2022-06-05,0.69926722832853,0.302553251465944,FALSE,FALSE
"2022-06-05 10:00:00",19.48592,18.841,18.1383683294928,16.25,16.73,18.37687434,1632,0,0,5.14444444444444,0.5149389,6.419134044,2.75093957102041e-05,2.591,1.8883683294928,2.111,1.4083683294928,2022,6,23,156,"NULL",2022-06-05,0.69926722832853,0.302553251465944,FALSE,FALSE
"2022-06-05 11:00:00",20.723454,19.8114,18.9284624699299,17.23,18.1,19.55795809,1897,0,0,5.15555555555556,0.3808239,7.46366439,4.57438229795918e-05,2.5814,1.6984624699299,1.7114,0.828462469929899,2022,6,23,156,"NULL",2022-06-05,0.69926722832853,0.302553251465944,FALSE,FALSE
"2022-06-05 12:00:00",21.915726,20.7985,20.6619673824416,18.32,19.54,20.94108922,2007,0,0,5.14444444444444,0.4407782,10.40072761,5.51085407755102e-05,2.4785,2.3419673824416,1.2585,1.1219673824416,2022,6,23,156,"NULL",2022-06-05,0.69926722832853,0.302553251465944,FALSE,FALSE
"2022-06-05 13:00:00",21.456377,20.1555,19.6125202729736,17.95,19.5,20.46529737,2077,0,0,5.16666666666667,0.4681211,9.716800954,5.81662214693878e-05,2.2055,1.6625202729736,0.6555,0.112520272973601,2022,6,23,156,"NULL",2022-06-05,0.69926722832853,0.302553251465944,FALSE,FALSE
"2022-06-05 14:00:00",21.421251,20.107,19.5952056544529,18.97,20.43,21.81879851,1974,0,0,5.16666666666667,0.4859923,7.77619684,2.58804877183673e-05,1.137,0.625205654452902,-0.323,-0.834794345547099,2022,6,23,156,"NULL",2022-06-05,0.69926722832853,0.302553251465944,FALSE,FALSE
"2022-06-05 15:00:00",20.967924,19.9546,19.5510374591679,19,20.12,21.85006784,1790,0,0,5.18888888888889,0.5308723,5.40108097,2.18499096857143e-05,0.954599999999999,0.551037459167901,-0.165400000000002,-0.5689625408321,2022,6,23,156,"NULL",2022-06-05,0.69926722832853,0.302553251465944,FALSE,FALSE
"2022-06-05 16:00:00",20.545292,19.7829,19.2985704869464,19.38,20.43,22.37871028,1457,0,0,5.17777777777778,0.7342361,7.809037029,4.1810664122449e-05,0.402900000000002,-0.0814295130535996,-0.647099999999998,-1.1314295130536,2022,6,23,156,"NULL",2022-06-05,0.69926722832853,0.302553251465944,FALSE,FALSE
"2022-06-05 17:00:00",18.53565,18.209,18.0238449342888,18.06,18.51,20.60868888,1062,0,0,5.2,0.924495,4.307443841,1.67639245387755e-05,0.149000000000001,-0.0361550657111991,-0.301000000000002,-0.486155065711202,2022,6,23,156,"NULL",2022-06-05,0.69926722832853,0.302553251465944,FALSE,FALSE
"2022-06-05 18:00:00",17.786373,17.7151,17.5683335215619,17.86,18.14,20.3486226,556.4,0,0,5.2,0.8181013,3.677169507,1.48551159836735e-05,-0.1449,-0.291666478438099,-0.424900000000001,-0.5716664784381,2022,6,23,156,"NULL",2022-06-05,0.69926722832853,0.302553251465944,FALSE,FALSE
"2022-06-06 06:00:00",9.697098,9.71317,9.71247956825606,13.56,13.16,15.45557754,78.8,0,0,5.12222222222222,0.509648,0.6484633062,-5.34936893877551e-06,-3.84683,-3.84752043174394,-3.44683,-3.44752043174394,2022,6,23,157,"NULL",2022-06-06,0.69926722832853,0.302553251465944,FALSE,FALSE
"2022-06-06 07:00:00",16.003485,15.6764,15.9410901015421,14.47,13.88,16.39404514,473.5,0,0,5.11111111111111,0.1821318,2.093534467,-1.18236801142857e-06,1.2064,1.4710901015421,1.7964,2.0610901015421,2022,6,23,157,"NULL",2022-06-06,0.69926722832853,0.302553251465944,FALSE,FALSE
"2022-06-06 08:00:00",19.208603,19.1061,19.0636436352587,15.98,15.45,18.06001378,899,0,0,5.12222222222222,0.244758,3.571598901,1.45778068408163e-05,3.1261,3.0836436352587,3.6561,3.6136436352587,2022,6,23,157,"NULL",2022-06-06,0.69926722832853,0.302553251465944,FALSE,FALSE
"2022-06-06 09:00:00",19.146421,18.9045,18.5908911549467,17.18,17.13,19.49560258,1216,0,0,5.12222222222222,0.2448782,5.052176663,2.81823870489796e-05,1.7245,1.4108911549467,1.7745,1.4608911549467,2022,6,23,157,"NULL",2022-06-06,0.69926722832853,0.302553251465944,FALSE,FALSE
"2022-06-06 10:00:00",22.25222,21.6212,20.9997333721607,18.5,18.76,21.18102108,1649,0,0,5.12222222222222,0.4173501,6.53460968,4.98542395510204e-05,3.1212,2.4997333721607,2.8612,2.2397333721607,2022,6,23,157,"NULL",2022-06-06,0.69926722832853,0.302553251465944,FALSE,FALSE
"2022-06-06 11:00:00",24.060608,23.1093,22.7766315033805,19.5,19.91,22.54793984,1916,0,0,5.13333333333333,0.5599058,7.039945407,7.18513792653061e-05,3.6093,3.2766315033805,3.1993,2.8666315033805,2022,6,23,157,"NULL",2022-06-06,0.69926722832853,0.302553251465944,FALSE,FALSE
"2022-06-06 12:00:00",24.060768,23.0283,22.5163271555544,21.27,21.83,25.14629191,2049,0,0,5.13333333333333,0.5574529,7.770238285,9.35128387755102e-05,1.7583,1.2463271555544,1.1983,0.686327155554402,2022,6,23,157,"NULL",2022-06-06,0.69926722832853,0.302553251465944,FALSE,FALSE
"2022-06-06 13:00:00",24.54097,23.2606,22.5672046592895,21.02,21.92,24.76965696,2070,0,0,5.13333333333333,0.3422942,8.098203061,2.28090253877551e-05,2.2406,1.5472046592895,1.3406,0.6472046592895,2022,6,23,157,"NULL",2022-06-06,0.69926722832853,0.302553251465944,FALSE,FALSE
"2022-06-06 14:00:00",22.611656,21.5722,21.3317505507584,20.59,21.99,24.11669032,1970,0,0,5.14444444444444,0.6700088,8.344863327,4.96561262040816e-05,0.982199999999999,0.7417505507584,-0.4178,-0.658249449241598,2022,6,23,157,"NULL",2022-06-06,0.69926722832853,0.302553251465944,FALSE,FALSE
"2022-06-06 15:00:00",23.63036,22.6563,22.0394340938442,20.8,21.84,24.43369133,1788,0,0,5.16666666666667,0.7608722,6.71303939,3.33714649428571e-05,1.8563,1.2394340938442,0.816300000000002,0.1994340938442,2022,6,23,157,"NULL",2022-06-06,0.69926722832853,0.302553251465944,FALSE,FALSE
"2022-06-06 16:00:00",23.393887,22.6767,22.5177680788028,20.8,21.65,24.43369133,1448,0,0,5.16666666666667,0.9821387,5.930596734,5.43821438367347e-06,1.8767,1.7177680788028,1.0267,0.867768078802801,2022,6,23,157,"NULL",2022-06-06,0.69926722832853,0.302553251465944,FALSE,FALSE
"2022-06-06 17:00:00",21.707197,21.3865,21.063559808564,20.35,21.03,23.7687761,1100,0,0,5.17777777777778,0.6938098,4.492839419,2.55145008326531e-05,1.0365,0.713559808564,0.3565,0.0335598085640001,2022,6,23,157,"NULL",2022-06-06,0.69926722832853,0.302553251465944,FALSE,FALSE
"2022-06-06 18:00:00",20.287262,20.1819,19.9596479248436,19.82,20.26,22.99466034,654.9,0,0,5.18888888888889,0.7004202,3.640494055,1.58581815877551e-05,0.361899999999999,0.139647924843601,-0.0781000000000027,-0.3003520751564,2022,6,23,157,"NULL",2022-06-06,0.69926722832853,0.302553251465944,FALSE,FALSE
"2022-06-07 06:00:00",11.533031,11.5783,11.6058077739232,14.67,14.32,16.60916869,79.31,0,0,5.11111111111111,0.1921025,0.9148744899,7.2616092244898e-07,-3.0917,-3.0641922260768,-2.7417,-2.7141922260768,2022,6,23,158,"NULL",2022-06-07,0.69926722832853,0.302553251465944,FALSE,FALSE
"2022-06-07 07:00:00",17.559732,17.2132,17.4957324352384,15.61,15.33,17.64352124,468.1,0,0,5.11111111111111,0.4055148,3.009746542,-2.87131512408163e-06,1.6032,1.8857324352384,1.8832,2.1657324352384,2022,6,23,158,"NULL",2022-06-07,0.69926722832853,0.302553251465944,FALSE,FALSE
"2022-06-07 08:00:00",18.505445,18.3692,18.1987004406067,17.2,16.81,19.52052401,893,0,0,5.12222222222222,0.5998656,5.659097013,3.30255563102041e-05,1.1692,0.998700440606701,1.5592,1.3887004406067,2022,6,23,158,"NULL",2022-06-07,0.69926722832853,0.302553251465944,FALSE,FALSE
"2022-06-07 09:00:00",20.168259,19.9118,19.6227774910739,18.15,18,20.72665768,1213,0,0,5.11111111111111,0.579978,8.273397451,3.92650047469388e-05,1.7618,1.4727774910739,1.9118,1.6227774910739,2022,6,23,158,"NULL",2022-06-07,0.69926722832853,0.302553251465944,FALSE,FALSE
"2022-06-07 10:00:00",20.712826,20.2088,19.4173099060545,18.16,18.36,20.73980147,1612,0,0,5.12222222222222,0.5624986,9.655825981,4.44903655918367e-05,2.0488,1.2573099060545,1.8488,1.0573099060545,2022,6,23,158,"NULL",2022-06-07,0.69926722832853,0.302553251465944,FALSE,FALSE
"2022-06-07 11:00:00",23.299114,22.361,21.3845319313261,18.99,19.84,21.84630387,1896,0,0,5.12222222222222,0.422618,6.822122035,4.88712444081633e-05,3.371,2.3945319313261,2.521,1.5445319313261,2022,6,23,158,"NULL",2022-06-07,0.69926722832853,0.302553251465944,FALSE,FALSE
"2022-06-07 12:00:00",23.215387,22.233,21.5112917246968,20.93,21.9,24.63173545,1988,0,0,5.13333333333333,0.3628901,6.361642981,6.24437385306122e-05,1.303,0.581291724696801,0.333000000000002,-0.388708275303198,2022,6,23,158,"NULL",2022-06-07,0.69926722832853,0.302553251465944,FALSE,FALSE
"2022-06-07 13:00:00",25.301338,24.1084,23.4005096021878,20.75,21.92,24.35788903,2067,0,0,5.13333333333333,0.7337828,8.348938347,4.34403778367347e-05,3.3584,2.6505096021878,2.1884,1.4805096021878,2022,6,23,158,"NULL",2022-06-07,0.69926722832853,0.302553251465944,FALSE,FALSE
"2022-06-07 14:00:00",26.245947,25.0814,24.3198223291383,22.07,23.46,26.40891246,1967,0,0,5.13333333333333,0.66515,7.57820441,3.71373655959184e-05,3.0114,2.2498223291383,1.6214,0.8598223291383,2022,6,23,158,"NULL",2022-06-07,0.69926722832853,0.302553251465944,FALSE,FALSE
"2022-06-07 15:00:00",25.06746,24.0544,23.9032164695753,22.28,23.05,26.74208228,1789,0,0,5.15555555555556,0.7817341,6.281990283,4.13691184897959e-05,1.7744,1.6232164695753,1.0044,0.853216469575301,2022,6,23,158,"NULL",2022-06-07,0.69926722832853,0.302553251465944,FALSE,FALSE
"2022-06-07 16:00:00",24.399632,23.6571,23.2548906560989,22.06,23.08,26.39266663,1433,0,0,5.15555555555556,0.9121196,6.425583753,4.84963089795918e-05,1.5971,1.1948906560989,0.577100000000002,0.174890656098903,2022,6,23,158,"NULL",2022-06-07,0.69926722832853,0.302553251465944,FALSE,FALSE
"2022-06-07 17:00:00",22.20286,21.8636,21.5614629915677,21.58,22.24,25.63297874,1061,0,0,5.15555555555556,0.6301605,4.502834182,2.4340558155102e-05,0.283600000000003,-0.0185370084322969,-0.376399999999997,-0.678537008432297,2022,6,23,158,"NULL",2022-06-07,0.69926722832853,0.302553251465944,FALSE,FALSE
"2022-06-07 18:00:00",21.525846,21.4105,21.1891439821732,21.08,21.37,24.86197622,615.1,0,0,5.17777777777778,0.3998852,2.948672726,3.99771219428571e-06,0.330500000000001,0.109143982173201,0.040499999999998,-0.180856017826802,2022,6,23,158,"NULL",2022-06-07,0.69926722832853,0.302553251465944,FALSE,FALSE
"2022-06-08 06:00:00",12.799454,12.8436,12.740589952141,16.03,15.53,18.11833047,79.95,0,0,5.11111111111111,0.2203066,0.6220125603,4.95410900816326e-06,-3.1864,-3.289410047859,-2.6864,-2.789410047859,2022,6,23,159,"NULL",2022-06-08,0.69926722832853,0.302553251465944,FALSE,FALSE
"2022-06-08 07:00:00",19.035711,18.7505,19.045277116305,18.1,16.74,20.66104723,463.9,0,0,5.1,0.2235827,1.906608387,1.13409699795918e-05,0.650499999999997,0.945277116305,2.0105,2.305277116305,2022,6,23,159,"NULL",2022-06-08,0.69926722832853,0.302553251465944,FALSE,FALSE
"2022-06-08 08:00:00",19.821539,19.8238,19.8674237522473,19.91,18.37,23.12455075,860,0,0,5.1,0.3513071,3.153438563,2.48728330612245e-05,-0.0862000000000016,-0.0425762477526987,1.4538,1.4974237522473,2022,6,23,159,"NULL",2022-06-08,0.69926722832853,0.302553251465944,FALSE,FALSE
"2022-06-08 09:00:00",22.87376,22.5653,22.3507547618445,21.09,19.28,24.87739174,1284,0,0,5.1,0.3687136,4.441413821,5.47043157142857e-05,1.4753,1.2607547618445,3.2853,3.0707547618445,2022,6,23,159,"NULL",2022-06-08,0.69926722832853,0.302553251465944,FALSE,FALSE
"2022-06-08 10:00:00",24.22961,23.6255,23.2370339520397,21.32,20.11,25.22424369,1613,0,0,5.11111111111111,0.4969151,5.692601521,6.57116019591837e-05,2.3055,1.9170339520397,3.5155,3.1270339520397,2022,6,23,159,"NULL",2022-06-08,0.69926722832853,0.302553251465944,FALSE,FALSE
"2022-06-08 11:00:00",26.08739,25.1642,24.5787560963257,22.47,22.08,27.05589168,1795,0,0,5.12222222222222,0.5471368,7.505626538,6.82853634285714e-05,2.6942,2.1087560963257,3.0842,2.4987560963257,2022,6,23,159,"NULL",2022-06-08,0.69926722832853,0.302553251465944,FALSE,FALSE
"2022-06-08 13:00:00",28.35527,27.3109,26.6537140614317,23.75,24.21,29.23433101,1970,0,0,5.11111111111111,0.5441947,9.227557952,5.25412926530612e-05,3.5609,2.9037140614317,3.1009,2.4437140614317,2022,6,23,159,"NULL",2022-06-08,0.69926722832853,0.302553251465944,FALSE,FALSE
"2022-06-08 15:00:00",26.079472,25.1295,24.5283709072953,24.82,25.28,31.1591631,1827,0,0,5.13333333333333,0.5356003,7.822840492,8.47276110204082e-05,0.3095,-0.291629092704699,-0.150500000000001,-0.7516290927047,2022,6,23,159,"NULL",2022-06-08,0.69926722832853,0.302553251465944,FALSE,FALSE
"2022-06-08 16:00:00",25.539837,24.8478,24.3024356359677,23.67,24.53,29.09253487,1452,0,0,5.13333333333333,0.6616762,7.112802167,4.42164105306122e-05,1.1778,0.632435635967699,0.317799999999998,-0.2275643640323,2022,6,23,159,"NULL",2022-06-08,0.69926722832853,0.302553251465944,FALSE,FALSE
"2022-06-08 17:00:00",23.738363,23.4527,23.231280268922,24.08,24.32,29.81558151,1099,0,0,5.14444444444444,0.6026261,4.650784985,3.06875016204082e-05,-0.627299999999998,-0.848719731077999,-0.8673,-1.088719731078,2022,6,23,159,"NULL",2022-06-08,0.69926722832853,0.302553251465944,FALSE,FALSE
"2022-06-08 18:00:00",23.000095,22.9213,22.7484804183232,22.96,23.12,27.86995132,611.6,0,0,5.14444444444444,0.5077168,3.340058092,3.81335122122449e-05,-0.0387000000000022,-0.2115195816768,-0.198700000000002,-0.3715195816768,2022,6,23,159,"NULL",2022-06-08,0.69926722832853,0.302553251465944,FALSE,FALSE
"2022-06-10 06:00:00",14.153303,14.2645,14.1644552075156,17.42,16.93,19.7964931,63.36,0,0,5.05555555555556,0.3039885,0.8770832139,2.60754766e-06,-3.1555,-3.2555447924844,-2.6655,-2.7655447924844,2022,6,23,161,"NULL",2022-06-10,0.69926722832853,0.302553251465944,FALSE,FALSE
"2022-06-10 07:00:00",17.921192,17.7488,17.9859903218455,18.8,17.72,21.58621448,388.1,0,0,5.05555555555556,0.402264,2.658851342,1.1435458922449e-05,-1.0512,-0.814009678154502,0.0288000000000004,0.2659903218455,2022,6,23,161,"NULL",2022-06-10,0.69926722832853,0.302553251465944,FALSE,FALSE
"2022-06-10 08:00:00",19.650179,19.7627,19.785258557646,20.88,19.38,24.55540053,703.5,0,0,5.05555555555556,0.3929606,4.064963774,2.40469963428571e-05,-1.1173,-1.094741442354,0.3827,0.405258557646,2022,6,23,161,"NULL",2022-06-10,0.69926722832853,0.302553251465944,FALSE,FALSE
"2022-06-10 09:00:00",21.557062,21.4659,21.5089683446861,20.75,20.01,24.35788903,980,0,0,5.04444444444444,0.5495171,5.968892266,3.3345678477551e-05,0.715900000000001,0.7589683446861,1.4559,1.4989683446861,2022,6,23,161,"NULL",2022-06-10,0.69926722832853,0.302553251465944,FALSE,FALSE
"2022-06-10 10:00:00",24.790154,24.3699,24.0289585070016,22.68,21.87,27.4064395,1632,0,0,5.05555555555556,0.6754643,5.089237565,5.22308836734694e-05,1.6899,1.3489585070016,2.4999,2.1589585070016,2022,6,23,161,"NULL",2022-06-10,0.69926722832853,0.302553251465944,FALSE,FALSE
"2022-06-10 11:00:00",27.283497,26.5994,26.3939366691145,23.24,23.38,28.35053211,1897,0,0,5.06666666666667,0.6786629,2.147419156,0.000100566103102041,3.3594,3.1539366691145,3.2194,3.0139366691145,2022,6,23,161,"NULL",2022-06-10,0.69926722832853,0.302553251465944,FALSE,FALSE
"2022-06-10 12:00:00",27.045017,26.1635,25.4630643969512,23.89,24.76,29.47391378,1909,0,0,5.06666666666667,0.7549824,0.09122027079,8.80836275918367e-05,2.2735,1.5730643969512,1.4035,0.703064396951198,2022,6,23,161,"NULL",2022-06-10,0.69926722832853,0.302553251465944,FALSE,FALSE
"2022-06-10 13:00:00",22.71171,22.5959,22.333733022714,22.69,22.56,27.42322991,451.5,0,0,5.06666666666667,0.4202651,1.082235056,4.84150036734694e-05,-0.094100000000001,-0.356266977286001,0.0359000000000016,-0.226266977285999,2022,6,23,161,"NULL",2022-06-10,0.69926722832853,0.302553251465944,FALSE,FALSE
"2022-06-10 15:00:00",23.161304,23.0165,22.8194490770049,23.71,23.64,29.16335836,476.1,0,0,5.07777777777778,0.5372173,0,4.00220868e-05,-0.6935,-0.8905509229951,-0.6235,-0.8205509229951,2022,6,23,161,"NULL",2022-06-10,0.69926722832853,0.302553251465944,FALSE,FALSE
"2022-06-10 16:00:00",28.081272,27.4541,27.1254694715252,26.53,26.74,34.48820952,1697,0,0,5.08888888888889,0.7411862,4.746299294,8.05582656734694e-05,0.924099999999999,0.595469471525199,0.714100000000002,0.385469471525202,2022,6,23,161,"NULL",2022-06-10,0.69926722832853,0.302553251465944,FALSE,FALSE
"2022-06-10 18:00:00",22.48292,22.5282,22.5338079233243,23.43,22.78,28.67071154,503.4,0,0.25,5.08888888888889,0.5711927,4.961526736,5.13500025306122e-05,-0.901800000000001,-0.8961920766757,-0.251800000000003,-0.246192076675701,2022,6,23,161,"NULL",2022-06-10,0.69926722832853,0.302553251465944,FALSE,FALSE
"2022-06-11 06:00:00",15.901573,15.9679,15.9544965612418,19.07,18.54,21.95662666,65.62,0,0,5.04444444444444,0.3229326,1.14899158,-1.56411824857143e-05,-3.1021,-3.1155034387582,-2.5721,-2.5855034387582,2022,6,24,162,"NULL",2022-06-11,0.69926722832853,0.302553251465944,FALSE,FALSE
"2022-06-11 07:00:00",19.040289,19.0758,19.0920878731863,20.42,19.53,23.87268873,458.3,0,0,5.04444444444444,0.6117384,3.195878847,2.9866126122449e-05,-1.3442,-1.3279121268137,-0.4542,-0.4379121268137,2022,6,24,162,"NULL",2022-06-11,0.69926722832853,0.302553251465944,FALSE,FALSE
"2022-06-11 08:00:00",21.895784,21.9601,21.9893631485655,21.12,20.26,24.92368803,735.1,0,0,5.04444444444444,0.6208379,5.422347115,4.13647470612245e-05,0.8401,0.869363148565498,1.7001,1.7293631485655,2022,6,24,162,"NULL",2022-06-11,0.69926722832853,0.302553251465944,FALSE,FALSE
"2022-06-11 09:00:00",23.493874,23.3063,23.0828460535312,22.57,21.97,27.22233182,1219,0,0,5.02222222222222,0.8429186,5.542797937,3.94655873591837e-05,0.7363,0.512846053531199,1.3363,1.1128460535312,2022,6,24,162,"NULL",2022-06-11,0.69926722832853,0.302553251465944,FALSE,FALSE
"2022-06-11 10:00:00",25.21529,24.7265,24.1669958750095,23.35,23.11,28.54128512,1609,0,0,5.04444444444444,0.7913334,6.480554164,5.67884459183674e-05,1.3765,0.8169958750095,1.6165,1.0569958750095,2022,6,24,162,"NULL",2022-06-11,0.69926722832853,0.302553251465944,FALSE,FALSE
"2022-06-11 11:00:00",25.043148,24.4252,23.5841524246031,24.17,24.45,29.97861643,1822,0,0,5.04444444444444,0.7001392,4.579753851,5.72207510204082e-05,0.255199999999999,-0.585847575396901,-0.024799999999999,-0.865847575396899,2022,6,24,162,"NULL",2022-06-11,0.69926722832853,0.302553251465944,FALSE,FALSE
"2022-06-11 12:00:00",26.980707,26.0923,25.1963732825201,24.44,24.93,30.46235753,1705,0,0,5.05555555555556,0.7846751,5.921144644,0.000107009802122449,1.6523,0.756373282520098,1.1623,0.2663732825201,2022,6,24,162,"NULL",2022-06-11,0.69926722832853,0.302553251465944,FALSE,FALSE
"2022-06-11 13:00:00",27.77179,26.8998,26.3094663315692,24.77,25.58,31.07535969,1999,0,0,5.04444444444444,0.7001355,5.687605172,5.06995236734694e-05,2.1298,1.5394663315692,1.3198,0.729466331569203,2022,6,24,162,"NULL",2022-06-11,0.69926722832853,0.302553251465944,FALSE,FALSE
"2022-06-11 14:00:00",27.843054,26.9416,26.488316705072,25.54,26.62,32.52734077,1849,0,0,5.06666666666667,0.8111509,4.556048039,5.52983279591837e-05,1.4016,0.948316705071999,0.3216,-0.131683294928003,2022,6,24,162,"NULL",2022-06-11,0.69926722832853,0.302553251465944,FALSE,FALSE
"2022-06-11 15:00:00",28.102976,27.1957,26.9237360006077,25.99,26.47,33.40519889,1748,0,0,5.08888888888889,0.7527742,3.953839569,7.3382207877551e-05,1.2057,0.933736000607702,0.7257,0.453736000607702,2022,6,24,162,"NULL",2022-06-11,0.69926722832853,0.302553251465944,FALSE,FALSE
"2022-06-11 16:00:00",27.631277,27.0098,26.8100144007495,26.08,26.42,33.58526151,1424,0,0,5.08888888888889,0.7781398,3.004347634,4.32067037959184e-05,0.9298,0.7300144007495,0.589799999999997,0.390014400749497,2022,6,24,162,"NULL",2022-06-11,0.69926722832853,0.302553251465944,FALSE,FALSE
"2022-06-11 17:00:00",25.02807,24.7191,24.7189003342534,25.37,25.14,32.1972746,1065,0,0,5.1,0.7757422,4.133022945,4.42963516734694e-05,-0.6509,-0.651099665746599,-0.4209,-0.421099665746599,2022,6,24,162,"NULL",2022-06-11,0.69926722832853,0.302553251465944,FALSE,FALSE
"2022-06-11 18:00:00",24.955364,24.8011,24.5697445544554,23.85,23.59,29.41241697,556.9,0,0,5.08888888888889,0.7567739,2.613332894,2.61938851387755e-05,0.9511,0.719744554455399,1.2111,0.979744554455401,2022,6,24,162,"NULL",2022-06-11,0.69926722832853,0.302553251465944,FALSE,FALSE
"2022-06-12 06:00:00",14.842918,14.8596,14.873375569117,17.86,17.65,20.3486226,72.18,0,0,5.04444444444444,0.3068461,1.349858034,1.94021709795918e-05,-3.0004,-2.986624430883,-2.7904,-2.776624430883,2022,6,24,163,"NULL",2022-06-12,0.69926722832853,0.302553251465944,FALSE,FALSE
"2022-06-12 07:00:00",18.511131,18.1492,18.5116888987364,18.95,18.08,21.79132322,456.7,0,0,5.04444444444444,0.3303871,3.246226909,6.42771646530612e-06,-0.800799999999999,-0.438311101263601,0.0692000000000021,0.4316888987364,2022,6,24,163,"NULL",2022-06-12,0.69926722832853,0.302553251465944,FALSE,FALSE
"2022-06-12 08:00:00",20.976961,20.9042,20.9653895824365,21.56,19.58,25.60133507,877,0,0,5.04444444444444,0.4649651,4.323757446,2.60428469469388e-05,-0.655799999999999,-0.594610417563498,1.3242,1.3853895824365,2022,6,24,163,"NULL",2022-06-12,0.69926722832853,0.302553251465944,FALSE,FALSE
"2022-06-12 09:00:00",23.797,23.6066,23.4880768656149,22.4,21.13,26.93990866,1201,0,0,5.01111111111111,0.4520105,4.155537544,6.04667455918367e-05,1.2066,1.0880768656149,2.4766,2.3580768656149,2022,6,24,163,"NULL",2022-06-12,0.69926722832853,0.302553251465944,FALSE,FALSE
"2022-06-12 10:00:00",21.921627,21.6045,21.3287874781596,22.44,21.92,27.00613183,1202,0,0,5.04444444444444,0.5724583,4.693286295,6.69967011020408e-05,-0.8355,-1.1112125218404,-0.3155,-0.591212521840401,2022,6,24,163,"NULL",2022-06-12,0.69926722832853,0.302553251465944,FALSE,FALSE
"2022-06-12 11:00:00",21.091803,20.9495,20.5761736750146,22.1,21.73,26.45770196,822,0,0,5.03333333333333,0.3337365,5.779443097,5.16934953469388e-05,-1.1505,-1.5238263249854,-0.7805,-1.1538263249854,2022,6,24,163,"NULL",2022-06-12,0.69926722832853,0.302553251465944,FALSE,FALSE
"2022-06-12 12:00:00",25.813843,24.8397,24.1939701121775,23.05,23.59,28.02364855,1866,0,0,5.03333333333333,0.5763415,6.926501217,0.000130035510489796,1.7897,1.1439701121775,1.2497,0.6039701121775,2022,6,24,163,"NULL",2022-06-12,0.69926722832853,0.302553251465944,FALSE,FALSE
"2022-06-12 13:00:00",25.501236,24.4295,24.2845645944646,22.41,23.68,26.95645125,2139,0,0,5.03333333333333,0.6311783,6.198686928,5.4858042122449e-05,2.0195,1.8745645944646,0.749500000000001,0.604564594464602,2022,6,24,163,"NULL",2022-06-12,0.69926722832853,0.302553251465944,FALSE,FALSE
"2022-06-12 14:00:00",24.684328,23.8566,23.4250513863918,23.28,24.2,28.41976874,1453,0,0,5.03333333333333,0.6261474,4.336437726,0.000122566922489796,0.576599999999999,0.145051386391799,-0.343399999999999,-0.774948613608199,2022,6,24,163,"NULL",2022-06-12,0.69926722832853,0.302553251465944,FALSE,FALSE
"2022-06-12 15:00:00",25.287777,24.2586,23.7176507204173,23.24,24.07,28.35053211,1521,0,0,5.04444444444444,0.8067549,6.330894478,4.8153732e-05,1.0186,0.477650720417301,0.188600000000001,-0.3523492795827,2022,6,24,163,"NULL",2022-06-12,0.69926722832853,0.302553251465944,FALSE,FALSE
"2022-06-12 16:00:00",25.94872,25.3113,24.4873140766251,23.38,24.25,28.58350111,1340,0,0,5.06666666666667,0.5859489,4.301725274,7.63106047346939e-05,1.9313,1.1073140766251,1.0613,0.237314076625101,2022,6,24,163,"NULL",2022-06-12,0.69926722832853,0.302553251465944,FALSE,FALSE
"2022-06-12 17:00:00",24.931187,24.6364,24.0932816667089,23.28,23.82,28.41976874,1012,0,0,5.06666666666667,0.418032,4.551647318,4.0293623644898e-05,1.3564,0.8132816667089,0.816399999999998,0.2732816667089,2022,6,24,163,"NULL",2022-06-12,0.69926722832853,0.302553251465944,FALSE,FALSE
"2022-06-12 18:00:00",22.50989,22.4335,22.1722863842394,22.24,22.21,26.68642035,300.3,0,0,5.07777777777778,0.3205316,4.198079909,3.65375689510204e-05,0.1935,-0.0677136157605993,0.223499999999998,-0.0377136157606017,2022,6,24,163,"NULL",2022-06-12,0.69926722832853,0.302553251465944,FALSE,FALSE
"2022-06-13 06:00:00",13.274582,13.2763,13.2293809222354,16.44,16.29,18.60273881,72.71,0,0,5.03333333333333,0.5115668,0.482898741,6.98255977142857e-06,-3.1637,-3.2106190777646,-3.0137,-3.0606190777646,2022,6,24,164,"NULL",2022-06-13,0.69926722832853,0.302553251465944,FALSE,FALSE
"2022-06-13 07:00:00",18.231094,18.0322,18.1611907573878,16.59,16.4,18.78275473,445.4,0,0,5.01111111111111,0.8939341,4.131850906,3.14422969510204e-06,1.4422,1.5711907573878,1.6322,1.7611907573878,2022,6,24,164,"NULL",2022-06-13,0.69926722832853,0.302553251465944,FALSE,FALSE
"2022-06-13 08:00:00",18.889633,18.7905,18.8010710997442,17.59,17.36,20.00205883,866,0,0,5.01111111111111,0.7148524,5.739826371,1.3253021155102e-05,1.2005,1.2110710997442,1.4305,1.4410710997442,2022,6,24,164,"NULL",2022-06-13,0.69926722832853,0.302553251465944,FALSE,FALSE
"2022-06-13 09:00:00",20.29758,20.0756,19.8423939961004,18.73,18.67,21.49107223,1201,0,0,5,0.8534804,9.17131329,4.39054264897959e-05,1.3456,1.1123939961004,1.4056,1.1723939961004,2022,6,24,164,"NULL",2022-06-13,0.69926722832853,0.302553251465944,FALSE,FALSE
"2022-06-13 15:00:00",21.569477,21.1337,20.9213736775468,19.91,20.11,23.12455075,592.4,0,0,5.03333333333333,0.9029437,5.123305507,-5.95518144489796e-06,1.2237,1.0113736775468,1.0237,0.811373677546801,2022,6,24,164,"NULL",2022-06-13,0.69926722832853,0.302553251465944,FALSE,FALSE
"2022-06-14 15:00:00",22.497389,21.6599,21.3811051834595,20.66,21.26,24.22195868,1737,0,0,4.97777777777778,0.830202,7.792103584,2.48778796938776e-05,0.9999,0.7211051834595,0.399899999999999,0.121105183459498,2022,6,24,165,"NULL",2022-06-14,0.69926722832853,0.302553251465944,FALSE,FALSE
"2022-06-14 16:00:00",22.471207,21.8871,21.3975477374592,20.58,20.99,24.10168442,1324,0,0,4.97777777777778,0.86229,7.025747607,1.33696978693878e-05,1.3071,0.817547737459201,0.897100000000002,0.4075477374592,2022,6,24,165,"NULL",2022-06-14,0.69926722832853,0.302553251465944,FALSE,FALSE
"2022-06-14 17:00:00",22.864273,22.6121,22.5661281355246,21.31,21.48,25.2086366,1090,0,0,4.97777777777778,0.8461202,5.12699984,3.55647588081633e-05,1.3021,1.2561281355246,1.1321,1.0861281355246,2022,6,24,165,"NULL",2022-06-14,0.69926722832853,0.302553251465944,FALSE,FALSE
"2022-06-14 18:00:00",20.062,19.9576,19.7551895773721,19.95,20.14,23.18248384,666.7,0,0,4.97777777777778,0.9758331,5.737062118,1.93013555265306e-05,0.00760000000000005,-0.194810422627899,-0.182400000000001,-0.384810422627901,2022,6,24,165,"NULL",2022-06-14,0.69926722832853,0.302553251465944,FALSE,FALSE
"2022-06-15 06:00:00",10.56008,10.609,10.5990957494113,14.41,14.21,16.32998315,75.35,0,0,4.93333333333333,0.4686913,0.3973480107,2.56961363142857e-05,-3.801,-3.8109042505887,-3.601,-3.6109042505887,2022,6,24,166,"NULL",2022-06-15,0.69926722832853,0.302553251465944,FALSE,FALSE
"2022-06-15 07:00:00",16.495712,16.2799,16.5141289331746,14.85,14.68,16.79487775,473.9,0,0,4.93333333333333,0.6994964,2.419969657,3.25294082857143e-05,1.4299,1.6641289331746,1.5999,1.8341289331746,2022,6,24,166,"NULL",2022-06-15,0.69926722832853,0.302553251465944,FALSE,FALSE
"2022-06-15 08:00:00",18.575235,18.5272,18.6527062900408,16.49,16.27,18.66257663,896,0,0,4.93333333333333,0.4578227,6.076603195,3.15503240734694e-05,2.0372,2.1627062900408,2.2572,2.3827062900408,2022,6,24,166,"NULL",2022-06-15,0.69926722832853,0.302553251465944,FALSE,FALSE
"2022-06-15 09:00:00",18.69926,18.4205,18.188753629941,16.99,17.39,19.26022499,1228,0,0,4.93333333333333,0.2494595,7.558591431,1.69004637306122e-05,1.4305,1.198753629941,1.0305,0.798753629941,2022,6,24,166,"NULL",2022-06-15,0.69926722832853,0.302553251465944,FALSE,FALSE
"2022-06-15 10:00:00",22.186493,21.5372,20.8735840368692,17.69,18.17,20.129813,1647,0,0,4.92222222222222,0.7696599,9.070522497,6.44533122040816e-05,3.8472,3.1835840368692,3.3672,2.7035840368692,2022,6,24,166,"NULL",2022-06-15,0.69926722832853,0.302553251465944,FALSE,FALSE
"2022-06-15 11:00:00",23.185768,22.1716,21.5512386012003,19.33,20.02,22.30852401,1914,0,0,4.93333333333333,0.8835822,9.676241397,4.76805812244898e-05,2.8416,2.2212386012003,2.1516,1.5312386012003,2022,6,24,166,"NULL",2022-06-15,0.69926722832853,0.302553251465944,FALSE,FALSE
"2022-06-15 12:00:00",23.760876,22.5442,22.0486540452255,20.13,21.2,23.44474377,2049,0,0,4.93333333333333,0.879212,8.346496464,3.1027582477551e-05,2.4142,1.9186540452255,1.3442,0.848654045225501,2022,6,24,166,"NULL",2022-06-15,0.69926722832853,0.302553251465944,FALSE,FALSE
"2022-06-15 13:00:00",24.080235,22.9127,22.2431981894609,20.49,21.57,23.96699524,2076,0,0,4.94444444444444,0.6321214,8.502668195,3.56780143714286e-05,2.4227,1.7531981894609,1.3427,0.673198189460901,2022,6,24,166,"NULL",2022-06-15,0.69926722832853,0.302553251465944,FALSE,FALSE
"2022-06-15 14:00:00",25.263727,24.1585,23.5693322579828,21.48,22.84,25.47509871,1979,0,0,4.93333333333333,0.6248099,8.49285572,1.69630465836735e-05,2.6785,2.0893322579828,1.3185,0.729332257982801,2022,6,24,166,"NULL",2022-06-15,0.69926722832853,0.302553251465944,FALSE,FALSE
"2022-06-15 15:00:00",24.5532,23.5808,22.8205249601175,21.76,22.8,25.90930084,1803,0,0,4.94444444444444,0.8458239,5.548683136,-2.69925888204082e-05,1.8208,1.0605249601175,0.780799999999999,0.0205249601174984,2022,6,24,166,"NULL",2022-06-15,0.69926722832853,0.302553251465944,FALSE,FALSE
"2022-06-15 16:00:00",24.41107,23.7541,23.3908690131929,21.87,22.67,26.08563666,1433,0,0,4.96666666666667,0.3252118,7.752594549,1.74223091020408e-05,1.8841,1.5208690131929,1.0841,0.7208690131929,2022,6,24,166,"NULL",2022-06-15,0.69926722832853,0.302553251465944,FALSE,FALSE
"2022-06-15 17:00:00",23.820711,23.4638,23.0839597579195,22.23,22.53,26.67002671,1118,0,0,4.96666666666667,0.3442167,5.659979002,1.61860444244898e-05,1.2338,0.853959757919501,0.933799999999998,0.5539597579195,2022,6,24,166,"NULL",2022-06-15,0.69926722832853,0.302553251465944,FALSE,FALSE
"2022-06-15 18:00:00",22.181625,21.996,21.8306565192069,21.92,22.06,26.16613243,675.7,0,0,4.96666666666667,0.5061709,4.743372696,1.19430361591837e-05,0.075999999999997,-0.0893434807931008,-0.0640000000000001,-0.229343480793098,2022,6,24,166,"NULL",2022-06-15,0.69926722832853,0.302553251465944,FALSE,FALSE
"2022-06-16 07:00:00",20.917042,20.3889,21.0351515965663,21.42,20.28,25.38077584,453.9,0,0,4.93333333333333,0.2243114,5.730253164,1.16335971714286e-05,-1.0311,-0.384848403433701,0.108899999999998,0.7551515965663,2022,6,24,167,"NULL",2022-06-16,0.69926722832853,0.302553251465944,FALSE,FALSE
"2022-06-16 08:00:00",22.80697,22.734,23.1320814641311,22.91,21.76,27.79487974,873,0,0,4.91111111111111,0.3038894,7.787091617,3.01932776e-05,-0.175999999999998,0.222081464131101,0.974,1.3720814641311,2022,6,24,167,"NULL",2022-06-16,0.69926722832853,0.302553251465944,FALSE,FALSE
"2022-06-16 09:00:00",25.118076,25.0043,24.958394310096,24.23,23.39,30.08773434,1209,0,0,4.91111111111111,0.4916001,4.740702057,-3.88056382285714e-06,0.7743,0.728394310096,1.6143,1.568394310096,2022,6,24,167,"NULL",2022-06-16,0.69926722832853,0.302553251465944,FALSE,FALSE
"2022-06-16 10:00:00",26.676523,26.0449,25.3658640297789,24.53,23.62,30.62849361,1621,0,0,4.91111111111111,0.2730772,9.541321591,9.38860520816327e-06,1.5149,0.8358640297789,2.4249,1.7458640297789,2022,6,24,167,"NULL",2022-06-16,0.69926722832853,0.302553251465944,FALSE,FALSE
"2022-06-16 11:00:00",28.627365,27.6575,27.1931700665975,25.51,25.17,32.46888222,1881,0,0,4.92222222222222,0.5628971,1.967693955,3.80981344816327e-05,2.1475,1.6831700665975,2.4875,2.0231700665975,2022,6,24,167,"NULL",2022-06-16,0.69926722832853,0.302553251465944,FALSE,FALSE
"2022-06-16 12:00:00",29.519827,28.4555,28.2860738953179,25.88,26.43,33.18625552,2018,0,0,4.92222222222222,0.5721093,0,5.22705698367347e-05,2.5755,2.4060738953179,2.0255,1.8560738953179,2022,6,24,167,"NULL",2022-06-16,0.69926722832853,0.302553251465944,FALSE,FALSE
"2022-06-16 13:00:00",25.509562,25.2212,24.8642022714036,24.17,24.52,29.97861643,873,0,0,4.93333333333333,0.4477121,5.810172635,3.19144850816327e-05,1.0512,0.694202271403597,0.7012,0.344202271403599,2022,6,24,167,"NULL",2022-06-16,0.69926722832853,0.302553251465944,FALSE,FALSE
"2022-06-16 14:00:00",25.90009,25.5178,25.1868714998354,25.98,26.38,33.38524351,1422,0,0,4.93333333333333,0.4900322,8.724423716,5.84313118367347e-05,-0.462199999999999,-0.793128500164599,-0.862199999999998,-1.1931285001646,2022,6,24,167,"NULL",2022-06-16,0.69926722832853,0.302553251465944,FALSE,FALSE
"2022-06-16 15:00:00",29.415096,28.5135,27.4331926793447,25.8,25.87,33.02780373,1313,0,0,4.93333333333333,0.4555523,2.323012812,5.52277895510204e-05,2.7135,1.6331926793447,2.6435,1.5631926793447,2022,6,24,167,"NULL",2022-06-16,0.69926722832853,0.302553251465944,FALSE,FALSE
"2022-06-16 16:00:00",27.15509,26.8471,26.4749940568737,25.96,26.24,33.34536365,848,0,0,4.94444444444444,0.6061401,1.902726862,3.01645897632653e-05,0.8871,0.5149940568737,0.607100000000003,0.234994056873703,2022,6,24,167,"NULL",2022-06-16,0.69926722832853,0.302553251465944,FALSE,FALSE
"2022-06-16 17:00:00",24.443153,24.254,23.9681548681978,25.37,25.41,32.1972746,986,0,0,4.95555555555556,0.7743863,4.940378559,4.38198314285714e-05,-1.116,-1.4018451318022,-1.156,-1.4418451318022,2022,6,24,167,"NULL",2022-06-16,0.69926722832853,0.302553251465944,FALSE,FALSE
"2022-06-16 18:00:00",24.460785,24.3516,24.1702783849485,24.87,24.95,31.25321129,556.3,0,0,4.94444444444444,0.2664401,4.34542197,2.38151310979592e-05,-0.5184,-0.699721615051502,-0.598399999999998,-0.7797216150515,2022,6,24,167,"NULL",2022-06-16,0.69926722832853,0.302553251465944,FALSE,FALSE
"2022-06-17 06:00:00",15.372427,15.3904,15.3246043199716,17.73,17.42,20.18111283,36.49,0,0,4.92222222222222,0.09311554,2.159899609,2.02384979591837e-06,-2.3396,-2.4053956800284,-2.0296,-2.0953956800284,2022,6,24,168,"NULL",2022-06-17,0.69926722832853,0.302553251465944,FALSE,FALSE
"2022-06-17 07:00:00",20.45007,20.1585,20.0419517484997,18.73,18.57,21.49107223,376.9,0,0,4.93333333333333,0.333256,6.425024183,9.06988325306122e-06,1.4285,1.3119517484997,1.5885,1.4719517484997,2022,6,24,168,"NULL",2022-06-17,0.69926722832853,0.302553251465944,FALSE,FALSE
"2022-06-17 08:00:00",18.818968,18.7795,18.4249869463928,20.04,19.38,23.31329387,375.2,0,0,4.91111111111111,0.1994636,8.922567675,5.44844525714286e-05,-1.2605,-1.6150130536072,-0.6005,-0.9550130536072,2022,6,24,168,"NULL",2022-06-17,0.69926722832853,0.302553251465944,FALSE,FALSE
"2022-06-17 09:00:00",20.738628,20.5375,20.2229311969816,19.71,19.34,22.84676536,567,0,0,4.91111111111111,0.2977847,9.562627045,4.67679508571429e-05,0.827500000000001,0.512931196981601,1.1975,0.882931196981602,2022,6,24,168,"NULL",2022-06-17,0.69926722832853,0.302553251465944,FALSE,FALSE
"2022-06-17 10:00:00",19.829922,19.6499,19.2117055886151,19.67,19.81,22.78958268,484.3,0,0,4.91111111111111,0.0907319,10.19674771,0.000116979720653061,-0.0201000000000029,-0.458294411384902,-0.1601,-0.598294411384899,2022,6,24,168,"NULL",2022-06-17,0.69926722832853,0.302553251465944,FALSE,FALSE
"2022-06-17 11:00:00",20.525223,20.2322,19.7949311488694,18.44,18.74,21.10077993,534.3,0,0,4.91111111111111,0.3797685,10.74221442,5.44489886938775e-05,1.7922,1.3549311488694,1.4922,1.0549311488694,2022,6,24,168,"NULL",2022-06-17,0.69926722832853,0.302553251465944,FALSE,FALSE
"2022-06-17 12:00:00",17.372488,17.2123,16.9758921070624,17.73,17.99,20.18111283,395.8,0,0,4.91111111111111,0.4799225,2.968569503,-1.39616675918367e-05,-0.517700000000001,-0.754107892937601,-0.777699999999999,-1.0141078929376,2022,6,24,168,"NULL",2022-06-17,0.69926722832853,0.302553251465944,FALSE,FALSE
"2022-06-17 13:00:00",15.348053,15.468,15.4867805018865,15.8,15.27,17.85142337,245.3,0.1,0,4.91111111111111,0.3910975,5.374735991,-6.35829987755102e-06,-0.332000000000001,-0.313219498113501,0.198,0.2167805018865,2022,6,24,168,"NULL",2022-06-17,0.69926722832853,0.302553251465944,FALSE,FALSE
"2022-06-17 14:00:00",16.924696,16.8599,16.7684038970905,17.56,17.6,19.96387022,539.2,0,0.26,4.9,0.803097,8.767610978,4.08930112653061e-05,-0.700099999999999,-0.791596102909498,-0.740100000000002,-0.831596102909501,2022,6,24,168,"NULL",2022-06-17,0.69926722832853,0.302553251465944,FALSE,FALSE
"2022-06-17 15:00:00",16.843039,16.777,16.7059013344813,17.38,17.43,19.74606612,466.8,0,0,4.9,0.7783574,0.7813274515,2.13275779510204e-05,-0.602999999999998,-0.674098665518699,-0.652999999999999,-0.724098665518699,2022,6,24,168,"NULL",2022-06-17,0.69926722832853,0.302553251465944,FALSE,FALSE
"2022-06-17 16:00:00",16.775702,16.6983,16.6247609835152,17.18,17.24,19.49560258,270.8,0,0,4.88888888888889,0.4743094,3.750049043,2.30928638204082e-06,-0.4817,-0.555239016484801,-0.541699999999999,-0.6152390164848,2022,6,24,168,"NULL",2022-06-17,0.69926722832853,0.302553251465944,FALSE,FALSE
"2022-06-17 17:00:00",17.495272,17.4651,17.4011514041174,17.52,17.43,19.92305063,190.5,0,0,4.88888888888889,0.8676683,2.285831792,-1.66405699020408e-05,-0.0548999999999999,-0.1188485958826,0.0350999999999999,-0.0288485958826001,2022,6,24,168,"NULL",2022-06-17,0.69926722832853,0.302553251465944,FALSE,FALSE
"2022-06-18 06:00:00",10.326586,10.2922,10.2237866493631,14.06,14.08,15.96061568,15.59,0,0,4.84444444444444,0.1999673,0,3.0361753722449e-06,-3.7678,-3.8362133506369,-3.7878,-3.8562133506369,2022,6,25,169,"NULL",2022-06-18,0.69926722832853,0.302553251465944,FALSE,FALSE
"2022-06-18 07:00:00",16.36302,16.3117,16.2736146058596,14.62,14.53,16.55515862,62.47,0,0,4.84444444444444,0.399977,2.301464708,5.64024826530612e-06,1.6917,1.6536146058596,1.7817,1.7436146058596,2022,6,25,169,"NULL",2022-06-18,0.69926722832853,0.302553251465944,FALSE,FALSE
"2022-06-18 08:00:00",17.599726,17.5091,17.4275633865944,15.15,15.18,17.12552459,261.7,0,0,4.85555555555556,0.241876,6.474640713,3.72216836367347e-06,2.3591,2.2775633865944,2.3291,2.2475633865944,2022,6,25,169,"NULL",2022-06-18,0.69926722832853,0.302553251465944,FALSE,FALSE
"2022-06-18 09:00:00",19.836346,19.628,19.4777795523031,16.88,17.08,19.12508615,1173,0,0,4.85555555555556,0.5444751,10.74327184,-7.83095508163265e-06,2.748,2.5977795523031,2.548,2.3977795523031,2022,6,25,169,"NULL",2022-06-18,0.69926722832853,0.302553251465944,FALSE,FALSE
"2022-06-18 10:00:00",18.621506,18.2428,17.785460753083,17.03,17.36,19.3095718,1593,0,0,4.85555555555556,0.664125,13.50545056,-1.28450487510204e-05,1.2128,0.755460753083,0.8828,0.425460753083001,2022,6,25,169,"NULL",2022-06-18,0.69926722832853,0.302553251465944,FALSE,FALSE
"2022-06-18 11:00:00",18.02185,17.5293,16.9117657567547,16.62,17.4,18.81893917,1654,0,0,4.84444444444444,0.5768116,14.32723402,1.49810200285714e-05,0.909299999999998,0.2917657567547,0.129300000000001,-0.488234243245298,2022,6,25,169,"NULL",2022-06-18,0.69926722832853,0.302553251465944,FALSE,FALSE
"2022-06-18 12:00:00",16.861729,16.5074,16.2828789040541,16.16,16.75,18.27072112,974,0,0,4.84444444444444,0.6271496,5.996420643,4.30644536326531e-05,0.3474,0.122878904054101,-0.242599999999999,-0.467121095945899,2022,6,25,169,"NULL",2022-06-18,0.69926722832853,0.302553251465944,FALSE,FALSE
"2022-06-18 13:00:00",20.044552,19.0686,18.6298510825251,16.67,17.35,18.86938132,1776,0,0,4.86666666666667,0.8400592,13.47453866,3.19386819632653e-05,2.3986,1.9598510825251,1.7186,1.2798510825251,2022,6,25,169,"NULL",2022-06-18,0.69926722832853,0.302553251465944,FALSE,FALSE
"2022-06-18 16:00:00",15.859271,15.6822,15.5962349598643,16.08,16.38,18.1768109,1279,0,0,4.87777777777778,0.8972765,7.789375156,4.32490531020408e-05,-0.397799999999998,-0.483765040135697,-0.697799999999999,-0.783765040135698,2022,6,25,169,"NULL",2022-06-18,0.69926722832853,0.302553251465944,FALSE,FALSE
"2022-06-19 06:00:00",7.1234465,7.14065,7.13129657213036,11.49,11.41,13.48412474,64.78,0,0,4.83333333333333,0.9635243,0,3.25805897061225e-05,-4.34935,-4.35870342786964,-4.26935,-4.27870342786964,2022,6,25,170,"NULL",2022-06-19,0.69926722832853,0.302553251465944,FALSE,FALSE
"2022-06-19 07:00:00",12.96834,12.8118,13.008411243068,11.56,11.51,13.54732135,460.7,0,0,4.82222222222222,0.8824914,2.223281659,6.18680407346939e-05,1.2518,1.448411243068,1.3018,1.498411243068,2022,6,25,170,"NULL",2022-06-19,0.69926722832853,0.302553251465944,FALSE,FALSE
"2022-06-19 08:00:00",13.362676,13.2698,13.2204073231876,12.22,12.35,14.15599464,498.4,0,0,4.82222222222222,0.7228562,4.388231012,1.83854975346939e-05,1.0498,1.0004073231876,0.9198,0.8704073231876,2022,6,25,170,"NULL",2022-06-19,0.69926722832853,0.302553251465944,FALSE,FALSE
"2022-06-19 09:00:00",15.195021,14.98,14.9835413030817,12.6,12.87,14.50715269,1300,0,0,4.83333333333333,0.7172701,5.48908682,1.52508908367347e-05,2.38,2.3835413030817,2.11,2.1135413030817,2022,6,25,170,"NULL",2022-06-19,0.69926722832853,0.302553251465944,FALSE,FALSE
"2022-06-19 10:00:00",16.846073,16.5464,16.2722512217974,13.63,13.96,15.52679965,1631,0,0,4.84444444444444,0.9640809,9.924829659,1.9695005722449e-05,2.9164,2.6422512217974,2.5864,2.3122512217974,2022,6,25,170,"NULL",2022-06-19,0.69926722832853,0.302553251465944,FALSE,FALSE
"2022-06-19 12:00:00",19.27264,18.7184,18.4272048745284,15.56,16.31,17.5865646,2089,0,0,4.83333333333333,0.8568908,12.05173002,4.30420627755102e-05,3.1584,2.8672048745284,2.4084,2.1172048745284,2022,6,25,170,"NULL",2022-06-19,0.69926722832853,0.302553251465944,FALSE,FALSE
"2022-06-19 15:00:00",19.214306,18.7507,18.3560234914284,18.88,19.35,21.69539618,1609,0,0,4.84444444444444,0.9716695,12.3172847,2.75241541795918e-05,-0.129300000000001,-0.5239765085716,-0.599300000000003,-0.993976508571603,2022,6,25,170,"NULL",2022-06-19,0.69926722832853,0.302553251465944,FALSE,FALSE
"2022-06-19 16:00:00",20.431995,19.9099,19.5690526575675,18.04,18.46,20.58255296,918,0,0,4.85555555555556,0.75266,9.298247039,3.47377007469388e-05,1.8699,1.5290526575675,1.4499,1.1090526575675,2022,6,25,170,"NULL",2022-06-19,0.69926722832853,0.302553251465944,FALSE,FALSE
"2022-06-19 17:00:00",20.164967,19.8303,19.3758236661518,18.36,18.85,20.99420243,1112,0,0,4.84444444444444,0.7462987,6.677146006,1.76749007387755e-05,1.4703,1.0158236661518,0.9803,0.525823666151798,2022,6,25,170,"NULL",2022-06-19,0.69926722832853,0.302553251465944,FALSE,FALSE
"2022-06-19 18:00:00",17.696796,17.6275,17.4775397457649,17.14,17.12,19.44584267,440.9,0,0,4.86666666666667,0.6923311,4.044306755,1.21267652081633e-05,0.487500000000001,0.3375397457649,0.5075,0.3575397457649,2022,6,25,170,"NULL",2022-06-19,0.69926722832853,0.302553251465944,FALSE,FALSE
"2022-06-20 06:00:00",8.323148,8.32911,8.3260386698235,12.34,12.24,14.26918816,28.78,0,0,4.81111111111111,0.2959082,1.122756526,6.60534845306122e-05,-4.01089,-4.0139613301765,-3.91089,-3.9139613301765,2022,6,25,171,"NULL",2022-06-20,0.69926722832853,0.302553251465944,FALSE,FALSE
"2022-06-20 07:00:00",14.010015,14.0235,14.0471179990378,13,12.79,14.89597638,118.2,0,0,4.8,0.3670706,2.217288878,2.89439640816327e-05,1.0235,1.0471179990378,1.2335,1.2571179990378,2022,6,25,171,"NULL",2022-06-20,0.69926722832853,0.302553251465944,FALSE,FALSE
"2022-06-20 08:00:00",17.55148,17.3849,17.513489509002,14.31,14.34,16.22369763,626.4,0,0,4.8,0.3450822,5.391739794,1.01314805102041e-05,3.0749,3.203489509002,3.0449,3.173489509002,2022,6,25,171,"NULL",2022-06-20,0.69926722832853,0.302553251465944,FALSE,FALSE
"2022-06-20 09:00:00",19.541399,19.3816,19.1974816059355,16.27,16.3,18.40053666,1246,0,0,4.8,0.6908296,11.73777421,3.89562416612245e-05,3.1116,2.9274816059355,3.0816,2.8974816059355,2022,6,25,171,"NULL",2022-06-20,0.69926722832853,0.302553251465944,FALSE,FALSE
"2022-06-20 10:00:00",19.556047,19.0987,18.0674868451039,17.72,17.94,20.16827724,1625,0,0,4.8,0.4746546,7.842732992,3.60059936040816e-05,1.3787,0.347486845103901,1.1587,0.127486845103899,2022,6,25,171,"NULL",2022-06-20,0.69926722832853,0.302553251465944,FALSE,FALSE
"2022-06-20 11:00:00",17.52921,17.2058,16.8974306576182,17.1,17.59,19.39619321,1182,0,0,4.81111111111111,0.5608438,10.3467944,6.34996673469388e-05,0.105799999999999,-0.2025693423818,-0.3842,-0.692569342381798,2022,6,25,171,"NULL",2022-06-20,0.69926722832853,0.302553251465944,FALSE,FALSE
"2022-06-20 12:00:00",22.936373,21.9735,21.9641150971107,17.48,18.11,19.87234347,1370,0,0,4.82222222222222,0.6955737,13.11435374,4.56614448163265e-05,4.4935,4.4841150971107,3.8635,3.8541150971107,2022,6,25,171,"NULL",2022-06-20,0.69926722832853,0.302553251465944,FALSE,FALSE
"2022-06-20 13:00:00",22.36581,21.6535,21.1970454280722,19.27,20.21,22.22455275,1875,0,0,4.82222222222222,0.4041289,10.82475465,4.17562199591837e-05,2.3835,1.9270454280722,1.4435,0.9870454280722,2022,6,25,171,"NULL",2022-06-20,0.69926722832853,0.302553251465944,FALSE,FALSE
"2022-06-20 14:00:00",22.836945,22.0358,21.856174624598,19.47,19.74,22.50552866,1094,0,0,4.83333333333333,0.5850992,4.05230972,0.000258111621428571,2.5658,2.386174624598,2.2958,2.116174624598,2022,6,25,171,"NULL",2022-06-20,0.69926722832853,0.302553251465944,FALSE,FALSE
"2022-06-20 15:00:00",20.944088,20.6181,20.4182191030868,21.04,21.04,24.80039696,1066,0,0,4.83333333333333,0.459516,2.560328788,5.29470488979592e-05,-0.421900000000001,-0.621780896913201,-0.421900000000001,-0.621780896913201,2022,6,25,171,"NULL",2022-06-20,0.69926722832853,0.302553251465944,FALSE,FALSE
"2022-06-20 16:00:00",19.03715,18.8837,18.5712805626598,19.67,19.52,22.78958268,385.7,0,0,4.83333333333333,0.5208501,4.097178634,2.45108358653061e-05,-0.786300000000001,-1.0987194373402,-0.636299999999999,-0.948719437340198,2022,6,25,171,"NULL",2022-06-20,0.69926722832853,0.302553251465944,FALSE,FALSE
"2022-06-20 17:00:00",19.629755,19.4524,19.3794781393229,18.51,18.4,21.19442034,323.4,0,0,4.85555555555556,0.3954172,2.858724223,2.0626307844898e-05,0.942399999999999,0.869478139322897,1.0524,0.9794781393229,2022,6,25,171,"NULL",2022-06-20,0.69926722832853,0.302553251465944,FALSE,FALSE
"2022-06-20 18:00:00",18.509254,18.3926,18.1666398749082,19.64,19.43,22.74677723,445,0,0,4.85555555555556,0.4453091,7.530087816,3.99816075061224e-05,-1.2474,-1.4733601250918,-1.0374,-1.2633601250918,2022,6,25,171,"NULL",2022-06-20,0.69926722832853,0.302553251465944,FALSE,FALSE
"2022-06-21 06:00:00",11.911196,11.8997,11.7699378541946,15.34,14.76,17.33785222,54.11,0,0,4.8,0.4329448,0.9035208699,-1.01259549795918e-05,-3.4403,-3.5700621458054,-2.8603,-2.9900621458054,2022,6,25,172,"NULL",2022-06-21,0.69926722832853,0.302553251465944,FALSE,FALSE
"2022-06-21 07:00:00",17.05977,16.9934,16.977771426401,16.82,15.98,19.05172209,198.2,0,0,4.8,0.3707735,5.194490306,1.56971944244898e-05,0.173400000000001,0.157771426400998,1.0134,0.997771426400998,2022,6,25,172,"NULL",2022-06-21,0.69926722832853,0.302553251465944,FALSE,FALSE
"2022-06-21 08:00:00",17.852314,17.7932,17.5853378491302,17.31,16.99,19.65808757,284.7,0,0,4.78888888888889,0.3990786,7.513500323,3.42399759265306e-05,0.4832,0.275337849130203,0.8032,0.595337849130203,2022,6,25,172,"NULL",2022-06-21,0.69926722832853,0.302553251465944,FALSE,FALSE
"2022-06-21 09:00:00",15.322929,15.2894,15.0382986148743,16.48,16.12,18.65059569,257.7,0.1,0,4.78888888888889,0.2140776,10.02620622,4.17701328163265e-05,-1.1906,-1.4417013851257,-0.8306,-1.0817013851257,2022,6,25,172,"NULL",2022-06-21,0.69926722832853,0.302553251465944,FALSE,FALSE
"2022-06-21 11:00:00",18.88868,18.7105,18.546146506799,17.55,17.44,19.96115477,594.9,0,0,4.78888888888889,0.5223266,12.26723004,6.08439673877551e-05,1.1605,0.996146506799001,1.2705,1.106146506799,2022,6,25,172,"NULL",2022-06-21,0.69926722832853,0.302553251465944,FALSE,FALSE
"2022-06-21 12:00:00",23.678791,23.2805,22.5651708870376,19.67,20.15,22.78958268,1469,0,0,4.77777777777778,0.643679,13.16915424,6.31535701632653e-05,3.6105,2.8951708870376,3.1305,2.4151708870376,2022,6,25,172,"NULL",2022-06-21,0.69926722832853,0.302553251465944,FALSE,FALSE
"2022-06-21 13:00:00",19.655708,19.4164,19.0403746904358,20.38,20.39,23.81326193,841,0,0,4.78888888888889,0.5184619,8.321315628,7.52021026122449e-05,-0.9636,-1.3396253095642,-0.973600000000001,-1.3496253095642,2022,6,25,172,"NULL",2022-06-21,0.69926722832853,0.302553251465944,FALSE,FALSE
"2022-06-21 15:00:00",18.113993,17.9164,17.9079775746373,14.12,14.19,16.02341406,822,0,0,4.78888888888889,0.563121,8.111519789,7.42758322857143e-05,3.7964,3.7879775746373,3.7264,3.7179775746373,2022,6,25,172,"NULL",2022-06-21,0.69926722832853,0.302553251465944,FALSE,FALSE
"2022-06-21 16:00:00",15.363864,15.2215,15.110540885265,16.65,17.03,18.85518423,643.1,0,0,4.78888888888889,0.6486703,7.360399132,5.4344463877551e-05,-1.4285,-1.539459114735,-1.8085,-1.919459114735,2022,6,25,172,"NULL",2022-06-21,0.69926722832853,0.302553251465944,FALSE,FALSE
"2022-06-21 17:00:00",13.454475,13.3126,13.2494776252817,13.79,13.89,15.68066814,197.4,0,0,4.8,0.9030342,1.098689567,3.14789906326531e-05,-0.477399999999999,-0.540522374718298,-0.577400000000001,-0.6405223747183,2022,6,25,172,"NULL",2022-06-21,0.69926722832853,0.302553251465944,FALSE,FALSE
"2022-06-21 18:00:00",14.044245,13.9234,13.8730601808007,13.86,13.86,15.75283325,383.3,0,0,4.8,0.8468468,3.460567743,1.79821153061225e-05,0.0634000000000015,0.0130601808007,0.0634000000000015,0.0130601808007,2022,6,25,172,"NULL",2022-06-21,0.69926722832853,0.302553251465944,FALSE,FALSE
"2022-06-22 06:00:00",9.441916,9.43711,9.4336431781925,13.71,13.23,15.60854646,64.07,0,0,4.76666666666667,0.114617,1.396415227,-2.18589357591837e-05,-4.27289,-4.2763568218075,-3.79289,-3.7963568218075,2022,6,25,173,"NULL",2022-06-22,0.69926722832853,0.302553251465944,FALSE,FALSE
"2022-06-22 07:00:00",15.486287,15.2164,15.4353451140766,14.01,13.85,15.90844756,451.3,0,0,4.76666666666667,0.3721759,4.227678353,3.99273930979592e-07,1.2064,1.4253451140766,1.3664,1.5853451140766,2022,6,25,173,"NULL",2022-06-22,0.69926722832853,0.302553251465944,FALSE,FALSE
"2022-06-22 08:00:00",18.494287,18.5881,18.5043427996252,15.83,15.46,17.8860422,872,0,0,4.76666666666667,0.491467,6.393261981,2.38720453428571e-05,2.7581,2.6743427996252,3.1281,3.0443427996252,2022,6,25,173,"NULL",2022-06-22,0.69926722832853,0.302553251465944,FALSE,FALSE
"2022-06-22 09:00:00",19.272205,19.197,19.1100093793523,15.93,15.93,18.00186043,759.6,0,0,4.77777777777778,0.4416242,12.91825567,1.79590417918367e-05,3.267,3.1800093793523,3.267,3.1800093793523,2022,6,25,173,"NULL",2022-06-22,0.69926722832853,0.302553251465944,FALSE,FALSE
"2022-06-22 10:00:00",19.371655,19.0667,19.0216545845889,16.72,16.23,18.93999226,873,0,0,4.77777777777778,0.1928951,11.79149337,2.1196130722449e-05,2.3467,2.3016545845889,2.8367,2.7916545845889,2022,6,25,173,"NULL",2022-06-22,0.69926722832853,0.302553251465944,FALSE,FALSE
"2022-06-22 11:00:00",16.793179,16.5758,16.4292959383151,16.91,16.54,19.16186019,498.8,0,0,4.77777777777778,0.3902248,10.61914807,1.19299498489796e-05,-0.334199999999999,-0.4807040616849,0.0358000000000018,-0.110704061684899,2022,6,25,173,"NULL",2022-06-22,0.69926722832853,0.302553251465944,FALSE,FALSE
"2022-06-22 12:00:00",17.04184,16.7979,16.5196642019701,16.81,16.66,19.03951856,487.2,0,0,4.78888888888889,0.5785818,5.03402317,5.71508774693878e-05,-0.0121000000000002,-0.290335798029897,0.137899999999998,-0.140335798029898,2022,6,25,173,"NULL",2022-06-22,0.69926722832853,0.302553251465944,FALSE,FALSE
"2022-06-22 13:00:00",22.33043,21.5366,21.4636793092097,17.09,17.22,19.38379808,951,0,0,4.77777777777778,0.4011405,10.8785697,4.03181856204082e-05,4.4466,4.3736793092097,4.3166,4.2436793092097,2022,6,25,173,"NULL",2022-06-22,0.69926722832853,0.302553251465944,FALSE,FALSE
"2022-06-22 14:00:00",19.161243,18.7894,18.4702508343673,18.87,19.51,21.68172229,1217,0,0,4.8,0.449889,10.25520016,2.37479486857143e-05,-0.0806000000000004,-0.399749165632702,-0.720600000000001,-1.0397491656327,2022,6,25,173,"NULL",2022-06-22,0.69926722832853,0.302553251465944,FALSE,FALSE
"2022-06-22 15:00:00",24.665668,23.8672,22.897228459649,19.13,19.7,22.02968593,1150,0,0,4.82222222222222,0.4051373,7.052107769,4.42332018367347e-05,4.7372,3.767228459649,4.1672,3.197228459649,2022,6,25,173,"NULL",2022-06-22,0.69926722832853,0.302553251465944,FALSE,FALSE
"2022-06-22 17:00:00",22.471874,22.0451,21.7641128535616,20.22,19.96,23.5768362,1073,0,0,4.83333333333333,0.4306042,7.73848321,2.51503858040816e-05,1.8251,1.5441128535616,2.0851,1.8041128535616,2022,6,25,173,"NULL",2022-06-22,0.69926722832853,0.302553251465944,FALSE,FALSE
"2022-06-22 18:00:00",18.618473,18.5564,18.4390398901015,20.01,19.88,23.26961956,181.1,0,0,4.83333333333333,0.3645865,4.724580604,5.05148907346939e-05,-1.4536,-1.5709601098985,-1.3236,-1.4409601098985,2022,6,25,173,"NULL",2022-06-22,0.69926722832853,0.302553251465944,FALSE,FALSE
"2022-06-23 06:00:00",13.49365,13.5315,13.5127414271606,16.94,16.34,19.19869569,66.56,0,0,4.77777777777778,0.1365948,2.0092162,2.4384975155102e-07,-3.4085,-3.4272585728394,-2.8085,-2.8272585728394,2022,6,25,174,"NULL",2022-06-23,0.69926722832853,0.302553251465944,FALSE,FALSE
"2022-06-23 07:00:00",18.147991,17.7817,18.0991239674863,19.06,17.94,21.94280991,458.7,0,0,4.77777777777778,0.4256145,6.078371801,3.77209486897959e-05,-1.2783,-0.960876032513699,-0.158300000000001,0.159123967486298,2022,6,25,174,"NULL",2022-06-23,0.69926722832853,0.302553251465944,FALSE,FALSE
"2022-06-23 08:00:00",20.673487,20.8019,20.7963841103036,20.51,19.2,24.00686963,883,0,0,4.77777777777778,0.4888343,8.38583488,6.24824186530612e-05,0.291899999999998,0.286384110303597,1.6019,1.5963841103036,2022,6,25,174,"NULL",2022-06-23,0.69926722832853,0.302553251465944,FALSE,FALSE
"2022-06-23 09:00:00",22.426044,22.3062,22.5596550910334,21.12,20.16,24.92368803,1249,0,0,4.78888888888889,0.4643269,8.373841513,-7.66133251020408e-06,1.1862,1.4396550910334,2.1462,2.3996550910334,2022,6,25,174,"NULL",2022-06-23,0.69926722832853,0.302553251465944,FALSE,FALSE
"2022-06-23 11:00:00",25.361786,24.4145,24.2934666835482,21.57,22.31,25.61715267,1912,0,0,4.81111111111111,0.8249862,10.34986672,-1.66159181632653e-05,2.8445,2.7234666835482,2.1045,1.9834666835482,2022,6,25,174,"NULL",2022-06-23,0.69926722832853,0.302553251465944,FALSE,FALSE
"2022-06-23 12:00:00",28.425304,27.503,27.2201951482616,22.77,24.01,27.5578742,2153,0,0,4.83333333333333,0.6615241,8.717732196,1.72034842285714e-05,4.733,4.4501951482616,3.493,3.2101951482616,2022,6,25,174,"NULL",2022-06-23,0.69926722832853,0.302553251465944,FALSE,FALSE
"2022-06-23 13:00:00",24.019823,23.5176,23.223652958902,21.35,21.4,25.27111523,583.7,0,0,4.83333333333333,0.7647927,7.701349711,0.000100649517142857,2.1676,1.873652958902,2.1176,1.823652958902,2022,6,25,174,"NULL",2022-06-23,0.69926722832853,0.302553251465944,FALSE,FALSE
"2022-06-23 14:00:00",21.580782,21.3253,21.0339230736117,22.12,22.74,26.49027166,756.2,0,0,4.83333333333333,0.7429523,3.735437825,9.89076146530612e-05,-0.794700000000002,-1.0860769263883,-1.4147,-1.7060769263883,2022,6,25,174,"NULL",2022-06-23,0.69926722832853,0.302553251465944,FALSE,FALSE
"2022-06-23 15:00:00",16.29523,16.1324,15.9872366488567,19,19.1,21.86006784,103.9,0,0,4.83333333333333,0.6674244,2.360605168,6.41333149387755e-06,-2.8676,-3.0127633511433,-2.9676,-3.1127633511433,2022,6,25,174,"NULL",2022-06-23,0.69926722832853,0.302553251465944,FALSE,FALSE
"2022-06-23 16:00:00",17.97778,17.8563,17.6870661821681,18.18,18.11,20.76611077,264.4,0,0,4.82222222222222,0.308325,3.027777036,-7.8780607877551e-06,-0.323699999999999,-0.492933817831901,-0.253699999999998,-0.4229338178319,2022,6,25,174,"NULL",2022-06-23,0.69926722832853,0.302553251465944,FALSE,FALSE
"2022-06-23 17:00:00",17.785873,17.697,17.513940009116,18.55,18.6,21.248091,205.7,0,0,4.82222222222222,0.5025607,3.54548963,9.60159152653061e-06,-0.853000000000002,-1.036059990884,-0.903000000000002,-1.086059990884,2022,6,25,174,"NULL",2022-06-23,0.69926722832853,0.302553251465944,FALSE,FALSE
"2022-06-23 18:00:00",14.886289,14.8244,14.8159729685245,15.33,15.4,17.32662023,89.6,0,0,4.81111111111111,0.2975874,1.416289999,2.64960167142857e-05,-0.505599999999999,-0.5140270314755,-0.5756,-0.5840270314755,2022,6,25,174,"NULL",2022-06-23,0.69926722832853,0.302553251465944,FALSE,FALSE
"2022-06-25 06:00:00",11.455549,11.5349,11.6156056341951,14.47,14.18,16.39404514,25.35,0,0,4.75555555555556,0.1705483,1.326794794,4.9513486e-06,-2.9351,-2.8543943658049,-2.6451,-2.5643943658049,2022,6,26,176,"NULL",2022-06-25,0.69926722832853,0.302553251465944,FALSE,FALSE
"2022-06-25 07:00:00",17.282845,17.2608,17.2068459876934,15.88,15.42,17.94387003,166.2,0,0,4.75555555555556,0.1673166,4.026040961,1.66186215142857e-06,1.3808,1.3268459876934,1.8408,1.7868459876934,2022,6,26,176,"NULL",2022-06-25,0.69926722832853,0.302553251465944,FALSE,FALSE
"2022-06-25 08:00:00",19.503674,19.5176,19.5360459193234,17.04,16.55,19.32192566,358.3,0,0,4.76666666666667,0.3006128,6.661734804,1.6054015677551e-05,2.4776,2.4960459193234,2.9676,2.9860459193234,2022,6,26,176,"NULL",2022-06-25,0.69926722832853,0.302553251465944,FALSE,FALSE
"2022-06-25 09:00:00",18.62906,18.5062,18.3379253247575,18.86,17.61,21.66805589,1264,0,0,4.76666666666667,0.5790386,9.31700921,5.71569362857143e-05,-0.3538,-0.5220746752425,0.8962,0.7279253247575,2022,6,26,176,"NULL",2022-06-25,0.69926722832853,0.302553251465944,FALSE,FALSE
"2022-06-25 10:00:00",18.165325,18.0351,17.8196676812438,17.95,17.73,20.46529737,777.3,0,0,4.77777777777778,0.5480177,9.019700736,6.54575793469388e-05,0.0851000000000006,-0.130332318756199,0.305099999999999,0.0896676812437995,2022,6,26,176,"NULL",2022-06-25,0.69926722832853,0.302553251465944,FALSE,FALSE
"2022-06-25 11:00:00",16.480415,16.4168,16.2596710769542,16.98,17.12,19.24790544,357.7,0,0,4.77777777777778,0.5753499,4.290529346,9.38559865714286e-05,-0.563200000000002,-0.720328923045802,-0.703200000000002,-0.860328923045802,2022,6,26,176,"NULL",2022-06-25,0.69926722832853,0.302553251465944,FALSE,FALSE
"2022-06-25 13:00:00",17.691906,17.5976,17.3222962573751,16.18,15.39,18.29426452,900,0,0.25,4.78888888888889,0.2364338,14.22120746,8.26842570612245e-05,1.4176,1.1422962573751,2.2076,1.9322962573751,2022,6,26,176,"NULL",2022-06-25,0.69926722832853,0.302553251465944,FALSE,FALSE
"2022-06-25 14:00:00",19.07664,18.9624,18.9486806234332,18.13,17.61,20.70039181,596.4,0,0,4.77777777777778,0.3743486,7.269737777,7.33598097142857e-05,0.8324,0.818680623433202,1.3524,1.3386806234332,2022,6,26,176,"NULL",2022-06-25,0.69926722832853,0.302553251465944,FALSE,FALSE
"2022-06-25 15:00:00",21.737179,21.3124,20.8704195715479,20.3,19.94,23.69479325,1591,0,0,4.78888888888889,0.4005721,7.400654942,0.000126268250040816,1.0124,0.570419571547898,1.3724,0.930419571547898,2022,6,26,176,"NULL",2022-06-25,0.69926722832853,0.302553251465944,FALSE,FALSE
"2022-06-25 16:00:00",19.406826,19.336,19.0757579372515,19.52,19.22,22.57625248,477,0,0,4.78888888888889,0.4230821,0,0.000107083335714286,-0.184000000000001,-0.444242062748501,0.116,-0.1442420627485,2022,6,26,176,"NULL",2022-06-25,0.69926722832853,0.302553251465944,FALSE,FALSE
"2022-06-25 17:00:00",21.109495,20.816,20.9435050796384,20.05,19.1,23.32786777,846,0,0,4.78888888888889,0.2716486,0,0.000100867594285714,0.765999999999998,0.893505079638398,1.716,1.8435050796384,2022,6,26,176,"NULL",2022-06-25,0.69926722832853,0.302553251465944,FALSE,FALSE
"2022-06-25 18:00:00",18.973774,18.9234,18.8492708414575,20.22,19.26,23.5768362,422.5,0,0,4.78888888888889,0.3715785,0,3.37330062244898e-05,-1.2966,-1.3707291585425,-0.336600000000001,-0.410729158542502,2022,6,26,176,"NULL",2022-06-25,0.69926722832853,0.302553251465944,FALSE,FALSE
"2022-06-26 06:00:00",9.906197,9.87675,9.85306565521258,13.72,13.69,15.61879114,50.72,0,0,4.76666666666667,0.7213756,0,1.20586543265306e-05,-3.84325,-3.86693434478742,-3.81325,-3.83693434478742,2022,6,26,177,"NULL",2022-06-26,0.69926722832853,0.302553251465944,FALSE,FALSE
"2022-06-26 07:00:00",15.051521,14.989,14.9801439163354,13.54,13.52,15.43528074,230.5,0,0,4.75555555555556,0.5617529,0.9669212049,1.01347427265306e-05,1.449,1.4401439163354,1.469,1.4601439163354,2022,6,26,177,"NULL",2022-06-26,0.69926722832853,0.302553251465944,FALSE,FALSE
"2022-06-26 08:00:00",16.447859,16.3804,16.3790273556,13.79,13.78,15.68066814,367.6,0,0,4.75555555555556,0.5323063,3.026867212,2.99928034081633e-05,2.5904,2.5890273556,2.6004,2.5990273556,2022,6,26,177,"NULL",2022-06-26,0.69926722832853,0.302553251465944,FALSE,FALSE
"2022-06-26 09:00:00",15.645101,15.5697,15.4172385480236,15.71,15.39,17.75791636,296.8,0,0,4.75555555555556,0.3422892,7.545075153,4.59968353061224e-05,-0.140300000000002,-0.292761451976402,0.179699999999999,0.0272385480235986,2022,6,26,177,"NULL",2022-06-26,0.69926722832853,0.302553251465944,FALSE,FALSE
"2022-06-26 10:00:00",17.427505,17.3552,17.2006802208098,13.57,13.52,15.46573466,406.8,0,0,4.75555555555556,0.2265965,12.88512857,2.20837397673469e-05,3.7852,3.6306802208098,3.8352,3.6806802208098,2022,6,26,177,"NULL",2022-06-26,0.69926722832853,0.302553251465944,FALSE,FALSE
"2022-06-26 11:00:00",17.634624,17.5317,17.4225481299537,15.05,15.03,17.01468504,674.7,0,0,4.74444444444444,0.5138099,18.44821788,0.000105170708530612,2.4817,2.3725481299537,2.5017,2.3925481299537,2022,6,26,177,"NULL",2022-06-26,0.69926722832853,0.302553251465944,FALSE,FALSE
"2022-06-26 12:00:00",19.185553,18.9044,18.639152731002,15.91,15.85,17.97864474,1033,0,0,4.75555555555556,0.3048733,17.52825477,2.6644729922449e-05,2.9944,2.729152731002,3.0544,2.789152731002,2022,6,26,177,"NULL",2022-06-26,0.69926722832853,0.302553251465944,FALSE,FALSE
"2022-06-26 13:00:00",18.399965,18.1192,17.5270993618799,16.21,16.29,18.32962909,1112,0,0,4.76666666666667,0.5419807,14.83593972,8.49800808979592e-05,1.9092,1.3170993618799,1.8292,1.2370993618799,2022,6,26,177,"NULL",2022-06-26,0.69926722832853,0.302553251465944,FALSE,FALSE
"2022-06-26 14:00:00",19.039341,18.7432,18.2054629713099,18.95,18.62,21.79132322,1129,0,0,4.77777777777778,0.4624657,13.14316749,7.66839237959184e-05,-0.206799999999998,-0.7445370286901,0.123200000000001,-0.414537028690102,2022,6,26,177,"NULL",2022-06-26,0.69926722832853,0.302553251465944,FALSE,FALSE
"2022-06-26 15:00:00",18.068684,17.845,17.5935554100934,16.63,16.81,18.82101412,786,0,0,4.77777777777778,0.24128,4.862973679,7.67603637959184e-05,1.215,0.963555410093402,1.035,0.783555410093403,2022,6,26,177,"NULL",2022-06-26,0.69926722832853,0.302553251465944,FALSE,FALSE
"2022-06-26 16:00:00",17.638107,17.5078,17.1132314653972,16.86,17.07,19.10060422,521.8,0,0,4.77777777777778,0.5520898,5.24748113,0.000173825552204082,0.6478,0.253231465397199,0.437799999999999,0.0432314653971986,2022,6,26,177,"NULL",2022-06-26,0.69926722832853,0.302553251465944,FALSE,FALSE
"2022-06-26 17:00:00",15.310722,15.2335,15.0514594616495,16.19,16.26,18.30604611,171.5,0,0,4.77777777777778,0.3347862,2.714073996,5.1090798122449e-06,-0.956500000000002,-1.1385405383505,-1.0265,-1.2085405383505,2022,6,26,177,"NULL",2022-06-26,0.69926722832853,0.302553251465944,FALSE,FALSE
"2022-06-28 06:00:00",10.559042,10.6059,10.6155365070522,14.07,13.86,15.97106717,38.58,0,0,9.81111111111111,0.06330752,0.607350426,1.31361678693878e-06,-3.4641,-3.4544634929478,-3.2541,-3.2444634929478,2022,6,26,179,"NULL",2022-06-28,0.69926722832853,0.302553251465944,FALSE,FALSE
"2022-06-28 07:00:00",16.243351,16.0081,16.1845980577853,13.96,13.98,15.85642803,346.9,0,0,9.78888888888889,0.3331617,1.854479665,2.20728426489796e-05,2.0481,2.2245980577853,2.0281,2.2045980577853,2022,6,26,179,"NULL",2022-06-28,0.69926722832853,0.302553251465944,FALSE,FALSE
"2022-06-28 08:00:00",16.14739,16.1109,16.0613095971234,14.38,14.33,16.298034,408.5,0,0,9.77777777777778,0.2360976,3.165180325,5.66042424897959e-05,1.7309,1.6813095971234,1.7809,1.7313095971234,2022,6,26,179,"NULL",2022-06-28,0.69926722832853,0.302553251465944,FALSE,FALSE
"2022-06-28 09:00:00",19.469255,19.417,19.5263598617406,17.5,16,19.89768301,1190,0,0,9.71111111111111,0.3066087,4.618641941,-6.95743375510204e-06,1.917,2.0263598617406,3.417,3.5263598617406,2022,6,26,179,"NULL",2022-06-28,0.69926722832853,0.302553251465944,FALSE,FALSE
"2022-06-28 10:00:00",21.39623,21.0559,20.8917881061508,18.78,17.39,21.55899373,1805,0,0,9.7,0.4874184,5.96844453,9.94728652244898e-05,2.2759,2.1117881061508,3.6659,3.5017881061508,2022,6,26,179,"NULL",2022-06-28,0.69926722832853,0.302553251465944,FALSE,FALSE
"2022-06-28 11:00:00",21.495192,20.8982,20.6310398369249,18.09,17.57,20.64794682,1587,0,0,9.65555555555556,0.3442675,7.610980612,7.06885620408163e-05,2.8082,2.5410398369249,3.3282,3.0610398369249,2022,6,26,179,"NULL",2022-06-28,0.69926722832853,0.302553251465944,FALSE,FALSE
"2022-06-28 12:00:00",20.78513,20.203,19.7769988680965,17.33,17.75,19.68318946,1689,0,0,9.62222222222222,0.6741564,9.639890685,9.98399070612245e-05,2.873,2.4469988680965,2.453,2.0269988680965,2022,6,26,179,"NULL",2022-06-28,0.69926722832853,0.302553251465944,FALSE,FALSE
"2022-06-28 13:00:00",20.690199,19.9197,19.1640003089312,18.29,18.94,20.90133092,1819,0,0,9.55555555555556,0.6299004,5.502584154,0.000162789509836735,1.6297,0.874000308931201,0.979699999999998,0.224000308931199,2022,6,26,179,"NULL",2022-06-28,0.69926722832853,0.302553251465944,FALSE,FALSE
"2022-06-28 14:00:00",21.47675,20.8827,20.688055359449,18.9,19.41,21.72276641,1711,0,0,9.52222222222222,0.8057186,9.210719868,0.000173593155469388,1.9827,1.788055359449,1.4727,1.278055359449,2022,6,26,179,"NULL",2022-06-28,0.69926722832853,0.302553251465944,FALSE,FALSE
"2022-06-28 15:00:00",21.188053,20.3879,19.8879204502292,19.39,19.7,22.39277051,1743,0,0,9.48888888888889,0.6681015,5.018064484,0.000135174095387755,0.997899999999998,0.497920450229199,0.687899999999999,0.1879204502292,2022,6,26,179,"NULL",2022-06-28,0.69926722832853,0.302553251465944,FALSE,FALSE
"2022-06-28 16:00:00",21.377026,20.8341,20.2685857942316,19.23,19.8,22.16872445,1338,0,0,9.46666666666667,0.61355,5.594477994,8.23723250612245e-05,1.6041,1.0385857942316,1.0341,0.468585794231601,2022,6,26,179,"NULL",2022-06-28,0.69926722832853,0.302553251465944,FALSE,FALSE
"2022-06-28 17:00:00",20.695448,20.4814,20.5249423919374,19.27,19.33,22.22455275,1143,0,0,9.45555555555556,0.5390551,3.384295913,3.11638852734694e-05,1.2114,1.2549423919374,1.1514,1.1949423919374,2022,6,26,179,"NULL",2022-06-28,0.69926722832853,0.302553251465944,FALSE,FALSE
"2022-06-28 18:00:00",19.787624,19.6558,19.653128743258,18.74,18.43,21.50464164,685.8,0,0,9.38888888888889,0.4986717,3.316376965,1.44924031020408e-05,0.915800000000001,0.913128743258003,1.2258,1.223128743258,2022,6,26,179,"NULL",2022-06-28,0.69926722832853,0.302553251465944,FALSE,FALSE
"2022-06-29 07:00:00",17.668194,17.3817,17.7632431288142,16.07,15.82,18.1651017,447.2,0,0,9.11111111111111,0.2630518,5.887149837,1.54552858897959e-05,1.3117,1.6932431288142,1.5617,1.9432431288142,2022,6,26,180,"NULL",2022-06-29,0.69926722832853,0.302553251465944,FALSE,FALSE
"2022-06-29 08:00:00",18.689516,18.7751,18.9607411612773,17.54,17.21,19.94844636,897,0,0,9.07777777777778,0.4360646,9.218576568,4.41480617959184e-05,1.2351,1.4207411612773,1.5651,1.7507411612773,2022,6,26,180,"NULL",2022-06-29,0.69926722832853,0.302553251465944,FALSE,FALSE
"2022-06-29 09:00:00",19.892197,19.8486,19.7731208781748,18.08,17.9,20.63485363,1266,0,0,9.04444444444444,0.5373806,8.68363055,3.3006210755102e-05,1.7686,1.6931208781748,1.9486,1.8731208781748,2022,6,26,180,"NULL",2022-06-29,0.69926722832853,0.302553251465944,FALSE,FALSE
"2022-06-29 10:00:00",19.480558,19.3409,19.1138543592211,18.8,18.65,21.58621448,936,0,0,9.01111111111111,0.3743237,13.07739218,6.0073855877551e-05,0.540900000000001,0.3138543592211,0.690900000000003,0.463854359221102,2022,6,26,180,"NULL",2022-06-29,0.69926722832853,0.302553251465944,FALSE,FALSE
"2022-06-29 11:00:00",19.766842,19.5614,19.4307448431288,18.62,19.02,21.34229869,780.5,0,0,8.97777777777778,0.2297228,14.11326549,4.04644215632653e-05,0.941399999999998,0.810744843128798,0.541399999999999,0.4107448431288,2022,6,26,180,"NULL",2022-06-29,0.69926722832853,0.302553251465944,FALSE,FALSE
"2022-06-29 12:00:00",19.10529,18.9525,18.7731236712162,19.41,19.39,22.42091398,818,0,0,8.96666666666667,0.4066046,7.492407388,4.79011272653061e-05,-0.4575,-0.636876328783799,-0.4375,-0.6168763287838,2022,6,26,180,"NULL",2022-06-29,0.69926722832853,0.302553251465944,FALSE,FALSE
"2022-06-29 13:00:00",18.138592,18.0168,17.8566775569117,18.71,18.93,21.46395571,576.7,0,0,8.93333333333333,0.5662805,9.768377289,4.28187456734694e-05,-0.693200000000001,-0.853322443088302,-0.9132,-1.0733224430883,2022,6,26,180,"NULL",2022-06-29,0.69926722832853,0.302553251465944,FALSE,FALSE
"2022-06-29 14:00:00",17.048891,16.8712,16.7235102225824,14.48,14.47,16.40474339,395,0,0.7,8.91111111111111,0.4517051,4.144387773,3.72230162693878e-05,2.3912,2.2435102225824,2.4012,2.2535102225824,2022,6,26,180,"NULL",2022-06-29,0.69926722832853,0.302553251465944,FALSE,FALSE
"2022-06-29 15:00:00",20.187128,19.863,19.6159153857841,18.76,19.08,21.5318028,904,0,0,8.86666666666667,0.472665,14.94389311,5.74611365306122e-05,1.103,0.855915385784098,0.783000000000001,0.535915385784101,2022,6,26,180,"NULL",2022-06-29,0.69926722832853,0.302553251465944,FALSE,FALSE
"2022-06-29 17:00:00",17.432981,17.3166,17.1656123293915,17.21,17.36,19.53299511,309.2,0,0,8.81111111111111,0.35252,8.968285201,8.44491116734694e-05,0.1066,-0.0443876706085007,-0.0433999999999983,-0.194387670608499,2022,6,26,180,"NULL",2022-06-29,0.69926722832853,0.302553251465944,FALSE,FALSE
"2022-06-29 18:00:00",16.184673,16.0808,15.9227458813401,16.94,16.95,19.19869569,313.8,0,0,8.76666666666667,0.4384379,3.94804522,4.99724501632653e-05,-0.859200000000001,-1.0172541186599,-0.869199999999999,-1.0272541186599,2022,6,26,180,"NULL",2022-06-29,0.69926722832853,0.302553251465944,FALSE,FALSE
"2022-06-30 06:00:00",10.449192,10.4715,10.4728518670077,14.52,14.31,16.44759721,45.41,0,0,8.61111111111111,0.2780276,1.092968422,9.40809305306123e-06,-4.0485,-4.0471481329923,-3.8385,-3.8371481329923,2022,6,26,181,"NULL",2022-06-30,0.69926722832853,0.302553251465944,FALSE,FALSE
"2022-06-30 07:00:00",16.76736,16.4021,16.8656214200704,15.19,14.28,17.17003607,324.8,0,0,8.57777777777778,0.1555194,3.370010764,1.01846238285714e-05,1.2121,1.6756214200704,2.1221,2.5856214200704,2022,6,26,181,"NULL",2022-06-30,0.69926722832853,0.302553251465944,FALSE,FALSE
"2022-06-30 08:00:00",17.901714,17.9035,18.2376533969765,18.51,16.51,21.19442034,843,0,0,8.56666666666667,0.3708307,5.738218355,5.74717830204082e-05,-0.6065,-0.2723466030235,1.3935,1.7276533969765,2022,6,26,181,"NULL",2022-06-30,0.69926722832853,0.302553251465944,FALSE,FALSE
"2022-06-30 09:00:00",18.002773,17.9063,17.8064346458687,18.68,17.32,21.42333663,856,0,0,8.54444444444444,0.516758,7.998587931,-1.40938779673469e-05,-0.773699999999998,-0.873565354131301,0.586300000000001,0.486434645868698,2022,6,26,181,"NULL",2022-06-30,0.69926722832853,0.302553251465944,FALSE,FALSE
"2022-06-30 10:00:00",18.376842,18.2039,18.1251410042795,17.78,17.34,20.24539732,762.7,0,0,8.5,0.4873265,7.741870869,0.000134169321918367,0.4239,0.345141004279498,0.863900000000001,0.785141004279499,2022,6,26,181,"NULL",2022-06-30,0.69926722832853,0.302553251465944,FALSE,FALSE
"2022-06-30 11:00:00",19.682161,19.444,19.2648321085817,18.89,18.37,21.70907755,1129,0,0,8.47777777777778,0.4762112,13.06008078,0.000233978591755102,0.553999999999998,0.3748321085817,1.074,0.894832108581699,2022,6,26,181,"NULL",2022-06-30,0.69926722832853,0.302553251465944,FALSE,FALSE
"2022-06-30 12:00:00",19.589075,19.4065,19.3930340761186,18.94,18.42,21.77759685,876,0,0,8.44444444444444,0.5094795,17.20545289,8.85065411836735e-05,0.4665,0.453034076118598,0.986499999999999,0.973034076118598,2022,6,26,181,"NULL",2022-06-30,0.69926722832853,0.302553251465944,FALSE,FALSE
"2022-06-30 13:00:00",18.824617,18.626,18.4823652908258,18.64,18.41,21.36928171,695.7,0,0,8.42222222222222,0.3097002,10.05088911,8.55848327755102e-05,-0.0139999999999993,-0.1576347091742,0.216000000000001,0.0723652908258003,2022,6,26,181,"NULL",2022-06-30,0.69926722832853,0.302553251465944,FALSE,FALSE
"2022-06-30 14:00:00",18.213867,18.0882,17.7845952723405,18.26,18.24,20.87163819,312.3,0,0,8.38888888888889,0.4570602,7.526635939,0.000141321853918367,-0.171800000000001,-0.475404727659502,-0.151799999999998,-0.455404727659499,2022,6,26,181,"NULL",2022-06-30,0.69926722832853,0.302553251465944,FALSE,FALSE
"2022-06-30 15:00:00",19.35017,19.1366,18.8721512724418,19.04,18.92,21.91519905,1236,0,0,8.35555555555556,0.3145564,11.07961446,4.53867721632653e-05,0.0966000000000022,-0.167848727558198,0.2166,-0.0478487275582005,2022,6,26,181,"NULL",2022-06-30,0.69926722832853,0.302553251465944,FALSE,FALSE
"2022-06-30 16:00:00",21.972698,21.561,20.8055041249905,19.94,20.65,23.16798878,1294,0,0,8.32222222222222,0.5590292,14.64729454,6.57441586530612e-05,1.621,0.865504124990498,0.911000000000001,0.1555041249905,2022,6,26,181,"NULL",2022-06-30,0.69926722832853,0.302553251465944,FALSE,FALSE
"2022-06-30 17:00:00",19.242613,19.0175,18.7238070800942,20.77,20.42,24.38818544,1126,0,0,8.28888888888889,0.4591209,13.48462289,8.25150452244898e-05,-1.7525,-2.0461929199058,-1.4025,-1.6961929199058,2022,6,26,181,"NULL",2022-06-30,0.69926722832853,0.302553251465944,FALSE,FALSE
"2022-06-30 18:00:00",18.19413,18.0516,17.8823621027576,18.55,18.54,21.248091,422.9,0,0,8.25555555555556,0.5244446,7.126707961,2.76392644367347e-05,-0.4984,-0.6676378972424,-0.488399999999999,-0.657637897242399,2022,6,26,181,"NULL",2022-06-30,0.69926722832853,0.302553251465944,FALSE,FALSE
"2022-07-01 06:00:00",11.533907,11.5303,11.4648107746069,14.74,14.56,16.68504058,48.25,0,0,8.08888888888889,0.3372929,0.4317098653,2.07474306571429e-05,-3.2097,-3.2751892253931,-3.0297,-3.0951892253931,2022,7,26,182,"NULL",2022-07-01,0.528378176278626,0.183854298485324,FALSE,FALSE
"2022-07-01 07:00:00",17.061146,16.8289,17.1000646754957,16.16,15.27,18.27072112,441.7,0,0,8.08888888888889,0.5303148,1.621392555,-4.90452426530612e-06,0.668900000000001,0.940064675495702,1.5589,1.8300646754957,2022,7,26,182,"NULL",2022-07-01,0.528378176278626,0.183854298485324,FALSE,FALSE
"2022-07-01 08:00:00",18.987156,19.0296,19.1175923780102,16.89,15.6,19.13733734,695.5,0,0,8.05555555555556,0.3443545,5.089851353,3.43707237469388e-05,2.1396,2.2275923780102,3.4296,3.5175923780102,2022,7,26,182,"NULL",2022-07-01,0.528378176278626,0.183854298485324,FALSE,FALSE
"2022-07-01 09:00:00",17.871426,17.7377,17.6481191005546,18.98,17.13,21.83254743,1173,0,0,8.04444444444444,0.4610529,13.2456439,0.000100467401020408,-1.2423,-1.3318808994454,0.607700000000001,0.5181191005546,2022,7,26,182,"NULL",2022-07-01,0.528378176278626,0.183854298485324,FALSE,FALSE
"2022-07-01 10:00:00",16.08034,15.9521,15.922993821377,17.64,17.13,20.06584758,605.7,0,0,8.02222222222222,0.4587892,2.949041433,7.63745557142857e-05,-1.6879,-1.717006178623,-1.1779,-1.207006178623,2022,7,26,182,"NULL",2022-07-01,0.528378176278626,0.183854298485324,FALSE,FALSE
"2022-07-01 13:00:00",15.890775,15.7862,15.7478534906688,16.86,16.75,19.10060422,629.6,0,0,7.96666666666667,0.2721523,11.12922571,4.5012614122449e-05,-1.0738,-1.1121465093312,-0.963800000000001,-1.0021465093312,2022,7,26,182,"NULL",2022-07-01,0.528378176278626,0.183854298485324,FALSE,FALSE
"2022-07-01 17:00:00",13.903086,13.8058,14.0454963535996,13.16,12.14,15.05403058,69.36,0,0.3,8.57777777777778,0.5408055,0.4529225563,0.000123087340938776,0.645799999999999,0.885496353599599,1.6658,1.9054963535996,2022,7,26,182,"NULL",2022-07-01,0.528378176278626,0.183854298485324,FALSE,FALSE
"2022-07-01 18:00:00",13.973509,13.9124,14.1692981312198,14.02,13.24,15.91886929,103.7,0,0,8.58888888888889,0.5377927,0,5.28312533469388e-05,-0.1076,0.149298131219801,0.6724,0.929298131219801,2022,7,26,182,"NULL",2022-07-01,0.528378176278626,0.183854298485324,FALSE,FALSE
"2022-07-03 06:00:00",11.725822,11.7372,11.6697783520296,15.42,15.34,17.42793651,17.4,0,0,10.0444444444444,0.09217317,0,2.41564007510204e-06,-3.6828,-3.7502216479704,-3.6028,-3.6702216479704,2022,7,27,184,"NULL",2022-07-03,0.528378176278626,0.183854298485324,FALSE,FALSE
"2022-07-03 08:00:00",18.648842,18.5861,18.7666238028918,15.68,15.55,17.72353024,480.6,0,0,10,0.2162174,9.067533784,1.06481089918367e-05,2.9061,3.0866238028918,3.0361,3.2166238028918,2022,7,27,184,"NULL",2022-07-03,0.528378176278626,0.183854298485324,FALSE,FALSE
"2022-07-03 09:00:00",16.271774,16.1598,16.0957246486541,17,16.84,19.27255141,760.2,0,0,9.95555555555556,0.4366227,15.4508615,8.13503417959184e-05,-0.840199999999999,-0.904275351345898,-0.680199999999999,-0.744275351345898,2022,7,27,184,"NULL",2022-07-03,0.528378176278626,0.183854298485324,FALSE,FALSE
"2022-07-03 10:00:00",17.970974,17.8538,17.59710905776,17.36,17.51,19.72089454,1027,0,0,9.91111111111111,0.3844718,13.12772758,5.20712830204082e-05,0.4938,0.237109057760001,0.343799999999998,0.0871090577599993,2022,7,27,184,"NULL",2022-07-03,0.528378176278626,0.183854298485324,FALSE,FALSE
"2022-07-03 11:00:00",22.046322,21.5328,21.300661720392,18.64,18.8,21.36928171,1914,0,0,9.86666666666667,0.4234259,14.87555057,6.33261233061225e-06,2.8928,2.660661720392,2.7328,2.500661720392,2022,7,27,184,"NULL",2022-07-03,0.528378176278626,0.183854298485324,FALSE,FALSE
"2022-07-03 12:00:00",19.550203,19.3446,19.0250370413512,19.08,19.43,21.97045096,1518,0,0,9.81111111111111,0.5251417,16.70949488,0.000129921306122449,0.264600000000002,-0.0549629586487974,-0.0853999999999999,-0.404962958648799,2022,7,27,184,"NULL",2022-07-03,0.528378176278626,0.183854298485324,FALSE,FALSE
"2022-07-03 13:00:00",20.996006,20.3684,19.8673683497506,18.43,19.26,21.0874321,1801,0,0,9.75555555555556,0.2217584,16.78076906,4.80741046122449e-05,1.9384,1.4373683497506,1.1084,0.607368349750598,2022,7,27,184,"NULL",2022-07-03,0.528378176278626,0.183854298485324,FALSE,FALSE
"2022-07-03 15:00:00",19.444593,19.1652,18.9325909473044,19.27,19.95,22.22455275,1486,0,0,9.67777777777778,0.6583694,13.74890432,0.000100362960163265,-0.104800000000001,-0.337409052695598,-0.784800000000001,-1.0174090526956,2022,7,27,184,"NULL",2022-07-03,0.528378176278626,0.183854298485324,FALSE,FALSE
"2022-07-03 17:00:00",18.749409,18.6096,18.493655962118,18.6,18.5,21.31534527,438.7,0,0,9.6,0.4665303,5.855310448,-2.52425805877551e-05,0.00959999999999894,-0.106344037882,0.1096,-0.00634403788199833,2022,7,27,184,"NULL",2022-07-03,0.528378176278626,0.183854298485324,FALSE,FALSE
"2022-07-03 18:00:00",18.041782,17.9614,17.8320058544985,19.07,18.96,21.95662666,607.8,0,0,9.57777777777778,0.6373494,5.870388475,6.36592870612245e-05,-1.1086,-1.2379941455015,-0.9986,-1.1279941455015,2022,7,27,184,"NULL",2022-07-03,0.528378176278626,0.183854298485324,FALSE,FALSE
"2022-07-04 06:00:00",11.5435505,11.5404,11.4496078904054,14.73,14.43,16.67418329,67.08,0,0,9.35555555555555,0.426468,1.273011586,1.84545169877551e-05,-3.1896,-3.2803921095946,-2.8896,-2.9803921095946,2022,7,27,185,"NULL",2022-07-04,0.528378176278626,0.183854298485324,FALSE,FALSE
"2022-07-04 07:00:00",15.133121,15.133,15.1354270517333,15.33,15.03,17.32662023,228.1,0,0,9.34444444444444,0.2845801,4.678537158,2.28962963959184e-05,-0.197000000000001,-0.1945729482667,0.103,0.105427051733301,2022,7,27,185,"NULL",2022-07-04,0.528378176278626,0.183854298485324,FALSE,FALSE
"2022-07-04 08:00:00",17.713135,17.6967,17.8377639487478,15.55,15.24,17.57519249,443.1,0,0,9.33333333333333,0.3014967,8.067264499,1.36055089020408e-05,2.1467,2.2877639487478,2.4567,2.5977639487478,2022,7,27,185,"NULL",2022-07-04,0.528378176278626,0.183854298485324,FALSE,FALSE
"2022-07-04 09:00:00",18.84799,18.6926,18.6240019194247,17.66,17.11,20.09141252,1334,0,0,9.27777777777778,0.3998297,11.58535999,7.36116293061225e-05,1.0326,0.9640019194247,1.5826,1.5140019194247,2022,7,27,185,"NULL",2022-07-04,0.528378176278626,0.183854298485324,FALSE,FALSE
"2022-07-04 10:00:00",19.377506,19.1377,19.0080805449343,17.85,17.67,20.33569449,1187,0,0,9.25555555555556,0.374855,13.26698566,6.24162317959184e-05,1.2877,1.1580805449343,1.4677,1.3380805449343,2022,7,27,185,"NULL",2022-07-04,0.528378176278626,0.183854298485324,FALSE,FALSE
"2022-07-04 11:00:00",19.982136,19.6598,19.2866646957535,18.53,18.38,21.22124093,1515,0,0,9.21111111111111,0.3267474,14.55395696,4.11023148571429e-05,1.1298,0.7566646957535,1.2798,0.906664695753502,2022,7,27,185,"NULL",2022-07-04,0.528378176278626,0.183854298485324,FALSE,FALSE
"2022-07-04 12:00:00",18.831676,18.5907,18.264805097364,18.17,18.3,20.7529525,1442,0,0,9.2,0.4388153,14.33438218,3.65940358653061e-05,0.420699999999997,0.0948050973639987,0.290699999999998,-0.0351949026360003,2022,7,27,185,"NULL",2022-07-04,0.528378176278626,0.183854298485324,FALSE,FALSE
"2022-07-04 13:00:00",19.26434,18.986,18.9587449342888,18.15,18.11,20.72665768,826,0,0,9.16666666666667,0.3471569,13.00008992,5.76252990204082e-05,0.836000000000002,0.8087449342888,0.876000000000001,0.848744934288799,2022,7,27,185,"NULL",2022-07-04,0.528378176278626,0.183854298485324,FALSE,FALSE
"2022-07-04 14:00:00",16.788467,16.6317,16.5165638702489,17.32,17.38,19.67063503,470.2,0,0,9.13333333333333,0.4357291,11.62239421,4.91847057142857e-05,-0.688300000000002,-0.803436129751102,-0.7483,-0.863436129751101,2022,7,27,185,"NULL",2022-07-04,0.528378176278626,0.183854298485324,FALSE,FALSE
"2022-07-04 15:00:00",16.189703,16.0352,15.8919870628751,16.38,16.56,18.53115376,317.9,0,0,9.1,0.4215545,6.995939506,2.41130224367347e-05,-0.344799999999999,-0.4880129371249,-0.524799999999999,-0.6680129371249,2022,7,27,185,"NULL",2022-07-04,0.528378176278626,0.183854298485324,FALSE,FALSE
"2022-07-04 16:00:00",15.801546,15.6606,15.5352356384999,15.99,16.16,18.07166404,371.2,0,0,9.06666666666667,0.5730302,7.391933116,2.95444658693878e-05,-0.3294,-0.4547643615001,-0.4994,-0.6247643615001,2022,7,27,185,"NULL",2022-07-04,0.528378176278626,0.183854298485324,FALSE,FALSE
"2022-07-04 17:00:00",15.714145,15.562,15.4764860575827,15.16,15.38,17.13664303,383.2,0,0,9.05555555555556,0.4491608,4.292118116,3.94467842204082e-05,0.401999999999999,0.316486057582701,0.181999999999999,0.0964860575827,2022,7,27,185,"NULL",2022-07-04,0.528378176278626,0.183854298485324,FALSE,FALSE
"2022-07-04 18:00:00",16.77758,16.7206,16.6705208427237,16.09,16.31,18.18852667,833,0,0,9.01111111111111,0.2865457,8.419569843,1.98996576163265e-05,0.630600000000001,0.580520842723701,0.410600000000002,0.360520842723702,2022,7,27,185,"NULL",2022-07-04,0.528378176278626,0.183854298485324,FALSE,FALSE
"2022-07-05 07:00:00",14.488676,14.2786,14.4784597123395,13.08,13.14,14.97482173,387,0,0,8.88888888888889,0.4000014,12.90860282,-1.34584892122449e-05,1.1986,1.3984597123395,1.1386,1.3384597123395,2022,7,27,186,"NULL",2022-07-05,0.528378176278626,0.183854298485324,FALSE,FALSE
"2022-07-05 16:00:00",20.7738,20.2249,19.7482662074903,19.22,20.05,22.15478641,1319,0,0,8.66666666666667,0.6872448,13.33529899,4.26159315510204e-05,1.0049,0.528266207490301,0.174900000000001,-0.301733792509701,2022,7,27,186,"NULL",2022-07-05,0.528378176278626,0.183854298485324,FALSE,FALSE
"2022-07-05 17:00:00",18.944752,18.7876,18.7238662480059,19.04,19.37,21.91519905,1044,0,0,8.63333333333333,0.7028203,8.343820302,5.12447442040816e-05,-0.252399999999998,-0.316133751994098,-0.5824,-0.6461337519941,2022,7,27,186,"NULL",2022-07-05,0.528378176278626,0.183854298485324,FALSE,FALSE
"2022-07-05 18:00:00",16.930166,16.8549,16.7292167557165,18.84,18.84,21.64074554,529.8,0,0,8.62222222222222,0.6319776,13.12957095,3.40205052530612e-05,-1.9851,-2.1107832442835,-1.9851,-2.1107832442835,2022,7,27,186,"NULL",2022-07-05,0.528378176278626,0.183854298485324,FALSE,FALSE
"2022-07-06 06:00:00",9.079145,9.10134,9.03747238332785,13.53,13.02,15.42514106,51.45,0,0,8.44444444444444,0.1266346,1.464365901,7.52253891836735e-06,-4.42866,-4.49252761667215,-3.91866,-3.98252761667215,2022,7,27,187,"NULL",2022-07-06,0.528378176278626,0.183854298485324,FALSE,FALSE
"2022-07-06 07:00:00",15.773748,15.5174,15.861573315439,15.16,14.3,17.13664303,418.4,0,0,8.42222222222222,0.2025569,4.513048989,1.39156982e-05,0.3574,0.701573315438999,1.2174,1.561573315439,2022,7,27,187,"NULL",2022-07-06,0.528378176278626,0.183854298485324,FALSE,FALSE
"2022-07-06 08:00:00",18.272305,18.4016,18.6015737990935,16.38,15.33,18.53115376,838,0,0,8.38888888888889,0.4461825,7.497533919,4.58790250612245e-05,2.0216,2.2215737990935,3.0716,3.2715737990935,2022,7,27,187,"NULL",2022-07-06,0.528378176278626,0.183854298485324,FALSE,FALSE
"2022-07-06 09:00:00",19.52404,19.4181,19.1322007470056,16.24,16.32,18.3650531,1264,0,0,8.36666666666667,0.498194,9.327188155,4.82267934285714e-05,3.1781,2.8922007470056,3.0981,2.8122007470056,2022,7,27,187,"NULL",2022-07-06,0.528378176278626,0.183854298485324,FALSE,FALSE
"2022-07-06 10:00:00",20.557636,20.2019,19.8875383454458,16.61,17.01,18.80687096,1589,0,0,8.33333333333333,0.6930081,12.58007223,7.78865144897959e-05,3.5919,3.2775383454458,3.1919,2.8775383454458,2022,7,27,187,"NULL",2022-07-06,0.528378176278626,0.183854298485324,FALSE,FALSE
"2022-07-06 11:00:00",20.069567,19.3125,18.9512210199792,17.21,17.6,19.53299511,1865,0,0,8.31111111111111,0.694029,13.34265397,7.26467514693878e-05,2.1025,1.7412210199792,1.7125,1.3512210199792,2022,7,27,187,"NULL",2022-07-06,0.528378176278626,0.183854298485324,FALSE,FALSE
"2022-07-06 13:00:00",21.249485,20.3484,19.6897528525487,18.22,19.37,20.81881639,2049,0,0,8.24444444444444,0.5438836,10.12173352,0.000105354507959184,2.1284,1.4697528525487,0.978400000000001,0.319752852548699,2022,7,27,187,"NULL",2022-07-06,0.528378176278626,0.183854298485324,FALSE,FALSE
"2022-07-06 14:00:00",21.905762,20.9901,20.3700270289433,18.76,20,21.5318028,1958,0,0,8.21111111111111,0.6900472,10.68246894,3.41820956285714e-05,2.2301,1.6100270289433,0.990100000000002,0.370027028943301,2022,7,27,187,"NULL",2022-07-06,0.528378176278626,0.183854298485324,FALSE,FALSE
"2022-07-06 16:00:00",22.134508,21.5615,21.4049212580082,20.17,21.35,23.50337204,1341,0,0,8.21111111111111,0.6435366,10.30914691,7.52091333877551e-05,1.3915,1.2349212580082,0.211499999999997,0.0549212580081999,2022,7,27,187,"NULL",2022-07-06,0.528378176278626,0.183854298485324,FALSE,FALSE
"2022-07-06 17:00:00",21.122192,20.8593,20.6929398217315,20.44,20.9,23.90245034,1125,0,0,8.17777777777778,0.57254,8.81187899,4.97850684081633e-05,0.4193,0.252939821731498,-0.0406999999999975,-0.207060178268499,2022,7,27,187,"NULL",2022-07-06,0.528378176278626,0.183854298485324,FALSE,FALSE
"2022-07-06 18:00:00",20.061934,19.9792,19.8562263376466,20.33,20.44,23.73915894,692.1,0,0,8.13333333333333,0.4225731,6.553922215,4.77871235510204e-05,-0.3508,-0.473773662353398,-0.460800000000003,-0.583773662353401,2022,7,27,187,"NULL",2022-07-06,0.528378176278626,0.183854298485324,FALSE,FALSE
"2022-07-07 06:00:00",12.939143,12.9837,12.8220234914284,16.66,15.75,18.8672794,50.2,0,0,7.96666666666667,0.2087407,1.872096215,2.02784578734694e-05,-3.6763,-3.8379765085716,-2.7663,-2.9279765085716,2022,7,27,188,"NULL",2022-07-07,0.528378176278626,0.183854298485324,FALSE,FALSE
"2022-07-07 07:00:00",17.366007,16.9462,17.4340141070117,18.23,17.42,20.83201094,421.5,0,0,7.95555555555556,0.1851207,5.549013533,1.72620194816327e-05,-1.2838,-0.795985892988302,-0.473800000000001,0.0140141070116968,2022,7,27,188,"NULL",2022-07-07,0.528378176278626,0.183854298485324,FALSE,FALSE
"2022-07-07 08:00:00",19.381681,19.5487,19.5580044820339,19.95,18.1,23.18248384,843,0,0,7.93333333333333,0.2810214,9.150688369,5.87346357959184e-05,-0.401299999999999,-0.391995517966098,1.4487,1.4580044820339,2022,7,27,188,"NULL",2022-07-07,0.528378176278626,0.183854298485324,FALSE,FALSE
"2022-07-07 09:00:00",21.263182,21.1811,20.8634467980046,20.37,19.57,23.7984253,1267,0,0,7.88888888888889,0.2738118,6.771691491,8.44182665714286e-05,0.8111,0.493446798004598,1.6111,1.2934467980046,2022,7,27,188,"NULL",2022-07-07,0.528378176278626,0.183854298485324,FALSE,FALSE
"2022-07-07 10:00:00",22.297321,21.8174,21.4364818313033,20.73,19.89,24.32762525,1599,0,0,7.88888888888889,0.4508721,7.532350463,9.82285364081633e-05,1.0874,0.7064818313033,1.9274,1.5464818313033,2022,7,27,188,"NULL",2022-07-07,0.528378176278626,0.183854298485324,FALSE,FALSE
"2022-07-07 11:00:00",23.519098,22.6767,22.1829722189866,20.86,21.05,24.52492405,1874,0,0,7.84444444444444,0.488289,4.202989687,9.96752869795918e-05,1.8167,1.3229722189866,1.6267,1.1329722189866,2022,7,27,188,"NULL",2022-07-07,0.528378176278626,0.183854298485324,FALSE,FALSE
"2022-07-07 12:00:00",25.110945,24.2472,23.6882231647717,21.69,22.57,25.79762568,2017,0,0,7.84444444444444,0.6694357,8.380804817,0.000166373035265306,2.5572,1.9982231647717,1.6772,1.1182231647717,2022,7,27,188,"NULL",2022-07-07,0.528378176278626,0.183854298485324,FALSE,FALSE
"2022-07-07 13:00:00",25.96574,25.0824,25.0088989491276,21.94,23.07,26.19839095,2032,0,0,7.8,0.6514576,9.419356076,0.000102888874204082,3.1424,3.0688989491276,2.0124,1.9388989491276,2022,7,27,188,"NULL",2022-07-07,0.528378176278626,0.183854298485324,FALSE,FALSE
"2022-07-07 14:00:00",26.08797,25.0191,24.7522724671444,23.47,24.31,28.7406456,2008,0,0,7.78888888888889,0.6443973,6.448157151,0.000111329927959184,1.5491,1.2822724671444,0.709100000000003,0.442272467144402,2022,7,27,188,"NULL",2022-07-07,0.528378176278626,0.183854298485324,FALSE,FALSE
"2022-07-07 15:00:00",25.629642,24.7424,24.2845618242131,23.44,23.81,28.68818124,1664,0,0,7.77777777777778,0.6092585,6.862562639,0.000116243828816327,1.3024,0.844561824213098,0.932400000000001,0.474561824213101,2022,7,27,188,"NULL",2022-07-07,0.528378176278626,0.183854298485324,FALSE,FALSE
"2022-07-07 16:00:00",25.38554,24.8375,24.6357674001671,22.37,22.95,26.89033362,1145,0,0,7.76666666666667,0.5036045,2.490384912,9.93434384081633e-05,2.4675,2.2657674001671,1.8875,1.6857674001671,2022,7,27,188,"NULL",2022-07-07,0.528378176278626,0.183854298485324,FALSE,FALSE
"2022-07-07 17:00:00",24.375034,24.0426,24.0488002532223,24,23.66,29.67130609,1126,0,0,7.73333333333333,0.6372466,3.081321132,9.75066399591837e-05,0.0426000000000002,0.0488002532223,0.3826,0.3888002532223,2022,7,27,188,"NULL",2022-07-07,0.528378176278626,0.183854298485324,FALSE,FALSE
"2022-07-07 18:00:00",22.387796,22.3283,22.5193580258793,22.66,22.32,27.3728854,690.9,0,0,7.72222222222222,0.7075188,0.9750874992,5.94267085714286e-05,-0.331700000000001,-0.140641974120701,0.00829999999999842,0.199358025879299,2022,7,27,188,"NULL",2022-07-07,0.528378176278626,0.183854298485324,FALSE,FALSE
"2022-07-08 06:00:00",13.48689,13.5262,13.5146645691423,16.79,16.41,19.01513189,47.25,0,0,7.56666666666667,0.4449859,0.6985831853,1.61497785265306e-06,-3.2638,-3.2753354308577,-2.8838,-2.8953354308577,2022,7,27,189,"NULL",2022-07-08,0.528378176278626,0.183854298485324,FALSE,FALSE
"2022-07-08 07:00:00",18.457968,18.2055,18.5756105846902,18.05,16.96,20.59561731,372.6,0,0,7.54444444444444,0.2884899,3.17705169,6.50544502857143e-06,0.1555,0.525610584690199,1.2455,1.6156105846902,2022,7,27,189,"NULL",2022-07-08,0.528378176278626,0.183854298485324,FALSE,FALSE
"2022-07-08 08:00:00",20.548893,20.5266,20.6167705806386,19.41,18.32,22.42091398,604.3,0,0,7.54444444444444,0.3389257,5.647542541,2.78335003959184e-05,1.1166,1.2067705806386,2.2066,2.2967705806386,2022,7,27,189,"NULL",2022-07-08,0.528378176278626,0.183854298485324,FALSE,FALSE
"2022-07-08 09:00:00",21.643164,21.4755,21.167772064521,20.68,19.89,24.25210844,1034,0,0,7.51111111111111,0.5550889,7.403717726,5.07052464489796e-05,0.795500000000001,0.487772064521,1.5855,1.277772064521,2022,7,27,189,"NULL",2022-07-08,0.528378176278626,0.183854298485324,FALSE,FALSE
"2022-07-08 10:00:00",23.83278,23.3441,23.159141624674,21.28,21.12,25.16186554,1562,0,0,7.47777777777778,0.6238594,6.809277774,5.65947495918367e-05,2.0641,1.879141624674,2.2241,2.039141624674,2022,7,27,189,"NULL",2022-07-08,0.528378176278626,0.183854298485324,FALSE,FALSE
"2022-07-08 13:00:00",27.607464,26.7017,26.2013792079208,24.48,25.69,30.53609932,2044,0,0,7.43333333333333,0.7108172,2.753127548,0.00014991523,2.2217,1.7213792079208,1.0117,0.5113792079208,2022,7,27,189,"NULL",2022-07-08,0.528378176278626,0.183854298485324,FALSE,FALSE
"2022-07-08 14:00:00",28.770046,27.8516,27.6502944974804,25.21,25.75,31.89927235,1953,0,0,7.42222222222222,0.5572693,2.902357489,0.000115216337306122,2.6416,2.4402944974804,2.1016,1.9002944974804,2022,7,27,189,"NULL",2022-07-08,0.528378176278626,0.183854298485324,FALSE,FALSE
"2022-07-08 15:00:00",26.195126,25.5717,25.4705929528247,25.86,25.98,33.14658113,1624,0,0,7.42222222222222,0.6976436,0,9.2919395877551e-05,-0.2883,-0.3894070471753,-0.408300000000001,-0.509407047175301,2022,7,27,189,"NULL",2022-07-08,0.528378176278626,0.183854298485324,FALSE,FALSE
"2022-07-08 18:00:00",24.527714,24.4012,24.3430443392165,23.34,22.87,28.52389814,500.3,0,0,7.35555555555556,0.3999994,0,7.87267910204082e-05,1.0612,1.0030443392165,1.5312,1.4730443392165,2022,7,27,189,"NULL",2022-07-08,0.528378176278626,0.183854298485324,FALSE,FALSE
"2022-07-10 06:00:00",14.508252,14.6291,14.7046861107594,18.66,17.99,21.39629435,38.21,0,0,6.93333333333333,0.6197991,1.06915672,1.84125907714286e-05,-4.0309,-3.9553138892406,-3.3609,-3.2853138892406,2022,7,28,191,"NULL",2022-07-10,0.528378176278626,0.183854298485324,FALSE,FALSE
"2022-07-10 07:00:00",16.920507,16.9734,17.0740788027652,17.94,17.54,20.45230487,370.3,0,0,6.91111111111111,0.09278902,2.411210029,5.03854110612245e-06,-0.9666,-0.865921197234801,-0.566599999999998,-0.465921197234799,2022,7,28,191,"NULL",2022-07-10,0.528378176278626,0.183854298485324,FALSE,FALSE
"2022-07-10 08:00:00",21.517384,21.7032,21.7066872654529,20.15,19.09,23.47404203,928,0,0,6.91111111111111,0.2964416,3.918147752,3.38061861877551e-05,1.5532,1.5566872654529,2.6132,2.6166872654529,2022,7,28,191,"NULL",2022-07-10,0.528378176278626,0.183854298485324,FALSE,FALSE
"2022-07-10 09:00:00",23.074179,23.1759,23.1504436757742,22.36,20.83,26.88382618,1240,0,0,6.88888888888889,0.1651874,5.453775582,7.20579432653061e-05,0.815899999999999,0.790443675774199,2.3459,2.3204436757742,2022,7,28,191,"NULL",2022-07-10,0.528378176278626,0.183854298485324,FALSE,FALSE
"2022-07-10 10:00:00",23.68146,23.4174,23.1672576435137,21.89,21.04,26.11780919,1569,0,0,6.86666666666667,0.1398607,6.036425991,0.000236514131428571,1.5274,1.2772576435137,2.3774,2.1272576435137,2022,7,28,191,"NULL",2022-07-10,0.528378176278626,0.183854298485324,FALSE,FALSE
"2022-07-10 11:00:00",24.560001,23.9908,23.9256519029652,21.55,21.55,25.58552593,1841,0,0,6.86666666666667,0.5262362,6.874603968,0.000152840763714286,2.4408,2.3756519029652,2.4408,2.3756519029652,2022,7,28,191,"NULL",2022-07-10,0.528378176278626,0.183854298485324,FALSE,FALSE
"2022-07-10 12:00:00",25.208532,24.5535,24.1115750778658,22.82,23.07,27.64231731,1959,0,0,6.84444444444444,0.3834727,5.542665659,0.000123791091591837,1.7335,1.2915750778658,1.4835,1.0415750778658,2022,7,28,191,"NULL",2022-07-10,0.528378176278626,0.183854298485324,FALSE,FALSE
"2022-07-10 14:00:00",25.099737,24.6071,24.5593545212833,21.65,21.39,25.74399874,496.8,0,0,6.83333333333333,0.2700973,4.783013299,0.000110310410285714,2.9571,2.9093545212833,3.2171,3.1693545212833,2022,7,28,191,"NULL",2022-07-10,0.528378176278626,0.183854298485324,FALSE,FALSE
"2022-07-10 15:00:00",21.793995,21.6573,21.3534478184903,22.32,22.18,26.81788414,510.3,0,0,6.82222222222222,0.3056944,3.929620783,0.000174096646408163,-0.662700000000001,-0.966552181509702,-0.5227,-0.826552181509701,2022,7,28,191,"NULL",2022-07-10,0.528378176278626,0.183854298485324,FALSE,FALSE
"2022-07-10 16:00:00",23.33918,23.1732,22.9765619812109,22.3,21.86,26.7849657,652.4,0,0,6.8,0.4053295,2.336230425,6.60587591836735e-05,0.873200000000001,0.676561981210899,1.3132,1.1165619812109,2022,7,28,191,"NULL",2022-07-10,0.528378176278626,0.183854298485324,FALSE,FALSE
"2022-07-10 17:00:00",24.318977,24.11,24.1540870172951,24.8,24.47,31.13161239,1140,0,0,6.8,0.6747237,0,0.000105005203306122,-0.690000000000001,-0.6459129827049,-0.359999999999999,-0.315912982704898,2022,7,28,191,"NULL",2022-07-10,0.528378176278626,0.183854298485324,FALSE,FALSE
"2022-07-10 18:00:00",23.708466,23.7118,23.9012601985262,24.4,23.89,30.3987698,681.5,0,0,6.78888888888889,0.4531291,5.187712387,6.61322874285714e-05,-0.688199999999998,-0.4987398014738,-0.1782,0.0112601985261982,2022,7,28,191,"NULL",2022-07-10,0.528378176278626,0.183854298485324,FALSE,FALSE
"2022-07-11 06:00:00",15.770578,15.8183,15.7990447393077,18.6,18.24,21.31534527,49.04,0,0,6.65555555555556,0.5495946,0,6.50734539183674e-06,-2.7817,-2.8009552606923,-2.4217,-2.4409552606923,2022,7,28,192,"NULL",2022-07-11,0.528378176278626,0.183854298485324,FALSE,FALSE
"2022-07-11 07:00:00",18.395222,18.3916,18.3539325694462,19.37,18.99,22.36465771,219.8,0,0,6.64444444444444,0.5402572,3.412179407,1.62611535510204e-05,-0.978400000000001,-1.0160674305538,-0.598399999999998,-0.636067430553798,2022,7,28,192,"NULL",2022-07-11,0.528378176278626,0.183854298485324,FALSE,FALSE
"2022-07-11 08:00:00",18.945698,18.9029,18.8911126965638,19.74,19.21,22.88973406,475.4,0,0,6.64444444444444,0.5890923,5.025410487,2.01413296e-05,-0.8371,-0.8488873034362,-0.307100000000002,-0.318887303436203,2022,7,28,192,"NULL",2022-07-11,0.528378176278626,0.183854298485324,FALSE,FALSE
"2022-07-11 09:00:00",22.750948,22.6366,22.382769413284,20.21,19.94,23.56212745,583,0,0,6.63333333333333,0.5617414,8.170950378,3.56484498734694e-05,2.4266,2.172769413284,2.6966,2.442769413284,2022,7,28,192,"NULL",2022-07-11,0.528378176278626,0.183854298485324,FALSE,FALSE
"2022-07-11 10:00:00",24.29683,23.8173,23.455528697678,22.69,22.33,27.42322991,1579,0,0,6.6,0.6504306,7.361313767,6.68721090204082e-05,1.1273,0.765528697678,1.4873,1.125528697678,2022,7,28,192,"NULL",2022-07-11,0.528378176278626,0.183854298485324,FALSE,FALSE
"2022-07-11 12:00:00",27.961405,27.2436,26.9723593856828,24.22,24.87,30.0695242,1894,0,0,6.58888888888889,0.6510596,10.75238478,0.000117323532285714,3.0236,2.7523593856828,2.3736,2.1023593856828,2022,7,28,192,"NULL",2022-07-11,0.528378176278626,0.183854298485324,FALSE,FALSE
"2022-07-11 13:00:00",23.322443,23.083,22.8440392621104,24.59,25.25,30.73968582,1479,0,0,6.57777777777778,0.5793095,3.445939296,0.000128705945591837,-1.507,-1.7459607378896,-2.167,-2.4059607378896,2022,7,28,192,"NULL",2022-07-11,0.528378176278626,0.183854298485324,FALSE,FALSE
"2022-07-11 14:00:00",22.589962,22.2907,22.0807721176977,24.15,24.36,29.94231995,834,0,0,6.56666666666667,0.6873826,0.6463901417,7.67646551836735e-05,-1.8593,-2.0692278823023,-2.0693,-2.2792278823023,2022,7,28,192,"NULL",2022-07-11,0.528378176278626,0.183854298485324,FALSE,FALSE
"2022-07-11 16:00:00",26.935999,26.4503,26.2886104783368,26.1,26.69,33.62538911,1356,0,0,6.55555555555556,0.5380734,6.671076509,7.30344196734694e-05,0.350299999999997,0.188610478336798,-0.239700000000003,-0.401389521663202,2022,7,28,192,"NULL",2022-07-11,0.528378176278626,0.183854298485324,FALSE,FALSE
"2022-07-11 17:00:00",25.627218,25.3237,25.1753669924793,26.13,25.88,33.68565816,1116,0,0,6.55555555555556,0.6739675,4.534450032,7.74831875918367e-05,-0.8063,-0.954633007520698,-0.5563,-0.704633007520698,2022,7,28,192,"NULL",2022-07-11,0.528378176278626,0.183854298485324,FALSE,FALSE
"2022-07-11 18:00:00",24.8699,24.7944,24.9369117950926,25.41,24.95,32.27467566,665,0,0,6.54444444444445,0.6607518,1.001299631,7.45331194285714e-05,-0.615600000000001,-0.473088204907402,-0.1556,-0.013088204907401,2022,7,28,192,"NULL",2022-07-11,0.528378176278626,0.183854298485324,FALSE,FALSE
"2022-07-14 06:00:00",14.257324,14.3151,14.3492153123496,17.27,16.99,19.60796727,15.25,0,0,6.76666666666667,0.3149528,0,4.67305709387755e-06,-2.9549,-2.9207846876504,-2.6749,-2.6407846876504,2022,7,28,195,"NULL",2022-07-14,0.528378176278626,0.183854298485324,FALSE,FALSE
"2022-07-14 07:00:00",18.075787,17.8235,18.136531554025,18.03,17.65,20.5694958,296,0,0,6.75555555555556,0.4246781,3.891364339,2.47562225306122e-05,-0.206500000000002,0.106531554025,0.173500000000001,0.486531554025003,2022,7,28,195,"NULL",2022-07-14,0.528378176278626,0.183854298485324,FALSE,FALSE
"2022-07-14 08:00:00",20.3559,20.4006,20.3715135549872,21.06,19.76,24.83117004,881,0,0,6.74444444444444,0.6608937,9.928172521,0.000116229259387755,-0.659399999999998,-0.688486445012799,0.640599999999999,0.611513554987198,2022,7,28,195,"NULL",2022-07-14,0.528378176278626,0.183854298485324,FALSE,FALSE
"2022-07-14 10:00:00",23.416693,23.2085,23.0128879542174,20.89,20.76,24.57065108,1353,0,0,6.73333333333333,0.6992218,11.59983265,0.000120084296530612,2.3185,2.1228879542174,2.4485,2.2528879542174,2022,7,28,195,"NULL",2022-07-14,0.528378176278626,0.183854298485324,FALSE,FALSE
"2022-07-14 13:00:00",25.329165,24.7037,24.1342940771315,22.43,23.43,26.98956283,1880,0,0,6.71111111111111,0.5836203,7.627457051,5.00255018367347e-05,2.2737,1.7042940771315,1.2737,0.7042940771315,2022,7,28,195,"NULL",2022-07-14,0.528378176278626,0.183854298485324,FALSE,FALSE
"2022-07-14 14:00:00",22.9802,22.8205,22.6955194626624,23.17,23.88,28.22971935,1515,0,0,6.7,0.5607628,7.661196907,7.77801070612245e-05,-0.349500000000003,-0.474480537337602,-1.0595,-1.1844805373376,2022,7,28,195,"NULL",2022-07-14,0.528378176278626,0.183854298485324,FALSE,FALSE
"2022-07-14 15:00:00",22.817276,22.6623,22.5228896153554,22.73,23.25,27.49048066,1201,0,0,6.7,0.6608998,4.434717914,4.84341007755102e-05,-0.0677000000000021,-0.207110384644601,-0.587700000000002,-0.7271103846446,2022,7,28,195,"NULL",2022-07-14,0.528378176278626,0.183854298485324,FALSE,FALSE
"2022-07-14 16:00:00",22.699278,22.5917,22.4982236965385,22.6,22.67,27.27243646,711.1,0,0,6.67777777777778,0.4657653,3.907146001,3.13675110938776e-05,-0.00830000000000197,-0.101776303461502,-0.0783000000000023,-0.171776303461503,2022,7,28,195,"NULL",2022-07-14,0.528378176278626,0.183854298485324,FALSE,FALSE
"2022-07-14 17:00:00",19.548218,19.4835,19.4182727178344,19.58,19.57,22.66137563,141.5,0,0,6.66666666666667,0.4559484,3.661024156,-5.80850107755102e-07,-0.0964999999999989,-0.161727282165597,-0.0865000000000009,-0.151727282165599,2022,7,28,195,"NULL",2022-07-14,0.528378176278626,0.183854298485324,FALSE,FALSE
"2022-07-14 18:00:00",19.375774,19.3268,19.2908162112886,20.18,20.06,23.51804896,171.9,0,0,6.66666666666667,0.3075015,1.408678476,2.4499421555102e-05,-0.853200000000001,-0.889183788711399,-0.7332,-0.769183788711398,2022,7,28,195,"NULL",2022-07-14,0.528378176278626,0.183854298485324,FALSE,FALSE
"2022-07-15 06:00:00",15.064539,15.1347,15.1341231369173,17.97,17.73,20.49130389,52.14,0,0,6.58888888888889,0.08868512,1.394025046,2.8406531755102e-06,-2.8353,-2.8358768630827,-2.5953,-2.5958768630827,2022,7,28,196,"NULL",2022-07-15,0.528378176278626,0.183854298485324,FALSE,FALSE
"2022-07-15 07:00:00",19.1219,18.8274,19.1894475247525,20.03,19.07,23.29872787,365.5,0,0,6.58888888888889,0.2921377,4.359567971,2.68370140122449e-05,-1.2026,-0.840552475247502,-0.242599999999999,0.119447524752498,2022,7,28,196,"NULL",2022-07-15,0.528378176278626,0.183854298485324,FALSE,FALSE
"2022-07-15 08:00:00",21.852995,22.0884,22.135007191512,21.66,20.49,25.75989272,755.9,0,0,6.58888888888889,0.4699477,4.985500324,6.49446218367347e-05,0.4284,0.475007191511999,1.5984,1.645007191512,2022,7,28,196,"NULL",2022-07-15,0.528378176278626,0.183854298485324,FALSE,FALSE
"2022-07-15 09:00:00",22.471693,22.4145,22.6676349547998,22.68,21.61,27.4064395,1169,0,0,6.57777777777778,0.3950368,7.623817073,7.65493195510204e-05,-0.265499999999999,-0.0123650452001982,0.804500000000001,1.0576349547998,2022,7,28,196,"NULL",2022-07-15,0.528378176278626,0.183854298485324,FALSE,FALSE
"2022-07-15 10:00:00",24.118164,23.8744,23.9103025803348,22.2,22.33,26.62089811,1494,0,0,6.57777777777778,0.5860931,7.332834943,9.88564836734694e-05,1.6744,1.7103025803348,1.5444,1.5803025803348,2022,7,28,196,"NULL",2022-07-15,0.528378176278626,0.183854298485324,FALSE,FALSE
"2022-07-15 11:00:00",25.405975,24.8938,24.4271532374465,22.17,22.68,26.57184794,1767,0,0,6.55555555555556,0.6705441,7.053257101,0.000105090714,2.7238,2.2571532374465,2.2138,1.7471532374465,2022,7,28,196,"NULL",2022-07-15,0.528378176278626,0.183854298485324,FALSE,FALSE
"2022-07-15 12:00:00",25.050938,24.4681,24.2415817553367,22.58,23.35,27.2390245,1595,0,0,6.55555555555556,0.6438013,9.387967064,0.000126619437346939,1.8881,1.6615817553367,1.1181,0.891581755336698,2022,7,28,196,"NULL",2022-07-15,0.528378176278626,0.183854298485324,FALSE,FALSE
"2022-07-15 13:00:00",28.335018,27.6928,27.9138947937505,23.93,24.5,29.54556095,1828,0,0,6.55555555555556,0.5395643,5.426614838,0.000195390348489796,3.7628,3.9838947937505,3.1928,3.4138947937505,2022,7,28,196,"NULL",2022-07-15,0.528378176278626,0.183854298485324,FALSE,FALSE
"2022-07-15 16:00:00",27.538868,27.1111,27.2640745207769,25.38,25.72,32.21660981,1279,0,0,6.54444444444444,0.6313671,5.491283512,4.41834883673469e-05,1.7311,1.8840745207769,1.3911,1.5440745207769,2022,7,28,196,"NULL",2022-07-15,0.528378176278626,0.183854298485324,FALSE,FALSE
"2022-07-15 17:00:00",25.766596,25.5098,25.4807671621382,24.74,24.79,31.0191949,1060,0,0,6.53333333333333,0.6405669,5.313398702,3.27786588122449e-05,0.7698,0.740767162138201,0.719799999999999,0.690767162138201,2022,7,28,196,"NULL",2022-07-15,0.528378176278626,0.183854298485324,FALSE,FALSE
"2022-07-16 06:00:00",15.59597,15.6327,15.6074036109493,18.72,18.3,21.47751025,34.67,0,0,6.47777777777778,0.4044772,0.9698167498,3.44366783877551e-06,-3.0873,-3.1125963890507,-2.6673,-2.6925963890507,2022,7,29,197,"NULL",2022-07-16,0.528378176278626,0.183854298485324,FALSE,FALSE
"2022-07-16 07:00:00",18.207905,17.89,18.3943380795624,19.54,18.38,22.60459598,366.6,0,0,6.45555555555556,0.390071,3.470185082,1.17124525061224e-06,-1.65,-1.1456619204376,-0.489999999999998,0.0143380795623997,2022,7,29,197,"NULL",2022-07-16,0.528378176278626,0.183854298485324,FALSE,FALSE
"2022-07-16 08:00:00",20.19931,20.2524,20.3488853789471,20.71,19.18,24.29739409,767.1,0,0,6.44444444444444,0.3407488,5.968578842,1.19876500244898e-05,-0.457599999999999,-0.361114621052902,1.0724,1.1688853789471,2022,7,29,197,"NULL",2022-07-16,0.528378176278626,0.183854298485324,FALSE,FALSE
"2022-07-16 09:00:00",22.154686,22.1031,22.2477919374035,21.67,20.62,25.77579519,1188,0,0,6.43333333333333,0.4857287,5.558883848,2.60366966612245e-05,0.4331,0.577791937403497,1.4831,1.6277919374035,2022,7,29,197,"NULL",2022-07-16,0.528378176278626,0.183854298485324,FALSE,FALSE
"2022-07-16 10:00:00",24.194216,23.7434,23.482096244714,22.28,22.03,26.75208228,1518,0,0,6.41111111111111,0.5233337,9.106102997,7.48353830204082e-05,1.4634,1.202096244714,1.7134,1.452096244714,2022,7,29,197,"NULL",2022-07-16,0.528378176278626,0.183854298485324,FALSE,FALSE
"2022-07-16 11:00:00",24.149746,23.4813,22.844251115444,22.22,22.4,26.65364179,1790,0,0,6.42222222222222,0.6607438,13.73609973,8.60624371020408e-05,1.2613,0.624251115444,1.0813,0.444251115444001,2022,7,29,197,"NULL",2022-07-16,0.528378176278626,0.183854298485324,FALSE,FALSE
"2022-07-16 12:00:00",27.238108,26.5332,26.5572691828518,24.25,24.55,30.12418325,1937,0,0,6.44444444444444,0.5779683,0,0.000222785080571429,2.2832,2.3072691828518,1.9832,2.0072691828518,2022,7,29,197,"NULL",2022-07-16,0.528378176278626,0.183854298485324,FALSE,FALSE
"2022-07-16 13:00:00",28.348385,27.5347,27.4800529867565,24.78,25.43,31.09410081,2003,0,0,6.43333333333333,0.5341623,1.666587488,0.000157535104081633,2.7547,2.7000529867565,2.1047,2.0500529867565,2022,7,29,197,"NULL",2022-07-16,0.528378176278626,0.183854298485324,FALSE,FALSE
"2022-07-16 15:00:00",23.883621,23.4639,23.3268632473222,22.06,22.35,26.39266663,627,0,0,6.41111111111111,0.2036345,0,9.3793386e-05,1.4039,1.2668632473222,1.1139,0.9768632473222,2022,7,29,197,"NULL",2022-07-16,0.528378176278626,0.183854298485324,FALSE,FALSE
"2022-07-16 16:00:00",25.411053,25.0847,25.0771112759869,21.8,21.88,25.97330308,533.6,0,0,6.41111111111111,0.2166894,0,3.42708415142857e-05,3.2847,3.2771112759869,3.2047,3.1971112759869,2022,7,29,197,"NULL",2022-07-16,0.528378176278626,0.183854298485324,FALSE,FALSE
"2022-07-16 17:00:00",21.992168,21.9328,21.7113413942417,22.47,22.27,27.05589168,336.1,0,0,6.42222222222222,0.5634169,0,3.68082880081633e-05,-0.537199999999999,-0.758658605758299,-0.337199999999999,-0.5586586057583,2022,7,29,197,"NULL",2022-07-16,0.528378176278626,0.183854298485324,FALSE,FALSE
"2022-07-16 18:00:00",21.021877,20.9693,20.9313919146135,21.37,21.33,25.30240485,157.4,0,0,6.41111111111111,0.5200674,3.379096535,1.60386045020408e-05,-0.400700000000001,-0.438608085386502,-0.360699999999998,-0.398608085386499,2022,7,29,197,"NULL",2022-07-16,0.528378176278626,0.183854298485324,FALSE,FALSE
"2022-07-17 06:00:00",15.856395,15.9144,15.8369031374237,18.62,18.15,21.34229869,32.86,0,0,6.31111111111111,0.258776,1.026335152,9.11031273469388e-07,-2.7056,-2.7830968625763,-2.2356,-2.3130968625763,2022,7,29,198,"NULL",2022-07-17,0.528378176278626,0.183854298485324,FALSE,FALSE
"2022-07-17 07:00:00",18.768784,18.503,18.8945594945684,19.8,18.58,22.97588192,365.7,0,0,6.3,0.4340735,3.27369469,6.60836967346939e-06,-1.297,-0.905440505431599,-0.0769999999999982,0.314559494568403,2022,7,29,198,"NULL",2022-07-17,0.528378176278626,0.183854298485324,FALSE,FALSE
"2022-07-17 08:00:00",21.15158,21.2233,21.3062349396065,21.44,20.03,25.41218311,785.4,0,0,6.28888888888889,0.4984246,5.794121841,2.1497528522449e-05,-0.216700000000003,-0.1337650603935,1.1933,1.2762349396065,2022,7,29,198,"NULL",2022-07-17,0.528378176278626,0.183854298485324,FALSE,FALSE
"2022-07-17 09:00:00",22.447453,22.3832,22.4321183915322,21.75,20.74,25.90332164,1210,0,0,6.28888888888889,0.5437067,7.447281646,2.80756726163265e-05,0.633199999999999,0.6821183915322,1.6432,1.6921183915322,2022,7,29,198,"NULL",2022-07-17,0.528378176278626,0.183854298485324,FALSE,FALSE
"2022-07-17 10:00:00",23.771194,23.331,23.1730638272011,22.57,21.71,27.22233182,1542,0,0,6.3,0.6300043,6.859753171,4.57443911020408e-05,0.760999999999999,0.603063827201101,1.621,1.4630638272011,2022,7,29,198,"NULL",2022-07-17,0.528378176278626,0.183854298485324,FALSE,FALSE
"2022-07-17 11:00:00",25.620245,24.8586,24.5698275429845,22.68,22.98,27.4064395,1818,0,0,6.27777777777778,0.6545527,10.1058885,3.9026548122449e-05,2.1786,1.8898275429845,1.8786,1.5898275429845,2022,7,29,198,"NULL",2022-07-17,0.528378176278626,0.183854298485324,FALSE,FALSE
"2022-07-17 12:00:00",26.264942,25.5079,24.7139369679167,23.74,24.22,29.21657385,1963,0,0,6.26666666666667,0.4774698,1.439872447,0.000118983178693878,1.7679,0.9739369679167,1.2879,0.493936967916699,2022,7,29,198,"NULL",2022-07-17,0.528378176278626,0.183854298485324,FALSE,FALSE
"2022-07-17 13:00:00",22.815052,22.3706,22.0266935858803,24.47,24.98,30.51764942,1761,0,0,6.26666666666667,0.4946648,6.364015372,0.000218238066367347,-2.0994,-2.4433064141197,-2.6094,-2.9533064141197,2022,7,29,198,"NULL",2022-07-17,0.528378176278626,0.183854298485324,FALSE,FALSE
"2022-07-17 14:00:00",24.269077,23.9296,23.2900965105974,21.65,21.8,25.74399874,566.9,0,0,6.26666666666667,0.2472036,8.539914108,6.45010935918367e-05,2.2796,1.6400965105974,2.1296,1.4900965105974,2022,7,29,198,"NULL",2022-07-17,0.528378176278626,0.183854298485324,FALSE,FALSE
"2022-07-17 15:00:00",24.226763,23.8385,23.5118558025879,22.73,23.35,27.49048066,1478,0,0,6.27777777777778,0.561746,11.39177171,0.00010060027555102,1.1085,0.781855802587899,0.488499999999998,0.161855802587898,2022,7,29,198,"NULL",2022-07-17,0.528378176278626,0.183854298485324,FALSE,FALSE
"2022-07-17 16:00:00",24.16108,23.8369,23.6454314704616,23.2,23.39,28.28144156,710.5,0,0,6.26666666666667,0.460669,5.998073714,6.90779356734694e-05,0.636900000000001,0.4454314704616,0.446899999999999,0.255431470461598,2022,7,29,198,"NULL",2022-07-17,0.528378176278626,0.183854298485324,FALSE,FALSE
"2022-07-17 17:00:00",22.814175,22.663,22.5317755792459,22.16,22.3,26.5555153,480.4,0,0,6.26666666666667,0.6500192,6.44278523,-1.04284715795918e-05,0.503,0.371775579245899,0.363,0.231775579245898,2022,7,29,198,"NULL",2022-07-17,0.528378176278626,0.183854298485324,FALSE,FALSE
"2022-07-18 06:00:00",14.123279,14.1437,14.0004459952901,17.36,17.12,19.72089454,29.19,0,0,6.17777777777778,0.3164394,1.018208398,1.0313952155102e-05,-3.2163,-3.3595540047099,-2.9763,-3.1195540047099,2022,7,29,199,"NULL",2022-07-18,0.528378176278626,0.183854298485324,FALSE,FALSE
"2022-07-18 07:00:00",18.783958,18.5663,18.854794378466,18.21,17.08,20.8056291,367.4,0,0,6.16666666666667,0.292841,3.061061235,6.54554442857143e-06,0.356299999999997,0.644794378465999,1.4863,1.774794378466,2022,7,29,199,"NULL",2022-07-18,0.528378176278626,0.183854298485324,FALSE,FALSE
"2022-07-18 08:00:00",18.98319,18.977,19.110884923147,19.15,17.93,22.06743292,782.8,0,0,6.16666666666667,0.4296354,5.274559614,2.07074705428571e-05,-0.172999999999998,-0.0391150768529975,1.047,1.180884923147,2022,7,29,199,"NULL",2022-07-18,0.528378176278626,0.183854298485324,FALSE,FALSE
"2022-07-18 09:00:00",20.48108,20.3394,20.3521794940619,19.73,18.88,22.87540337,1215,0,0,6.15555555555556,0.5483621,7.700727488,3.34398024408163e-05,0.609400000000001,0.6221794940619,1.4594,1.4721794940619,2022,7,29,199,"NULL",2022-07-18,0.528378176278626,0.183854298485324,FALSE,FALSE
"2022-07-18 10:00:00",22.287066,21.832,21.560097143653,20.72,20.61,24.3125056,1551,0,0,6.16666666666667,0.5838826,9.490144321,7.47473877142857e-05,1.112,0.840097143653001,1.222,0.950097143653,2022,7,29,199,"NULL",2022-07-18,0.528378176278626,0.183854298485324,FALSE,FALSE
"2022-07-18 11:00:00",24.485725,23.7643,23.296959603454,22.43,22,26.98956283,1825,0,0,6.15555555555556,0.5288386,1.050718533,8.00313556326531e-05,1.3343,0.866959603453999,1.7643,1.296959603454,2022,7,29,199,"NULL",2022-07-18,0.528378176278626,0.183854298485324,FALSE,FALSE
"2022-07-18 12:00:00",21.917295,21.6309,21.3527143070573,22.25,22.72,26.70282273,1181,0,0,6.15555555555556,0.5557645,3.47106397,8.14168380408163e-05,-0.6191,-0.897285692942699,-1.0891,-1.3672856929427,2022,7,29,199,"NULL",2022-07-18,0.528378176278626,0.183854298485324,FALSE,FALSE
"2022-07-18 13:00:00",22.06265,21.6716,21.2772678888861,21.06,20.97,24.83117004,542,0,0,6.14444444444444,0.2830194,4.515636066,1.98389198408163e-05,0.611600000000003,0.217267888886102,0.701600000000003,0.307267888886102,2022,7,29,199,"NULL",2022-07-18,0.528378176278626,0.183854298485324,FALSE,FALSE
"2022-07-18 14:00:00",20.42796,20.27,20.0795215340204,20.96,20.91,24.6776351,536.4,0,0,6.13333333333333,0.3278507,7.010897341,8.83824100408163e-05,-0.690000000000001,-0.8804784659796,-0.640000000000001,-0.830478465979599,2022,7,29,199,"NULL",2022-07-18,0.528378176278626,0.183854298485324,FALSE,FALSE
"2022-07-18 15:00:00",25.075283,24.5304,24.6113136334861,21.06,20.94,24.83117004,681.5,0,0,6.12222222222222,0.4824356,9.488462404,3.13729659469388e-05,3.4704,3.5513136334861,3.5904,3.6713136334861,2022,7,29,199,"NULL",2022-07-18,0.528378176278626,0.183854298485324,FALSE,FALSE
"2022-07-18 16:00:00",20.985615,20.729,20.5150003063989,22.31,22.34,26.80142054,618.4,0,0,6.11111111111111,0.4720483,9.575850047,7.01102375918367e-05,-1.581,-1.7949996936011,-1.611,-1.8249996936011,2022,7,29,199,"NULL",2022-07-18,0.528378176278626,0.183854298485324,FALSE,FALSE
"2022-07-18 17:00:00",19.76008,19.6155,19.3857772884961,20.46,20.6,23.93224414,395.4,0,0,6.11111111111111,0.3261741,6.495793089,4.46696397959184e-05,-0.8445,-1.0742227115039,-0.984500000000001,-1.2142227115039,2022,7,29,199,"NULL",2022-07-18,0.528378176278626,0.183854298485324,FALSE,FALSE
"2022-07-18 18:00:00",19.164738,19.097,18.9697257299131,19.51,19.5,22.5620923,155.6,0,0,6.1,0.3673785,3.488654166,1.40397360979592e-05,-0.413,-0.540274270086901,-0.402999999999999,-0.530274270086899,2022,7,29,199,"NULL",2022-07-18,0.528378176278626,0.183854298485324,FALSE,FALSE
"2022-07-19 06:00:00",15.109904,15.1367,15.1801297055025,17.87,17.54,20.36155786,25.71,0,0,6.04444444444445,0.6282908,0,2.25383290734694e-06,-2.7333,-2.6898702944975,-2.4033,-2.3598702944975,2022,7,29,200,"NULL",2022-07-19,0.528378176278626,0.183854298485324,FALSE,FALSE
"2022-07-19 07:00:00",17.678703,17.6448,17.589717057051,18.13,17.89,20.70039181,166.5,0,0,6.03333333333333,0.4746497,3.159621711,5.42382369387755e-06,-0.485199999999999,-0.540282942948998,-0.245200000000001,-0.300282942949,2022,7,29,200,"NULL",2022-07-19,0.528378176278626,0.183854298485324,FALSE,FALSE
"2022-07-19 08:00:00",18.168293,18.1198,18.0122357448533,19.22,18.5,22.15478641,473.3,0,0,6.03333333333333,0.4852798,6.666463338,2.11941062408163e-05,-1.1002,-1.2077642551467,-0.380199999999999,-0.487764255146701,2022,7,29,200,"NULL",2022-07-19,0.528378176278626,0.183854298485324,FALSE,FALSE
"2022-07-19 09:00:00",19.255777,19.1984,19.1163652857613,19.66,19,22.77530643,614,0,0,6.03333333333333,0.4547378,8.16715064,2.88604200816327e-05,-0.461600000000001,-0.543634714238699,0.198399999999999,0.116365285761301,2022,7,29,200,"NULL",2022-07-19,0.528378176278626,0.183854298485324,FALSE,FALSE
"2022-07-19 10:00:00",22.68476,22.4097,22.2306181636322,21.44,20.83,25.41218311,1247,0,0,6.03333333333333,0.5753017,12.01030937,7.36677372653061e-05,0.9697,0.7906181636322,1.5797,1.4006181636322,2022,7,29,200,"NULL",2022-07-19,0.528378176278626,0.183854298485324,FALSE,FALSE
"2022-07-19 11:00:00",23.971725,23.4591,23.1030528525487,22.97,22.51,27.88699267,1392,0,0,6.03333333333333,0.6479244,10.02162389,9.64972508163265e-05,0.489100000000001,0.133052852548701,0.949099999999998,0.593052852548698,2022,7,29,200,"NULL",2022-07-19,0.528378176278626,0.183854298485324,FALSE,FALSE
"2022-07-19 13:00:00",26.088156,25.3266,24.6264817173533,24.25,24.86,30.12418325,1848,0,0,6.02222222222222,0.5810652,10.36629391,0.000169481675714286,1.0766,0.3764817173533,0.4666,-0.233518282646699,2022,7,29,200,"NULL",2022-07-19,0.528378176278626,0.183854298485324,FALSE,FALSE
"2022-07-19 15:00:00",26.049072,25.3746,24.8254971183308,25.13,25.63,31.74622849,1611,0,0,6.03333333333333,0.6411425,13.57191351,7.55492416734694e-05,0.244600000000002,-0.304502881669197,-0.255399999999998,-0.804502881669197,2022,7,29,200,"NULL",2022-07-19,0.528378176278626,0.183854298485324,FALSE,FALSE
"2022-07-19 17:00:00",23.307718,23.0594,22.9804764047504,24.36,24.2,30.32533585,891,0,0,6.03333333333333,0.6500173,9.634421358,5.38859207755102e-05,-1.3006,-1.3795235952496,-1.1406,-1.2195235952496,2022,7,29,200,"NULL",2022-07-19,0.528378176278626,0.183854298485324,FALSE,FALSE
"2022-07-20 06:00:00",14.69839,14.7021,14.6543156491352,17.25,17.13,19.5829488,17.58,0,0,5.93333333333333,0.5814408,1.389619942,1.81370618979592e-05,-2.5479,-2.5956843508648,-2.4279,-2.4756843508648,2022,7,29,201,"NULL",2022-07-20,0.528378176278626,0.183854298485324,FALSE,FALSE
"2022-07-20 07:00:00",17.785189,17.7242,17.6663307158593,18.23,17.92,20.83201094,235,0,0,5.93333333333333,0.6745289,3.967871085,5.90990631836735e-05,-0.505800000000001,-0.563669284140701,-0.195800000000002,-0.253669284140702,2022,7,29,201,"NULL",2022-07-20,0.528378176278626,0.183854298485324,FALSE,FALSE
"2022-07-20 08:00:00",19.315977,19.239,19.1920142817351,18.38,17.87,21.03080288,594.5,0,0,5.93333333333333,0.6242898,10.25463969,3.80721412285714e-05,0.859000000000002,0.812014281735102,1.369,1.3220142817351,2022,7,29,201,"NULL",2022-07-20,0.528378176278626,0.183854298485324,FALSE,FALSE
"2022-07-20 09:00:00",21.573551,21.4289,21.3854160770809,21.18,20.13,25.0165048,1140,0,0,5.92222222222222,0.6917358,9.481342194,5.73483446530612e-05,0.248899999999999,0.205416077080901,1.2989,1.2554160770809,2022,7,29,201,"NULL",2022-07-20,0.528378176278626,0.183854298485324,FALSE,FALSE
"2022-07-20 10:00:00",22.872301,22.5127,22.2532528576131,21.49,20.78,25.49084869,1522,0,0,5.92222222222222,0.5473886,12.292138,7.73150805306122e-05,1.0227,0.7632528576131,1.7327,1.4732528576131,2022,7,29,201,"NULL",2022-07-20,0.528378176278626,0.183854298485324,FALSE,FALSE
"2022-07-20 11:00:00",25.14971,24.407,24.154260844243,22.69,22.35,27.42322991,1967,0,0,5.91111111111111,0.5403883,16.02366733,0.000106201801183673,1.717,1.464260844243,2.057,1.804260844243,2022,7,29,201,"NULL",2022-07-20,0.528378176278626,0.183854298485324,FALSE,FALSE
"2022-07-20 12:00:00",26.115528,25.6352,25.284929290218,24.42,24.54,30.42554443,2047,0,0,5.92222222222222,0.6218876,0,0.000113894062489796,1.2152,0.864929290217997,1.0952,0.744929290218,2022,7,29,201,"NULL",2022-07-20,0.528378176278626,0.183854298485324,FALSE,FALSE
"2022-07-20 14:00:00",23.670177,23.2048,22.978674875288,24.35,24.78,30.30700137,1172,0,0,5.92222222222222,0.6983645,6.554842759,8.36937552244898e-05,-1.1452,-1.371325124712,-1.5752,-1.801325124712,2022,7,29,201,"NULL",2022-07-20,0.528378176278626,0.183854298485324,FALSE,FALSE
"2022-07-20 15:00:00",27.24557,26.5343,26.3731934668659,25.37,25.49,32.1972746,1736,0,0,5.91111111111111,0.529691,1.22404772,0.000131843895877551,1.1643,1.0031934668659,1.0443,0.883193466865901,2022,7,29,201,"NULL",2022-07-20,0.528378176278626,0.183854298485324,FALSE,FALSE
"2022-07-20 16:00:00",27.105633,26.6094,26.2798512547163,25.84,26.3,33.10694773,1341,0,0,5.91111111111111,0.661993,0,9.88509291836735e-05,0.769400000000001,0.439851254716299,0.3094,-0.0201487452837021,2022,7,29,201,"NULL",2022-07-20,0.528378176278626,0.183854298485324,FALSE,FALSE
"2022-07-20 17:00:00",23.793303,23.5243,23.3735209136259,24.75,24.61,31.03790674,732.7,0,0,5.93333333333333,0.5444067,6.197816297,4.71336649387755e-05,-1.2257,-1.3764790863741,-1.0857,-1.2364790863741,2022,7,29,201,"NULL",2022-07-20,0.528378176278626,0.183854298485324,FALSE,FALSE
"2022-07-20 18:00:00",21.973318,21.8351,21.6663425970474,22.58,22.51,27.2390245,337,0,0,5.91111111111111,0.4686211,2.892693244,6.02878879591837e-05,-0.744899999999998,-0.913657402952598,-0.674900000000001,-0.843657402952601,2022,7,29,201,"NULL",2022-07-20,0.528378176278626,0.183854298485324,FALSE,FALSE
"2022-07-21 07:00:00",17.210773,17.1706,17.1268535742321,15.68,15.18,17.72353024,171.7,0,0,5.83333333333333,0.2157626,2.237550816,2.10763369020408e-06,1.4906,1.4468535742321,1.9906,1.9468535742321,2022,7,29,202,"NULL",2022-07-21,0.528378176278626,0.183854298485324,FALSE,FALSE
"2022-07-21 08:00:00",18.981926,18.8979,18.8320198855435,17.91,17.5,20.41337036,298.8,0,0,5.81111111111111,0.3710862,4.340508425,-2.45517892285714e-05,0.9879,0.922019885543499,1.3979,1.3320198855435,2022,7,29,202,"NULL",2022-07-21,0.528378176278626,0.183854298485324,FALSE,FALSE
"2022-07-21 09:00:00",20.285297,20.2046,20.1978724899344,17.79,17.78,20.25827555,471.4,0,0,5.81111111111111,0.4175849,6.263326539,1.7281428555102e-05,2.4146,2.4078724899344,2.4246,2.4178724899344,2022,7,29,202,"NULL",2022-07-21,0.528378176278626,0.183854298485324,FALSE,FALSE
"2022-07-21 10:00:00",23.220867,22.9559,22.6736924033324,19.95,19.59,23.18248384,1000,0,0,5.81111111111111,0.4683702,10.88221066,0.000105020799632653,3.0059,2.7236924033324,3.3659,3.0836924033324,2022,7,29,202,"NULL",2022-07-21,0.528378176278626,0.183854298485324,FALSE,FALSE
"2022-07-21 11:00:00",24.405485,23.7875,23.5362336532374,22.55,22.13,27.18897304,1742,0,0,5.81111111111111,0.5832349,13.54393716,0.000194252462122449,1.2375,0.986233653237399,1.6575,1.4062336532374,2022,7,29,202,"NULL",2022-07-21,0.528378176278626,0.183854298485324,FALSE,FALSE
"2022-07-21 12:00:00",26.41232,25.6319,25.3597995315388,23.85,24.15,29.41241697,1998,0,0,5.8,0.6957257,7.956313446,0.000120341080163265,1.7819,1.5097995315388,1.4819,1.2097995315388,2022,7,29,202,"NULL",2022-07-21,0.528378176278626,0.183854298485324,FALSE,FALSE
"2022-07-21 13:00:00",22.962353,22.6457,22.4843510445418,23.48,24.22,28.75815217,1364,0,0,5.81111111111111,0.6816404,5.352183996,9.36539280816327e-05,-0.834299999999999,-0.995648955458201,-1.5743,-1.7356489554582,2022,7,29,202,"NULL",2022-07-21,0.528378176278626,0.183854298485324,FALSE,FALSE
"2022-07-21 14:00:00",28.33252,27.4403,27.4701916664556,24,24.33,29.67130609,1736,0,0,5.81111111111111,0.3938085,6.999284383,4.21936440816327e-05,3.4403,3.4701916664556,3.1103,3.1401916664556,2022,7,29,202,"NULL",2022-07-21,0.528378176278626,0.183854298485324,FALSE,FALSE
"2022-07-21 15:00:00",25.743824,25.3139,25.0060986579221,24.3,24.61,30.21547269,1590,0,0,5.82222222222222,0.3319399,4.901201331,2.73518082081633e-05,1.0139,0.706098657922098,0.703900000000001,0.396098657922099,2022,7,29,202,"NULL",2022-07-21,0.528378176278626,0.183854298485324,FALSE,FALSE
"2022-07-21 16:00:00",23.636883,23.4342,23.1985491782938,23.22,23.17,28.31596859,354.2,0,0,5.83333333333333,0.141405,1.232301477,1.81239828653061e-05,0.214200000000002,-0.0214508217061997,0.264199999999999,0.0285491782937974,2022,7,29,202,"NULL",2022-07-21,0.528378176278626,0.183854298485324,FALSE,FALSE
"2022-07-21 17:00:00",22.962223,22.8471,22.5774787166696,23.7,23.41,29.14563851,477.6,0,0,5.82222222222222,0.3454371,0.9706316971,6.21707054285714e-05,-0.852899999999998,-1.1225212833304,-0.562899999999999,-0.832521283330401,2022,7,29,202,"NULL",2022-07-21,0.528378176278626,0.183854298485324,FALSE,FALSE
"2022-07-21 18:00:00",21.567707,21.4818,21.3172982628953,22.4,22.26,26.93990866,230.2,0,0,5.81111111111111,0.2712366,0.5862112918,9.03281280408163e-06,-0.918199999999999,-1.0827017371047,-0.778200000000002,-0.942701737104702,2022,7,29,202,"NULL",2022-07-21,0.528378176278626,0.183854298485324,FALSE,FALSE
"2022-07-23 07:00:00",16.469425,16.4151,16.356137266719,17.81,17.66,20.28405336,131.7,0,0,5.63333333333333,0.4348902,1.29160575,-1.6654216644898e-05,-1.3949,-1.453862733281,-1.2449,-1.303862733281,2022,7,30,204,"NULL",2022-07-23,0.528378176278626,0.183854298485324,FALSE,FALSE
"2022-07-23 08:00:00",20.970348,20.9343,20.9693917069712,18.94,18.51,21.77759685,448.2,0,0,5.63333333333333,0.3686731,4.93607565,2.81646776244898e-05,1.9943,2.0293917069712,2.4243,2.4593917069712,2022,7,30,204,"NULL",2022-07-23,0.528378176278626,0.183854298485324,FALSE,FALSE
"2022-07-23 09:00:00",21.277018,21.2,21.3203172343066,20.66,19.42,24.22195868,1118,0,0,5.63333333333333,0.4189295,3.660551535,9.3030246244898e-05,0.539999999999999,0.6603172343066,1.78,1.9003172343066,2022,7,30,204,"NULL",2022-07-23,0.528378176278626,0.183854298485324,FALSE,FALSE
"2022-07-23 10:00:00",22.628798,22.312,22.0030853080449,20.98,19.76,24.70827606,1452,0,0,5.63333333333333,0.601692,6.192533045,0.000214748046612245,1.332,1.0230853080449,2.552,2.2430853080449,2022,7,30,204,"NULL",2022-07-23,0.528378176278626,0.183854298485324,FALSE,FALSE
"2022-07-23 11:00:00",21.930565,21.666,21.1238407763794,21.67,20.86,25.77579519,1592,0,0,5.65555555555556,0.49535,7.731199091,0.000160436948653061,-0.00400000000000134,-0.546159223620602,0.806000000000001,0.2638407763794,2022,7,30,204,"NULL",2022-07-23,0.528378176278626,0.183854298485324,FALSE,FALSE
"2022-07-23 12:00:00",19.829714,19.6979,19.578160287154,19.98,19.65,23.22601625,653.7,0,0,5.64444444444444,0.4003607,7.893569508,0.00011070453044898,-0.2821,-0.401839712846002,0.0479000000000021,-0.0718397128459998,2022,7,30,204,"NULL",2022-07-23,0.528378176278626,0.183854298485324,FALSE,FALSE
"2022-07-23 13:00:00",19.732855,19.6097,19.2845469322124,19.68,19.54,22.80386669,497.4,0,0,5.64444444444444,0.2783532,7.205105605,6.67697202040816e-05,-0.0702999999999996,-0.395453067787599,0.069700000000001,-0.255453067787599,2022,7,30,204,"NULL",2022-07-23,0.528378176278626,0.183854298485324,FALSE,FALSE
"2022-07-23 14:00:00",20.345264,20.2356,19.9587907548555,19.97,19.9,23.21149757,389.2,0,0,5.64444444444444,0.3771969,6.557924998,-1.97434135959184e-05,0.265600000000003,-0.0112092451444994,0.335600000000003,0.0587907548555009,2022,7,30,204,"NULL",2022-07-23,0.528378176278626,0.183854298485324,FALSE,FALSE
"2022-07-23 15:00:00",22.90852,22.6503,22.6866725456433,22.3,22.04,26.7849657,809,0,0,5.63333333333333,0.450279,5.955417871,6.60069671836735e-05,0.350300000000001,0.3866725456433,0.610300000000002,0.646672545643302,2022,7,30,204,"NULL",2022-07-23,0.528378176278626,0.183854298485324,FALSE,FALSE
"2022-07-23 16:00:00",20.48024,20.4184,20.2248639462156,21.63,21.05,25.7122363,189.6,0,0,5.64444444444444,0.2345819,6.161139694,5.21857451020408e-05,-1.2116,-1.4051360537844,-0.631600000000002,-0.825136053784401,2022,7,30,204,"NULL",2022-07-23,0.528378176278626,0.183854298485324,FALSE,FALSE
"2022-07-23 17:00:00",19.916786,19.8185,19.6976807323188,19.9,19.95,23.11008712,267.3,0,0,5.62222222222222,0.3870359,6.318213686,1.55661041632653e-05,-0.0814999999999984,-0.202319267681197,-0.131499999999999,-0.252319267681198,2022,7,30,204,"NULL",2022-07-23,0.528378176278626,0.183854298485324,FALSE,FALSE
"2022-07-23 18:00:00",21.320795,21.2301,20.9728524499253,20.97,21.25,24.69295146,683.2,0,0,5.62222222222222,0.5731839,6.582985364,3.11336933714286e-05,0.260100000000001,0.00285244992529954,-0.0198999999999998,-0.277147550074702,2022,7,30,204,"NULL",2022-07-23,0.528378176278626,0.183854298485324,FALSE,FALSE
"2022-07-25 06:00:00",9.481644,9.5118,9.49725740953635,13.34,13.16,15.23358697,21.74,0,0,9.06666666666667,0.08061986,2.045523692,-3.67360532163265e-06,-3.8282,-3.84274259046365,-3.6482,-3.66274259046365,2022,7,30,206,"NULL",2022-07-25,0.528378176278626,0.183854298485324,FALSE,FALSE
"2022-07-25 07:00:00",13.565915,13.3125,13.5379198956724,13.34,13.29,15.23358697,335,0,0,9.05555555555556,0.3345267,6.130643927,1.19171480326531e-05,-0.0274999999999999,0.197919895672401,0.0225000000000009,0.247919895672402,2022,7,30,206,"NULL",2022-07-25,0.528378176278626,0.183854298485324,FALSE,FALSE
"2022-07-25 08:00:00",14.754007,14.6846,14.765932339014,13.98,13.72,15.87721804,486.3,0,0,9.02222222222222,0.24289,10.25756096,5.38349054693877e-05,0.704599999999999,0.785932339014,0.964599999999999,1.045932339014,2022,7,30,206,"NULL",2022-07-25,0.528378176278626,0.183854298485324,FALSE,FALSE
"2022-07-25 09:00:00",17.593626,17.5767,17.4453631510977,14.89,14.27,16.83864038,921,0,0,9,0.4665861,14.39054199,3.60560620204082e-05,2.6867,2.5553631510977,3.3067,3.1753631510977,2022,7,30,206,"NULL",2022-07-25,0.528378176278626,0.183854298485324,FALSE,FALSE
"2022-07-25 10:00:00",19.018385,18.8467,18.4617075890709,14.7,15.17,16.64164834,1498,0,0,8.93333333333333,0.3042497,16.01284366,5.57994040816327e-05,4.1467,3.7617075890709,3.6767,3.2917075890709,2022,7,30,206,"NULL",2022-07-25,0.528378176278626,0.183854298485324,FALSE,FALSE
"2022-07-25 11:00:00",17.936937,17.771,17.6285274948722,16.08,16.39,18.1768109,1224,0,0,8.9,0.3022801,16.73886069,0.000107647901959184,1.691,1.5485274948722,1.381,1.2385274948722,2022,7,30,206,"NULL",2022-07-25,0.528378176278626,0.183854298485324,FALSE,FALSE
"2022-07-25 13:00:00",20.330097,19.7255,19.0286944265782,17.48,18.37,19.87234347,2163,0,0,8.8,0.5918815,17.32884716,0.000170560006979592,2.2455,1.5486944265782,1.3555,0.658694426578197,2022,7,30,206,"NULL",2022-07-25,0.528378176278626,0.183854298485324,FALSE,FALSE
"2022-07-25 14:00:00",20.867596,20.1851,19.8840891646198,18.46,19.46,21.1274976,2056,0,0,8.75555555555556,0.3760575,8.235793251,0.000132327854489796,1.7251,1.4240891646198,0.725099999999998,0.424089164619801,2022,7,30,206,"NULL",2022-07-25,0.528378176278626,0.183854298485324,FALSE,FALSE
"2022-07-25 15:00:00",16.996428,16.8199,16.7371609278063,16.73,17.19,18.94213474,668.6,0,0,8.7,0.6138301,8.277203271,5.24843451836735e-05,0.0899000000000001,0.00716092780630007,-0.370100000000001,-0.452839072193701,2022,7,30,206,"NULL",2022-07-25,0.528378176278626,0.183854298485324,FALSE,FALSE
"2022-07-25 16:00:00",18.441721,18.1381,17.9179902889266,18.35,18.54,20.98091317,1043,0,0,8.64444444444444,0.5900564,11.49944886,9.30966101632653e-05,-0.2119,-0.432009711073402,-0.401899999999998,-0.6220097110734,2022,7,30,206,"NULL",2022-07-25,0.528378176278626,0.183854298485324,FALSE,FALSE
"2022-07-25 17:00:00",19.537552,19.3159,18.8545016104935,19.44,19.25,22.46318674,1309,0,0,8.6,0.5789575,13.05817847,8.34583946530612e-05,-0.124100000000002,-0.585498389506501,0.0658999999999992,-0.3954983895065,2022,7,30,206,"NULL",2022-07-25,0.528378176278626,0.183854298485324,FALSE,FALSE
"2022-08-01 06:00:00",11.219974,11.2913,11.1847968676407,15.14,14.66,17.11441243,14.17,0,0,15.9111111111111,0.3803185,0,1.53690666326531e-05,-3.8487,-3.9552031323593,-3.3687,-3.4752031323593,2022,8,31,213,"NULL",2022-08-01,0.46076455955774,0.202613883901577,FALSE,FALSE
"2022-08-01 07:00:00",16.409464,16.2846,16.4999564533691,15.59,15.05,17.62071935,170.4,0,0,15.8444444444444,0.4132609,2.716413283,8.78523036734694e-06,0.694600000000001,0.909956453369102,1.2346,1.4499564533691,2022,8,31,213,"NULL",2022-08-01,0.46076455955774,0.202613883901577,FALSE,FALSE
"2022-08-01 09:00:00",19.388237,19.4967,19.4156821199767,18.85,17.84,21.65439698,1083,0,0,15.7444444444444,0.6201224,9.193325278,0.000100983881469388,0.646699999999999,0.565682119976699,1.6567,1.5756821199767,2022,8,31,213,"NULL",2022-08-01,0.46076455955774,0.202613883901577,FALSE,FALSE
"2022-08-01 10:00:00",21.377533,21.3011,21.2445090223089,20.53,19.41,24.0367763,1420,0,0,15.7111111111111,0.4102043,13.09094487,7.24455143673469e-05,0.771100000000001,0.714509022308899,1.8911,1.8345090223089,2022,8,31,213,"NULL",2022-08-01,0.46076455955774,0.202613883901577,FALSE,FALSE
"2022-08-01 11:00:00",22.33717,21.9885,21.6581086044922,20.76,20.11,24.37303315,1672,0,0,15.6333333333333,0.5160735,6.5543604,0.00021138259044898,1.2285,0.898108604492197,1.8785,1.5481086044922,2022,8,31,213,"NULL",2022-08-01,0.46076455955774,0.202613883901577,FALSE,FALSE
"2022-08-01 12:00:00",20.09976,19.9465,19.7556077637943,19.88,19.64,23.08118341,945,0,0,15.5888888888889,0.6409081,5.994423613,0.000113170850897959,0.0665000000000013,-0.124392236205701,0.3065,0.115607763794298,2022,8,31,213,"NULL",2022-08-01,0.46076455955774,0.202613883901577,FALSE,FALSE
"2022-08-01 13:00:00",20.327814,20.1549,20.0935676356638,19.07,18.9,21.95662666,557.9,0,0,15.5555555555556,0.4525452,6.134413037,0.000110353816653061,1.0849,1.0235676356638,1.2549,1.1935676356638,2022,8,31,213,"NULL",2022-08-01,0.46076455955774,0.202613883901577,FALSE,FALSE
"2022-08-01 14:00:00",18.81774,18.7079,18.640105097364,19.8,19.48,22.97588192,590,0,0,15.5222222222222,0.3956207,0,0.000133310623755102,-1.0921,-1.159894902636,-0.772100000000002,-0.839894902636001,2022,8,31,213,"NULL",2022-08-01,0.46076455955774,0.202613883901577,FALSE,FALSE
"2022-08-01 15:00:00",23.429281,23.0144,22.91083645894,21.39,20.97,25.33372804,990,0,0,15.5,0.4030528,0,0.000181427922612245,1.6244,1.52083645894,2.0444,1.94083645894,2022,8,31,213,"NULL",2022-08-01,0.46076455955774,0.202613883901577,FALSE,FALSE
"2022-08-01 16:00:00",22.845041,22.5254,22.6752403104505,21.33,20.5,25.23985916,1196,0,0,15.4555555555556,0.4056016,0.8825538535,0.000200489856367347,1.1954,1.3452403104505,2.0254,2.1752403104505,2022,8,31,213,"NULL",2022-08-01,0.46076455955774,0.202613883901577,FALSE,FALSE
"2022-08-01 17:00:00",18.599487,18.5189,18.4499955711428,19.18,18.86,22.09911028,205.2,0,0,15.4222222222222,0.3219514,2.159838712,0.000104224224244898,-0.661100000000001,-0.7300044288572,-0.341100000000001,-0.410004428857199,2022,8,31,213,"NULL",2022-08-01,0.46076455955774,0.202613883901577,FALSE,FALSE
"2022-08-01 18:00:00",16.85399,16.8094,16.7246441062521,17.6,17.67,20.01480247,296.6,0,0,15.3666666666667,0.3768113,2.091560553,9.15975380408163e-05,-0.790600000000001,-0.875355893747901,-0.860600000000002,-0.945355893747902,2022,8,31,213,"NULL",2022-08-01,0.46076455955774,0.202613883901577,FALSE,FALSE
"2022-08-02 06:00:00",12.716087,12.7764,12.8249999974678,16.7,16.12,18.91572761,13.56,0,0,15.1333333333333,0.09942447,0,-9.83680239591837e-06,-3.9236,-3.8750000025322,-3.3436,-3.2950000025322,2022,8,31,214,"NULL",2022-08-02,0.46076455955774,0.202613883901577,FALSE,FALSE
"2022-08-02 07:00:00",16.30829,16.0042,16.4722026892203,18.64,17.11,21.36928171,213.8,0,0,15.1222222222222,0.2553067,0.8385284114,5.03076248571429e-05,-2.6358,-2.1677973107797,-1.1058,-0.6377973107797,2022,8,31,214,"NULL",2022-08-02,0.46076455955774,0.202613883901577,FALSE,FALSE
"2022-08-02 08:00:00",19.528555,19.6439,19.6880598693373,21.07,17.87,24.84656899,700.1,0,0,15.0888888888889,0.2479492,1.686718495,6.63086575102041e-06,-1.4261,-1.3819401306627,1.7739,1.8180598693373,2022,8,31,214,"NULL",2022-08-02,0.46076455955774,0.202613883901577,FALSE,FALSE
"2022-08-02 09:00:00",20.068016,20.1127,20.119521268137,20.46,18.17,23.93224414,1108,0,0,15.0666666666667,0.2990132,2.430568879,2.80377682530612e-05,-0.347300000000001,-0.340478731863001,1.9427,1.949521268137,2022,8,31,214,"NULL",2022-08-02,0.46076455955774,0.202613883901577,FALSE,FALSE
"2022-08-02 10:00:00",19.319698,19.211,19.1021279177534,19.74,18.73,22.88973406,1067,0,0,15.0111111111111,0.3615644,3.238899141,0.000169419791632653,-0.529,-0.637872082246599,0.480999999999998,0.372127917753399,2022,8,31,214,"NULL",2022-08-02,0.46076455955774,0.202613883901577,FALSE,FALSE
"2022-08-02 11:00:00",17.630255,17.545,17.3803888455597,17.95,17.66,20.46529737,282,0,0,15.0111111111111,0.2098701,3.972997517,1.76507568408163e-05,-0.404999999999998,-0.569611154440299,-0.114999999999998,-0.2796111544403,2022,8,31,214,"NULL",2022-08-02,0.46076455955774,0.202613883901577,FALSE,FALSE
"2022-08-02 14:00:00",18.044634,17.9033,17.8076818743511,18.9,19.45,21.72276641,602.4,0,0,14.9333333333333,0.3628345,8.955370603,3.47350117673469e-05,-0.996699999999997,-1.0923181256489,-1.5467,-1.6423181256489,2022,8,31,214,"NULL",2022-08-02,0.46076455955774,0.202613883901577,FALSE,FALSE
"2022-08-02 15:00:00",16.218256,16.1657,16.1293602086551,16.87,16.84,19.11284178,98,0,0,14.9111111111111,0.1521251,0,-2.28118310693878e-05,-0.7043,-0.740639791344901,-0.674299999999999,-0.710639791344899,2022,8,31,214,"NULL",2022-08-02,0.46076455955774,0.202613883901577,FALSE,FALSE
"2022-08-02 16:00:00",17.985271,17.8995,17.7505836848902,17.56,17.03,19.97387022,308.5,0,0,14.9,0.2710564,0,7.79337105306123e-05,0.339500000000001,0.1905836848902,0.869499999999999,0.720583684890197,2022,8,31,214,"NULL",2022-08-02,0.46076455955774,0.202613883901577,FALSE,FALSE
"2022-08-02 17:00:00",17.461536,17.3635,17.2268895444532,19.03,18.56,21.90140494,410.1,0,0,14.8888888888889,0.3625454,0,3.25296245591837e-05,-1.6665,-1.8031104555468,-1.1965,-1.3331104555468,2022,8,31,214,"NULL",2022-08-02,0.46076455955774,0.202613883901577,FALSE,FALSE
"2022-08-02 18:00:00",16.309889,16.2502,16.1715306956015,17.72,17.43,20.16827724,170.3,0,0,14.8444444444444,0.4308355,0.4815412878,1.06119276693878e-05,-1.4698,-1.5484693043985,-1.1798,-1.2584693043985,2022,8,31,214,"NULL",2022-08-02,0.46076455955774,0.202613883901577,FALSE,FALSE
"2022-08-05 06:00:00",10.643975,10.6791,10.7337558742498,14.99,14.45,16.94848148,7.887,0,0,16.2111111111111,0.2442978,0,6.68599939591837e-06,-4.3109,-4.2562441257502,-3.7709,-3.7162441257502,2022,8,31,217,"NULL",2022-08-05,0.46076455955774,0.202613883901577,FALSE,FALSE
"2022-08-05 07:00:00",15.815386,15.7926,15.8739923577524,15.41,14.85,17.41665374,131.5,0,0,16.1888888888889,0.1159281,0,-2.5023349322449e-07,0.3826,0.463992357752399,0.942600000000001,1.0239923577524,2022,8,31,217,"NULL",2022-08-05,0.46076455955774,0.202613883901577,FALSE,FALSE
"2022-08-05 08:00:00",18.793327,18.845,18.9440171304854,17.88,16.45,20.37450026,691.8,0,0,16.1444444444444,0.2817,0,4.76816843265306e-05,0.965,1.0640171304854,2.395,2.4940171304854,2022,8,31,217,"NULL",2022-08-05,0.46076455955774,0.202613883901577,FALSE,FALSE
"2022-08-05 09:00:00",17.471365,17.2382,17.2162791294219,17.99,17.1,20.51733911,1114,0,0,16.1111111111111,0.3181238,0,8.4441904122449e-05,-0.751799999999999,-0.773720870578099,0.138199999999998,0.116279129421898,2022,8,31,217,"NULL",2022-08-05,0.46076455955774,0.202613883901577,FALSE,FALSE
"2022-08-05 10:00:00",16.731005,16.645,16.596780871591,16.9,16.79,19.14959535,497.7,0,0,16.0888888888889,0.5658416,0,0.000129081944489796,-0.254999999999999,-0.303219128408998,-0.145,-0.193219128408998,2022,8,31,217,"NULL",2022-08-05,0.46076455955774,0.202613883901577,FALSE,FALSE
"2022-08-05 11:00:00",17.535534,17.4065,17.3155664759059,17.46,17.23,19.84703199,697.8,0,0,16.0444444444444,0.3515621,0.6438687425,4.38349628571429e-05,-0.0534999999999997,-0.144433524094101,0.176500000000001,0.0855664759058996,2022,8,31,217,"NULL",2022-08-05,0.46076455955774,0.202613883901577,FALSE,FALSE
"2022-08-05 12:00:00",17.664806,17.5412,17.4570266668355,17.34,16.98,19.69575085,483.6,0,0,16.0333333333333,0.4344733,10.54230826,0.000242473762530612,0.2012,0.1170266668355,0.561199999999999,0.477026666835499,2022,8,31,217,"NULL",2022-08-05,0.46076455955774,0.202613883901577,FALSE,FALSE
"2022-08-05 13:00:00",22.634642,22.1206,22.2908722595022,19.57,19.6,22.64716913,1751,0,0,16,0.3696632,12.13042555,0.000133043912040816,2.5506,2.7208722595022,2.5206,2.6908722595022,2022,8,31,217,"NULL",2022-08-05,0.46076455955774,0.202613883901577,FALSE,FALSE
"2022-08-05 14:00:00",19.881569,19.653,19.4601781266618,18.81,18.45,21.59983605,872,0,0,15.9777777777778,0.292879,6.356574737,4.66566664081633e-05,0.843,0.6501781266618,1.203,1.0101781266618,2022,8,31,217,"NULL",2022-08-05,0.46076455955774,0.202613883901577,FALSE,FALSE
"2022-08-05 15:00:00",19.559248,19.3299,18.9102497227216,18.79,18.61,21.57260038,694.2,0,0,15.9555555555556,0.479305,13.10504398,0.000121049629918367,0.539899999999999,0.120249722721599,0.719899999999999,0.300249722721599,2022,8,31,217,"NULL",2022-08-05,0.46076455955774,0.202613883901577,FALSE,FALSE
"2022-08-05 16:00:00",17.708956,17.5665,17.4282972601352,18.22,17.9,20.81881639,282.3,0,0,15.9333333333333,0.2265218,10.17726537,6.97305308571429e-05,-0.653499999999998,-0.7917027398648,-0.333499999999997,-0.471702739864799,2022,8,31,217,"NULL",2022-08-05,0.46076455955774,0.202613883901577,FALSE,FALSE
"2022-08-05 17:00:00",17.211163,17.1092,16.9336761515282,17.71,17.4,20.15544874,237.1,0,0,15.9,0.1940812,7.269621593,4.51434449387755e-06,-0.6008,-0.776323848471801,-0.290799999999997,-0.466323848471799,2022,8,31,217,"NULL",2022-08-05,0.46076455955774,0.202613883901577,FALSE,FALSE
"2022-08-05 18:00:00",16.075695,15.9932,15.8788702615786,17.11,17.04,19.40859523,153.2,0,0,15.8888888888889,0.2716521,4.340344293,2.03606647795918e-05,-1.1168,-1.2311297384214,-1.0468,-1.1611297384214,2022,8,31,217,"NULL",2022-08-05,0.46076455955774,0.202613883901577,FALSE,FALSE
"2022-08-06 06:00:00",13.576681,13.6388,13.7103069332253,17.28,16.62,19.62048692,13.36,0,0,15.6777777777778,0.2117849,0,-1.42841391795918e-06,-3.6412,-3.5696930667747,-2.9812,-2.9096930667747,2022,8,32,218,"NULL",2022-08-06,0.46076455955774,0.202613883901577,FALSE,FALSE
"2022-08-06 07:00:00",16.423517,15.9186,16.5432973664886,17.63,16.77,20.06307571,214.8,0,0,15.6555555555556,0.04493391,4.906786864,4.83626455510204e-06,-1.7114,-1.0867026335114,-0.8514,-0.226702633511401,2022,8,32,218,"NULL",2022-08-06,0.46076455955774,0.202613883901577,FALSE,FALSE
"2022-08-06 08:00:00",18.700085,18.6447,18.6296018485224,18.64,17.41,21.36928171,694.8,0,0,15.6222222222222,0.2002582,9.859212503,6.28789894693877e-05,0.0046999999999997,-0.0103981514775988,1.2347,1.2196018485224,2022,8,32,218,"NULL",2022-08-06,0.46076455955774,0.202613883901577,FALSE,FALSE
"2022-08-06 09:00:00",20.367744,20.3361,20.1995407130739,20,18.59,23.25507724,1042,0,0,15.5666666666667,0.4409488,14.80699621,-1.82327153755102e-05,0.336099999999998,0.199540713073901,1.7461,1.6095407130739,2022,8,32,218,"NULL",2022-08-06,0.46076455955774,0.202613883901577,FALSE,FALSE
"2022-08-06 10:00:00",21.028667,20.7486,20.110331781925,20.39,18.76,23.82810659,1407,0,0,15.5333333333333,0.3049738,7.460217692,6.39605644897959e-05,0.358599999999999,-0.279668218074999,1.9886,1.350331781925,2022,8,32,218,"NULL",2022-08-06,0.46076455955774,0.202613883901577,FALSE,FALSE
"2022-08-06 11:00:00",21.56708,21.0819,20.7797102377757,20.2,19.49,23.54742667,1118,0,0,15.4888888888889,0.5313513,12.41663689,6.67299096326531e-05,0.881900000000002,0.5797102377757,1.5919,1.2897102377757,2022,8,32,218,"NULL",2022-08-06,0.46076455955774,0.202613883901577,FALSE,FALSE
"2022-08-06 12:00:00",19.029041,18.8237,18.6556164695753,19.59,19.17,22.67558988,641.4,0,0,15.4666666666667,0.3710009,8.500854275,8.61373071836735e-05,-0.766300000000001,-0.9343835304247,-0.346300000000003,-0.514383530424702,2022,8,32,218,"NULL",2022-08-06,0.46076455955774,0.202613883901577,FALSE,FALSE
"2022-08-06 13:00:00",17.756468,17.6589,17.5158339191208,18.18,17.99,20.76611077,110.8,0,0,15.4444444444444,0.3442822,8.056824401,3.24388075183673e-05,-0.521100000000001,-0.664166080879198,-0.331099999999999,-0.474166080879197,2022,8,32,218,"NULL",2022-08-06,0.46076455955774,0.202613883901577,FALSE,FALSE
"2022-08-06 14:00:00",17.501217,17.4067,17.2578829784001,18.26,17.94,20.87163819,180.5,0,0,15.4111111111111,0.3686773,7.652190666,5.06560378367347e-05,-0.853300000000001,-1.0021170215999,-0.533300000000001,-0.6821170215999,2022,8,32,218,"NULL",2022-08-06,0.46076455955774,0.202613883901577,FALSE,FALSE
"2022-08-06 15:00:00",19.291193,19.0989,18.9967448152744,21.04,20.58,24.80039696,489.8,0,0,15.3888888888889,0.3418895,7.355800099,0.000162279969918367,-1.9411,-2.0432551847256,-1.4811,-1.5832551847256,2022,8,32,218,"NULL",2022-08-06,0.46076455955774,0.202613883901577,FALSE,FALSE
"2022-08-06 16:00:00",20.582464,20.3831,20.2614790534552,22.66,21.7,27.3728854,1046,0,0,15.3555555555556,0.4969436,6.999881214,0.000144924152693878,-2.2769,-2.3985209465448,-1.3169,-1.4385209465448,2022,8,32,218,"NULL",2022-08-06,0.46076455955774,0.202613883901577,FALSE,FALSE
"2022-08-06 17:00:00",21.658682,21.4715,21.5287930718392,21.16,19.96,24.97553263,784.7,0,0,15.3222222222222,0.5524727,0,0.00011507494522449,0.311499999999999,0.3687930718392,1.5115,1.5687930718392,2022,8,32,218,"NULL",2022-08-06,0.46076455955774,0.202613883901577,FALSE,FALSE
"2022-08-06 18:00:00",19.023527,18.9475,18.8445167455876,21.54,20.64,25.56972526,545.2,0,0,15.3111111111111,0.4704376,4.280125126,5.77218066122449e-05,-2.5925,-2.6954832544124,-1.6925,-1.7954832544124,2022,8,32,218,"NULL",2022-08-06,0.46076455955774,0.202613883901577,FALSE,FALSE
"2022-08-15 06:00:00",12.194203,12.2726,12.3393855207516,15.74,15.44,17.78236054,3.978,0,0,17.6777777777778,0.2852622,0,3.79973664204082e-06,-3.4674,-3.4006144792484,-3.1674,-3.1006144792484,2022,8,33,227,"NULL",2022-08-15,0.46076455955774,0.202613883901577,FALSE,FALSE
"2022-08-15 07:00:00",16.722752,16.4546,16.8750120888304,14.95,14.55,16.90447043,163.4,0,0,17.6444444444444,0.1727585,0,-1.65982481755102e-06,1.5046,1.9250120888304,1.9046,2.3250120888304,2022,8,33,227,"NULL",2022-08-15,0.46076455955774,0.202613883901577,FALSE,FALSE
"2022-08-15 08:00:00",18.007032,17.9278,18.1877562609202,18.11,15.99,20.67415487,622.1,0,0,17.6111111111111,0.1436016,0,6.79791964081633e-06,-0.182199999999998,0.0777562609202,1.9378,2.1977562609202,2022,8,33,227,"NULL",2022-08-15,0.46076455955774,0.202613883901577,FALSE,FALSE
"2022-08-15 09:00:00",16.985775,16.8978,16.8798540832088,19.76,17.48,22.91841881,812,0,0,17.5666666666667,0.3245139,0,7.73474582857143e-05,-2.8622,-2.8801459167912,-0.5822,-0.600145916791199,2022,8,33,227,"NULL",2022-08-15,0.46076455955774,0.202613883901577,FALSE,FALSE
"2022-08-15 10:00:00",17.850986,17.7849,17.7723041705705,17.65,16.75,20.07862652,589.1,0,0,17.5222222222222,0.227637,0,4.95447457959184e-05,0.134900000000002,0.122304170570501,1.0349,1.0223041705705,2022,8,33,227,"NULL",2022-08-15,0.46076455955774,0.202613883901577,FALSE,FALSE
"2022-08-15 11:00:00",16.944056,16.8673,16.6920879111696,16.8,16.6,19.02732183,340.4,0,0,17.4777777777778,0.4228465,0,0.000114409653102041,0.0672999999999995,-0.1079120888304,0.267299999999999,0.0920879111695996,2022,8,33,227,"NULL",2022-08-15,0.46076455955774,0.202613883901577,FALSE,FALSE
"2022-08-15 12:00:00",17.331652,17.2657,17.0745304018637,16.66,16.31,18.8672794,455.7,0,0,17.4555555555556,0.2092214,0,9.3690991755102e-05,0.605699999999999,0.414530401863701,0.9557,0.764530401863702,2022,8,33,227,"NULL",2022-08-15,0.46076455955774,0.202613883901577,FALSE,FALSE
"2022-08-15 13:00:00",18.245993,18.1439,18.1244882403586,17.92,17.3,20.42634137,899,0,0,17.4444444444444,0.1944856,0,1.39318984857143e-05,0.223899999999997,0.204488240358597,0.843899999999998,0.824488240358598,2022,8,33,227,"NULL",2022-08-15,0.46076455955774,0.202613883901577,FALSE,FALSE
"2022-08-15 14:00:00",19.754728,19.5451,19.3400867412828,19.2,18.82,22.12693314,1177,0,0,17.4,0.3595387,1.970034645,-1.79194057795918e-05,0.345100000000002,0.140086741282801,0.725100000000001,0.5200867412828,2022,8,33,227,"NULL",2022-08-15,0.46076455955774,0.202613883901577,FALSE,FALSE
"2022-08-15 15:00:00",21.039444,20.6808,20.3485296776481,19.1,19.32,21.99812225,1284,0,0,17.3777777777778,0.6547118,12.23015419,0.000121647113877551,1.5808,1.2485296776481,1.3608,1.0285296776481,2022,8,33,227,"NULL",2022-08-15,0.46076455955774,0.202613883901577,FALSE,FALSE
"2022-08-15 16:00:00",19.993488,19.8032,19.4975334126763,19.24,19.09,22.1826701,1308,0,0,17.3666666666667,0.5932767,16.79693416,0.00010258395322449,0.563200000000002,0.257533412676302,0.713200000000001,0.407533412676301,2022,8,33,227,"NULL",2022-08-15,0.46076455955774,0.202613883901577,FALSE,FALSE
"2022-08-15 17:00:00",19.416088,19.2803,19.245073976349,19.38,18.96,22.37871028,1033,0,0,17.3111111111111,0.6000857,14.44302742,0.000119758022244898,-0.0996999999999986,-0.134926023650998,0.3203,0.285073976349,2022,8,33,227,"NULL",2022-08-15,0.46076455955774,0.202613883901577,FALSE,FALSE
"2022-08-15 18:00:00",17.95943,17.8936,17.8991976425008,18.04,17.78,20.58255296,328.8,0,0,17.2777777777778,0.2462993,7.361487161,3.53537844040816e-05,-0.1464,-0.140802357499201,0.113599999999998,0.119197642500797,2022,8,33,227,"NULL",2022-08-15,0.46076455955774,0.202613883901577,FALSE,FALSE
"2022-08-16 06:00:00",11.158505,11.1635,11.2613079714365,15.27,14.95,17.2593612,5.738,0,0,17.0444444444444,0.07167859,0,-7.77737382857143e-06,-4.1065,-4.0086920285635,-3.7865,-3.6886920285635,2022,8,33,228,"NULL",2022-08-16,0.46076455955774,0.202613883901577,FALSE,FALSE
"2022-08-16 07:00:00",16.855993,16.7491,16.9927898787065,16.67,15.32,18.87938132,157.3,0,0,17.0222222222222,0.2400717,2.910187784,7.62087226938776e-06,0.0790999999999968,0.322789878706498,1.4291,1.6727898787065,2022,8,33,228,"NULL",2022-08-16,0.46076455955774,0.202613883901577,FALSE,FALSE
"2022-08-16 08:00:00",16.98082,17.028,17.1233242156441,18.64,16.71,21.36928171,569.3,0,0,16.9888888888889,0.3657482,5.863775838,0.000110342076816327,-1.612,-1.5166757843559,0.317999999999998,0.413324215644099,2022,8,33,228,"NULL",2022-08-16,0.46076455955774,0.202613883901577,FALSE,FALSE
"2022-08-16 09:00:00",19.95148,20.048,19.945598065382,19.73,18.13,22.87540337,884,0,0,16.9666666666667,0.3545988,8.800226773,0.000134980444489796,0.317999999999998,0.215598065382,1.918,1.815598065382,2022,8,33,228,"NULL",2022-08-16,0.46076455955774,0.202613883901577,FALSE,FALSE
"2022-08-16 10:00:00",22.994888,22.726,22.6118922336735,19.95,19.1,23.18248384,1500,0,0,16.9,0.3788472,13.07616743,9.58243647346939e-05,2.776,2.6618922336735,3.626,3.5118922336735,2022,8,33,228,"NULL",2022-08-16,0.46076455955774,0.202613883901577,FALSE,FALSE
"2022-08-16 11:00:00",17.867655,17.704,17.6555937682004,18.81,18.52,21.59983605,853,0,0,16.9,0.4837086,9.717859066,8.20868154693877e-05,-1.106,-1.1544062317996,-0.815999999999999,-0.864406231799599,2022,8,33,228,"NULL",2022-08-16,0.46076455955774,0.202613883901577,FALSE,FALSE
"2022-08-16 12:00:00",17.260212,17.141,17.0088423058418,18.2,18.05,20.79244907,702.8,0,0,16.8444444444444,0.3402368,11.31037366,9.35643729387755e-05,-1.059,-1.1911576941582,-0.909000000000002,-1.0411576941582,2022,8,33,228,"NULL",2022-08-16,0.46076455955774,0.202613883901577,FALSE,FALSE
"2022-08-16 13:00:00",19.16695,18.9808,18.6902414575473,17.76,17.6,20.21966221,435.7,0,0,16.8222222222222,0.3242203,12.85089219,2.32558395102041e-05,1.2208,0.9302414575473,1.3808,1.0902414575473,2022,8,33,228,"NULL",2022-08-16,0.46076455955774,0.202613883901577,FALSE,FALSE
"2022-08-16 14:00:00",21.007105,20.5346,19.9909004000912,18.31,18.55,20.93782916,728,0,0,16.8111111111111,0.3125592,14.47283246,3.41017239469388e-05,2.2246,1.6809004000912,1.9846,1.4409004000912,2022,8,33,228,"NULL",2022-08-16,0.46076455955774,0.202613883901577,FALSE,FALSE
"2022-08-16 16:00:00",18.575918,18.4388,18.2849038641716,19.01,18.83,21.87383934,414.3,0,0,16.7555555555556,0.3856807,8.035604245,7.45730750612245e-05,-0.571200000000001,-0.725096135828402,-0.391199999999998,-0.545096135828398,2022,8,33,228,"NULL",2022-08-16,0.46076455955774,0.202613883901577,FALSE,FALSE
"2022-08-16 17:00:00",16.703997,16.6177,16.5219690537084,17.71,17.54,20.15544874,85.4,0,0,16.7111111111111,0.3176447,5.698210597,1.27743562979592e-06,-1.0923,-1.1880309462916,-0.9223,-1.0180309462916,2022,8,33,228,"NULL",2022-08-16,0.46076455955774,0.202613883901577,FALSE,FALSE
"2022-08-16 18:00:00",16.984211,16.93,16.8597506064673,17.52,17.19,19.92305063,203.4,0,0,16.7,0.2701585,3.436122656,5.40919091836735e-05,-0.59,-0.660249393532698,-0.260000000000002,-0.3302493935327,2022,8,33,228,"NULL",2022-08-16,0.46076455955774,0.202613883901577,FALSE,FALSE
"2022-08-18 12:00:00",18.6649,18.558,18.3659765617482,15.39,15.48,17.39410727,596.4,0,0,18.1777777777778,0.5770003,8.729814607,8.64603375918367e-05,3.168,2.9759765617482,3.078,2.8859765617482,2022,8,33,230,"NULL",2022-08-18,0.46076455955774,0.202613883901577,FALSE,FALSE
"2022-08-18 14:00:00",21.532398,21.2322,21.1938738497379,16.14,16.33,18.24720409,853,0,0,18.0777777777778,0.628175,0,0.000108120033387755,5.0922,5.0538738497379,4.9022,4.8638738497379,2022,8,33,230,"NULL",2022-08-18,0.46076455955774,0.202613883901577,FALSE,FALSE
"2022-08-18 18:00:00",14.477948,14.399,14.3023330049885,16.69,16.55,18.90360542,328.9,0,0,17.9222222222222,0.624636,1.613457092,2.31025073183673e-05,-2.291,-2.3876669950115,-2.151,-2.2476669950115,2022,8,33,230,"NULL",2022-08-18,0.46076455955774,0.202613883901577,FALSE,FALSE
"2022-08-19 18:00:00",14.547872,14.4695,14.4497396343471,13.36,13.4,15.25365243,99.1,0,0,19.5222222222222,0.1249873,6.82561257,1.77331088163265e-05,1.1095,1.0897396343471,1.0695,1.0497396343471,2022,8,33,231,"NULL",2022-08-19,0.46076455955774,0.202613883901577,FALSE,FALSE
"2022-08-21 08:00:00",13.889162,13.8503,13.8621330049885,13.22,12.89,15.11367663,207.8,0,0,18.8333333333333,0.3955953,5.255180009,1.55143512244898e-05,0.6303,0.6421330049885,0.9603,0.9721330049885,2022,8,34,233,"NULL",2022-08-21,0.46076455955774,0.202613883901577,FALSE,FALSE
"2022-08-21 09:00:00",14.409076,14.4018,14.4195722367122,13.47,13.08,15.36442477,384.4,0,0,18.7666666666667,0.4527935,2.719147001,4.33845846530612e-05,0.931799999999999,0.9495722367122,1.3218,1.3395722367122,2022,8,34,233,"NULL",2022-08-21,0.46076455955774,0.202613883901577,FALSE,FALSE
"2022-08-21 10:00:00",15.83991,15.7945,15.8205048719962,15.97,14.66,18.04837005,1091,0,0,18.7444444444444,0.6628109,8.218788779,4.14109142857143e-05,-0.175500000000001,-0.149495128003801,1.1345,1.1605048719962,2022,8,34,233,"NULL",2022-08-21,0.46076455955774,0.202613883901577,FALSE,FALSE
"2022-08-21 11:00:00",17.423601,17.3425,17.6632784305285,15.52,14.95,17.54111457,959,0,0,18.7,0.4537218,9.585717412,0.000156410520857143,1.8225,2.1432784305285,2.3925,2.7132784305285,2022,8,34,233,"NULL",2022-08-21,0.46076455955774,0.202613883901577,FALSE,FALSE
"2022-08-21 13:00:00",19.27861,19.0696,19.2069105492391,16.39,16.15,18.54306794,1360,0,0,18.5888888888889,0.6484074,13.66169184,0.000166660572040816,2.6796,2.8169105492391,2.9196,3.0569105492391,2022,8,34,233,"NULL",2022-08-21,0.46076455955774,0.202613883901577,FALSE,FALSE
"2022-08-21 14:00:00",20.254229,19.9246,19.8727647033501,17.33,17.12,19.68318946,1568,0,0,18.5666666666667,0.5614214,12.92806148,0.000150549920163265,2.5946,2.5427647033501,2.8046,2.7527647033501,2022,8,34,233,"NULL",2022-08-21,0.46076455955774,0.202613883901577,FALSE,FALSE
"2022-08-21 15:00:00",19.799356,19.4396,19.3828896153554,19.1,18.05,21.99812225,1715,0,0,18.5,0.57464,5.409089943,0.000289085205142857,0.339599999999997,0.282889615355398,1.3896,1.3328896153554,2022,8,34,233,"NULL",2022-08-21,0.46076455955774,0.202613883901577,FALSE,FALSE
"2022-08-21 16:00:00",17.416286,17.1792,17.1825968549796,18.52,17.51,21.20782695,994,0,0,18.4555555555556,0.5873919,8.271880185,0.00014896950077551,-1.3408,-1.3374031450204,-0.3308,-0.327403145020401,2022,8,34,233,"NULL",2022-08-21,0.46076455955774,0.202613883901577,FALSE,FALSE
"2022-08-21 17:00:00",19.377747,19.1645,19.5807586614672,18.56,16.68,21.26152709,1000,0,0,18.3888888888889,0.2471511,4.503675463,5.94697639183673e-05,0.604500000000002,1.0207586614672,2.4845,2.9007586614672,2022,8,34,233,"NULL",2022-08-21,0.46076455955774,0.202613883901577,FALSE,FALSE
"2022-08-21 18:00:00",16.982372,16.8731,17.003596404244,17.99,16.57,20.51733911,645.5,0,0,18.3555555555556,0.3137685,1.96419124,3.61434771020408e-05,-1.1169,-0.986403595755998,0.303100000000001,0.433596404244,2022,8,34,233,"NULL",2022-08-21,0.46076455955774,0.202613883901577,FALSE,FALSE
"2022-08-22 06:00:00",10.091403,10.0752,10.0777790901724,14,13.74,15.89803178,2.733,0,0,18.0222222222222,0.4881932,0,7.96771015102041e-06,-3.9248,-3.9222209098276,-3.6648,-3.6622209098276,2022,8,34,234,"NULL",2022-08-22,0.46076455955774,0.202613883901577,FALSE,FALSE
"2022-08-22 07:00:00",14.8168,14.6398,14.9466340913119,14.25,13.6,16.16021595,183.7,0,0,18.0222222222222,0.3832036,0.7500743538,1.93183832408163e-05,0.389799999999999,0.6966340913119,1.0398,1.3466340913119,2022,8,34,234,"NULL",2022-08-22,0.46076455955774,0.202613883901577,FALSE,FALSE
"2022-08-22 08:00:00",16.883177,16.8609,17.0453277101112,16.16,14.32,18.27072112,649.1,0,0,17.9777777777778,0.3313613,3.888072843,2.75197251591837e-05,0.700900000000001,0.885327710111198,2.5409,2.7253277101112,2022,8,34,234,"NULL",2022-08-22,0.46076455955774,0.202613883901577,FALSE,FALSE
"2022-08-22 09:00:00",18.634258,18.6549,18.7361822769745,17.28,15.71,19.62048692,1005,0,0,17.9111111111111,0.5091752,7.370643386,3.45180854e-05,1.3749,1.4561822769745,2.9449,3.0261822769745,2022,8,34,234,"NULL",2022-08-22,0.46076455955774,0.202613883901577,FALSE,FALSE
"2022-08-22 10:00:00",19.18336,18.9723,18.6840104403535,19.09,17.31,21.98428283,1433,0,0,17.8666666666667,0.5037441,6.473123561,8.41829086938776e-05,-0.117699999999999,-0.4059895596465,1.6623,1.3740104403535,2022,8,34,234,"NULL",2022-08-22,0.46076455955774,0.202613883901577,FALSE,FALSE
"2022-08-22 11:00:00",17.746588,17.6136,17.4687074219442,18.05,17.76,20.59561731,1227,0,0,17.8222222222222,0.6202142,11.94916695,0.000162430582,-0.436399999999999,-0.581292578055802,-0.1464,-0.291292578055803,2022,8,34,234,"NULL",2022-08-22,0.46076455955774,0.202613883901577,FALSE,FALSE
"2022-08-22 12:00:00",21.408478,21.0541,20.94854549391,18.39,18.12,21.03411408,1481,0,0,17.7555555555556,0.4491698,12.55341836,0.000159959871102041,2.6641,2.55854549391,2.9341,2.82854549391,2022,8,34,234,"NULL",2022-08-22,0.46076455955774,0.202613883901577,FALSE,FALSE
"2022-08-22 13:00:00",17.609066,17.4424,17.3170695019118,17.66,16.97,20.09141252,622.6,0,0,17.7333333333333,0.445537,13.91523749,0.000101338510081633,-0.217600000000001,-0.342930498088201,0.4724,0.3470695019118,2022,8,34,234,"NULL",2022-08-22,0.46076455955774,0.202613883901577,FALSE,FALSE
"2022-08-22 14:00:00",20.46536,20.0778,20.1777869311995,18.97,18.97,21.81879851,1492,0,0,17.7333333333333,0.5702918,3.55605724,0.000303737371428571,1.1078,1.2077869311995,1.1078,1.2077869311995,2022,8,34,234,"NULL",2022-08-22,0.46076455955774,0.202613883901577,FALSE,FALSE
"2022-08-22 15:00:00",18.622381,18.3568,17.9996043098427,19.22,19.11,22.15478641,1287,0,0,17.6888888888889,0.619504,9.274652524,0.000148901835877551,-0.863199999999999,-1.2203956901573,-0.7532,-1.1103956901573,2022,8,34,234,"NULL",2022-08-22,0.46076455955774,0.202613883901577,FALSE,FALSE
"2022-08-22 16:00:00",19.060455,18.8217,18.9343485806893,19.32,18.48,22.29450971,1038,0,0,17.6666666666667,0.4358689,8.564273382,0.000168483101795918,-0.4983,-0.385651419310701,0.341699999999999,0.454348580689299,2022,8,34,234,"NULL",2022-08-22,0.46076455955774,0.202613883901577,FALSE,FALSE
"2022-08-22 17:00:00",19.728512,19.5202,19.6409268288977,19.54,18,22.60459598,917,0,0,17.6444444444444,0.5096214,2.213401761,0.000206510939591837,-0.0198,0.100926828897702,1.5202,1.6409268288977,2022,8,34,234,"NULL",2022-08-22,0.46076455955774,0.202613883901577,FALSE,FALSE
"2022-08-22 18:00:00",15.911505,15.795,15.6919523131853,16.92,16.69,19.17413186,127.3,0,0,17.6222222222222,0.4462166,0,2.50939196489796e-05,-1.125,-1.2280476868147,-0.895000000000001,-0.998047686814701,2022,8,34,234,"NULL",2022-08-22,0.46076455955774,0.202613883901577,FALSE,FALSE
"2022-08-23 07:00:00",14.99135,14.7415,15.1557544250589,14.85,13.5,16.79487775,200.7,0,0,17.4111111111111,0.4533175,0.6218248108,7.55269384489796e-05,-0.108499999999999,0.3057544250589,1.2415,1.6557544250589,2022,8,34,235,"NULL",2022-08-23,0.46076455955774,0.202613883901577,FALSE,FALSE
"2022-08-23 08:00:00",18.146696,18.1346,18.2912623331898,17.72,15.02,20.16827724,648.7,0,0,17.4111111111111,0.5353065,8.700456562,4.62653965306122e-05,0.4146,0.5712623331898,3.1146,3.2712623331898,2022,8,34,235,"NULL",2022-08-23,0.46076455955774,0.202613883901577,FALSE,FALSE
"2022-08-23 09:00:00",19.041578,19.0573,19.037785229546,17.39,16.54,19.75866239,978,0,0,17.3555555555556,0.6504712,7.382783553,9.41183690612245e-05,1.6673,1.647785229546,2.5173,2.497785229546,2022,8,34,235,"NULL",2022-08-23,0.46076455955774,0.202613883901577,FALSE,FALSE
"2022-08-23 10:00:00",18.54657,18.2848,17.997968332025,17.19,16.95,19.50805983,1383,0,0,17.3222222222222,0.5864906,7.761048463,8.53177064489796e-05,1.0948,0.807968332024998,1.3348,1.047968332025,2022,8,34,235,"NULL",2022-08-23,0.46076455955774,0.202613883901577,FALSE,FALSE
"2022-08-23 11:00:00",20.002497,19.5719,19.2411959205895,18.11,17.94,20.67415487,1585,0,0,17.2666666666667,0.5692635,10.15666227,0.000139020149959184,1.4619,1.1311959205895,1.6319,1.3011959205895,2022,8,34,235,"NULL",2022-08-23,0.46076455955774,0.202613883901577,FALSE,FALSE
"2022-08-23 12:00:00",20.317543,19.7279,19.4218277531589,18.95,19.26,21.79132322,1725,0,0,17.2222222222222,0.5566918,4.338696456,0.00018653185555102,0.777900000000002,0.471827753158902,0.4679,0.161827753158899,2022,8,34,235,"NULL",2022-08-23,0.46076455955774,0.202613883901577,FALSE,FALSE
"2022-08-23 13:00:00",19.121187,18.7771,18.4695113367603,19.76,19.86,22.91841881,1765,0,0,17.2,0.5708434,7.558531993,0.000127467117265306,-0.982900000000001,-1.2904886632397,-1.0829,-1.3904886632397,2022,8,34,235,"NULL",2022-08-23,0.46076455955774,0.202613883901577,FALSE,FALSE
"2022-08-23 15:00:00",20.757746,20.4011,20.2338793623864,17.68,17.6,20.11700576,472,0,0,17.1222222222222,0.2467451,5.356394433,2.67065100285714e-05,2.7211,2.5538793623864,2.8011,2.6338793623864,2022,8,34,235,"NULL",2022-08-23,0.46076455955774,0.202613883901577,FALSE,FALSE
"2022-08-23 16:00:00",17.709307,17.5528,17.4770368564989,19.55,18.16,22.6187793,516.9,0,0,17.0888888888889,0.3587976,4.346313248,9.01477634693878e-05,-1.9972,-2.0729631435011,-0.607199999999999,-0.682963143501102,2022,8,34,235,"NULL",2022-08-23,0.46076455955774,0.202613883901577,FALSE,FALSE
"2022-08-23 17:00:00",16.924809,16.7941,16.6442340989086,18.66,17.9,21.39629435,286.7,0,0,17.0555555555556,0.3657611,3.251188153,5.67928364897959e-05,-1.8659,-2.0157659010914,-1.1059,-1.2557659010914,2022,8,34,235,"NULL",2022-08-23,0.46076455955774,0.202613883901577,FALSE,FALSE
"2022-08-24 06:00:00",8.699981,8.72219,8.6377902139728,13.03,12.96,14.92550088,2.018,0,0,16.9222222222222,0.1973833,0,1.55192410816327e-05,-4.30781,-4.3922097860272,-4.23781,-4.3222097860272,2022,8,34,236,"NULL",2022-08-24,0.46076455955774,0.202613883901577,FALSE,FALSE
"2022-08-24 07:00:00",14.0832,14.0536,14.1350310855638,13.06,12.93,14.95507637,152.8,0,0,16.8888888888889,0.4065178,0.4460554482,5.63304956326531e-06,0.993599999999999,1.0750310855638,1.1236,1.2050310855638,2022,8,34,236,"NULL",2022-08-24,0.46076455955774,0.202613883901577,FALSE,FALSE
"2022-08-24 08:00:00",15.049257,15.0149,15.0572205641792,13.98,13.72,15.87721804,295.5,0,0,16.8888888888889,0.4853173,0.9495294824,3.09327142979592e-05,1.0349,1.0772205641792,1.2949,1.3372205641792,2022,8,34,236,"NULL",2022-08-24,0.46076455955774,0.202613883901577,FALSE,FALSE
"2022-08-24 09:00:00",15.600258,15.5475,15.6011378440657,13.59,13.68,15.47606636,354,0,0,16.8555555555556,0.350419,6.481483749,2.85617818163265e-05,1.9575,2.0111378440657,1.8675,1.9211378440657,2022,8,34,236,"NULL",2022-08-24,0.46076455955774,0.202613883901577,FALSE,FALSE
"2022-08-24 10:00:00",18.494392,18.4004,18.4036050036717,15.02,15.14,16.98155518,853,0,0,16.8111111111111,0.4686635,9.090947023,3.34094959265306e-05,3.3804,3.3836050036717,3.2604,3.2636050036717,2022,8,34,236,"NULL",2022-08-24,0.46076455955774,0.202613883901577,FALSE,FALSE
"2022-08-24 11:00:00",17.971474,17.7735,17.762176285736,16,16.12,18.08332083,1119,0,0,16.8111111111111,0.4885338,13.90266541,1.47445120612245e-05,1.7735,1.762176285736,1.6535,1.642176285736,2022,8,34,236,"NULL",2022-08-24,0.46076455955774,0.202613883901577,FALSE,FALSE
"2022-08-24 12:00:00",19.244026,18.881,18.5776451875111,16.68,16.39,18.88148999,1099,0,0,16.7888888888889,0.5439821,23.36242147,0.000130293783428571,2.201,1.8976451875111,2.491,2.1876451875111,2022,8,34,236,"NULL",2022-08-24,0.46076455955774,0.202613883901577,FALSE,FALSE
"2022-08-24 13:00:00",17.809658,17.4906,17.0988124560026,17.2,17.16,19.52052401,1215,0,0,16.7555555555556,0.4848866,20.83323028,8.82130914693877e-05,0.290600000000001,-0.101187543997398,0.3306,-0.0611875439973986,2022,8,34,236,"NULL",2022-08-24,0.46076455955774,0.202613883901577,FALSE,FALSE
"2022-08-24 14:00:00",16.876251,16.6402,16.4800226481983,16.67,16.73,18.86938132,485.5,0,0,16.7333333333333,0.4626769,2.500518551,0.000103040761918367,-0.0298000000000016,-0.189977351801701,-0.0898000000000003,-0.2499773518017,2022,8,34,236,"NULL",2022-08-24,0.46076455955774,0.202613883901577,FALSE,FALSE
"2022-08-24 15:00:00",15.289019,15.1806,15.076220766757,16.17,15.89,18.28248952,143,0,0,16.7111111111111,0.2759568,0,1.94922917265306e-05,-0.989400000000002,-1.093779233243,-0.7094,-0.813779233243,2022,8,34,236,"NULL",2022-08-24,0.46076455955774,0.202613883901577,FALSE,FALSE
"2022-08-24 16:00:00",14.7721,14.6818,14.6064446886632,15.45,15.39,17.461823,116.8,0,0,16.7,0.4177011,0,7.21623286530612e-06,-0.768199999999998,-0.8435553113368,-0.7082,-0.783555311336801,2022,8,34,236,"NULL",2022-08-24,0.46076455955774,0.202613883901577,FALSE,FALSE
"2022-08-24 17:00:00",14.14368,14.0748,13.9800896406776,15.1,15.06,17.07002651,140,0,0,16.6888888888889,0.2863363,0,1.85595146816327e-05,-1.0252,-1.1199103593224,-0.985200000000001,-1.0799103593224,2022,8,34,236,"NULL",2022-08-24,0.46076455955774,0.202613883901577,FALSE,FALSE
"2022-08-24 18:00:00",14.446405,14.3868,14.4264438023854,14.98,14.85,16.93746937,155.7,0,0,16.6888888888889,0.345093,0,6.80436864489796e-08,-0.593200000000001,-0.553556197614601,-0.463200000000001,-0.4235561976146,2022,8,34,236,"NULL",2022-08-24,0.46076455955774,0.202613883901577,FALSE,FALSE
"2022-08-25 06:00:00",9.847904,9.87059,9.82125318705528,13.96,13.79,15.85642803,2.912,0,0,16.6,0.2321872,0,2.60280680857143e-07,-4.08941,-4.13874681294472,-3.91941,-3.96874681294472,2022,8,34,237,"NULL",2022-08-25,0.46076455955774,0.202613883901577,FALSE,FALSE
"2022-08-25 07:00:00",14.3991165,14.3088,14.5200969309463,13.92,13.61,15.81491913,205.9,0,0,16.5777777777778,0.4299921,0.4014777278,3.73649926040816e-06,0.3888,0.6000969309463,0.6988,0.910096930946301,2022,8,34,237,"NULL",2022-08-25,0.46076455955774,0.202613883901577,FALSE,FALSE
"2022-08-25 08:00:00",17.129328,17.0053,17.2229143779595,15.66,14.92,17.69063837,639.2,0,0,16.5666666666667,0.4564424,5.270219961,2.34505131755102e-05,1.3453,1.5629143779595,2.0853,2.3029143779595,2022,8,34,237,"NULL",2022-08-25,0.46076455955774,0.202613883901577,FALSE,FALSE
"2022-08-25 09:00:00",18.68926,18.5891,18.6684034767415,15.75,15.61,17.79385485,892,0,0,16.5555555555556,0.4793834,8.380718145,3.45866582e-05,2.8391,2.9184034767415,2.9791,3.0584034767415,2022,8,34,237,"NULL",2022-08-25,0.46076455955774,0.202613883901577,FALSE,FALSE
"2022-08-25 10:00:00",19.906412,19.7929,19.6681157884075,17,16.73,19.27255141,828,0,0,16.5444444444444,0.4518502,9.230235975,7.82424954693878e-06,2.7929,2.6681157884075,3.0629,2.9381157884075,2022,8,34,237,"NULL",2022-08-25,0.46076455955774,0.202613883901577,FALSE,FALSE
"2022-08-25 12:00:00",17.747839,17.3882,17.3707347193031,17.14,17.78,19.44584267,1430,0,0,16.4666666666667,0.5960087,13.96674991,5.75591224897959e-05,0.248200000000001,0.230734719303101,-0.3918,-0.4092652806969,2022,8,34,237,"NULL",2022-08-25,0.46076455955774,0.202613883901577,FALSE,FALSE
"2022-08-25 13:00:00",17.692562,17.4582,17.3762609936441,16.79,17.02,19.01513189,1077,0,0,16.4555555555556,0.520456,12.67799214,5.85121873061225e-05,0.668200000000002,0.5862609936441,0.438200000000002,0.356260993644099,2022,8,34,237,"NULL",2022-08-25,0.46076455955774,0.202613883901577,FALSE,FALSE
"2022-08-25 14:00:00",19.35913,18.8893,18.6850746752425,17.69,17.58,20.129813,966,0,0,16.4222222222222,0.488564,18.78269042,0.000169868583387755,1.1993,0.995074675242499,1.3093,1.1050746752425,2022,8,34,237,"NULL",2022-08-25,0.46076455955774,0.202613883901577,FALSE,FALSE
"2022-08-25 15:00:00",16.476704,16.3152,16.148204540275,17.83,17.45,20.30985966,469.2,0,0,16.4111111111111,0.3744104,6.275281636,6.42652989387755e-05,-1.5148,-1.681795459725,-1.1348,-1.301795459725,2022,8,34,237,"NULL",2022-08-25,0.46076455955774,0.202613883901577,FALSE,FALSE
"2022-08-25 17:00:00",15.929361,15.8326,15.6773470765491,17.02,16.78,19.2972248,238.4,0,0,16.3888888888889,0.3997373,2.536613656,6.80203412653061e-05,-1.1874,-1.3426529234509,-0.947400000000002,-1.1026529234509,2022,8,34,237,"NULL",2022-08-25,0.46076455955774,0.202613883901577,FALSE,FALSE
"2022-08-28 06:00:00",10.131508,10.1472,10.113178736421,14.17,14,16.07591032,2.188,0,0,15.9555555555556,0.5091484,0,8.84176148979592e-06,-4.0228,-4.056821263579,-3.8528,-3.886821263579,2022,8,35,240,"NULL",2022-08-28,0.46076455955774,0.202613883901577,FALSE,FALSE
"2022-08-28 07:00:00",15.222361,15.0724,15.33636349548,15.45,14.23,17.461823,188.7,0,0,15.9444444444444,0.3382435,0,8.50998107755102e-06,-0.377599999999999,-0.113636504519999,0.8424,1.10636349548,2022,8,35,240,"NULL",2022-08-28,0.46076455955774,0.202613883901577,FALSE,FALSE
"2022-08-28 08:00:00",17.463444,17.4016,17.5817677268238,17.25,15.05,19.5829488,632.7,0,0,15.9333333333333,0.3333634,3.361813194,2.36424712367347e-05,0.151599999999998,0.331767726823799,2.3516,2.5317677268238,2022,8,35,240,"NULL",2022-08-28,0.46076455955774,0.202613883901577,FALSE,FALSE
"2022-08-28 09:00:00",19.20583,19.0948,19.2099470892102,17.26,16.14,19.59545456,946,0,0,15.9222222222222,0.3698874,7.888722994,6.07798838367347e-05,1.8348,1.9499470892102,2.9548,3.0699470892102,2022,8,35,240,"NULL",2022-08-28,0.46076455955774,0.202613883901577,FALSE,FALSE
"2022-08-28 10:00:00",17.966856,17.8229,17.7877594591173,17.91,17.14,20.41337036,1143,0,0,15.9111111111111,0.6006733,12.64834424,0.000179602860285714,-0.0870999999999995,-0.1222405408827,0.6829,0.647759459117299,2022,8,35,240,"NULL",2022-08-28,0.46076455955774,0.202613883901577,FALSE,FALSE
"2022-08-28 11:00:00",17.189007,17.0728,16.7689617963587,16.5,16.55,18.67456427,371.4,0,0,15.8777777777778,0.6301278,2.45468263,8.95075068979592e-05,0.572800000000001,0.268961796358699,0.5228,0.218961796358698,2022,8,35,240,"NULL",2022-08-28,0.46076455955774,0.202613883901577,FALSE,FALSE
"2022-08-28 12:00:00",16.72296,16.6058,16.4936556582512,18.31,17.93,20.93782916,955,0,0,15.8444444444444,0.5318353,0.9636594617,6.42607421632653e-05,-1.7042,-1.8163443417488,-1.3242,-1.4363443417488,2022,8,35,240,"NULL",2022-08-28,0.46076455955774,0.202613883901577,FALSE,FALSE
"2022-08-28 13:00:00",15.631796,15.5463,15.5356018409258,15.85,15.86,17.90915385,147.5,0,1,15.8444444444444,0.5928105,0,0.000123894229795918,-0.303699999999999,-0.3143981590742,-0.313699999999999,-0.3243981590742,2022,8,35,240,"NULL",2022-08-28,0.46076455955774,0.202613883901577,FALSE,FALSE
"2022-08-28 14:00:00",16.971241,16.8238,16.7269233572206,17.56,17.31,19.96387022,865,0,1.3,15.8111111111111,0.4918984,9.045185823,9.11909303265306e-05,-0.7362,-0.8330766427794,-0.4862,-0.5830766427794,2022,8,35,240,"NULL",2022-08-28,0.46076455955774,0.202613883901577,FALSE,FALSE
"2022-08-28 15:00:00",17.590012,17.4474,17.3399093514978,18.41,17.75,21.06075844,986,0,0,15.8,0.3065192,4.31400612,9.96791055102041e-05,-0.962600000000002,-1.0700906485022,-0.302600000000002,-0.410090648502202,2022,8,35,240,"NULL",2022-08-28,0.46076455955774,0.202613883901577,FALSE,FALSE
"2022-08-28 16:00:00",18.540308,18.3403,18.3410310146616,18.6,17.77,21.31534527,667.5,0,0,15.8,0.3983926,5.929080263,7.8160722244898e-05,-0.259700000000002,-0.258968985338402,0.5703,0.5710310146616,2022,8,35,240,"NULL",2022-08-28,0.46076455955774,0.202613883901577,FALSE,FALSE
"2022-08-28 17:00:00",17.934633,17.8197,17.7381892228609,20.87,18.34,24.54015819,842,0,0,15.7777777777778,0.5522155,2.534952354,0.000110882725265306,-3.0503,-3.1318107771391,-0.520299999999999,-0.6018107771391,2022,8,35,240,"NULL",2022-08-28,0.46076455955774,0.202613883901577,FALSE,FALSE
"2022-08-29 06:00:00",10.637577,10.6584,10.5942168324428,14.15,14.01,16.05489387,2.106,0,0,15.6111111111111,0.4967353,0,1.88423600122449e-05,-3.4916,-3.5557831675572,-3.3516,-3.4157831675572,2022,8,35,241,"NULL",2022-08-29,0.46076455955774,0.202613883901577,FALSE,FALSE
"2022-08-29 07:00:00",15.619527,15.4935,15.6924169608265,15.94,14.69,18.01347805,190.2,0,0,15.6333333333333,0.4621738,0.848508489,2.37092666857143e-06,-0.4465,-0.247583039173499,0.8035,1.0024169608265,2022,8,35,241,"NULL",2022-08-29,0.46076455955774,0.202613883901577,FALSE,FALSE
"2022-08-29 08:00:00",17.346508,17.2704,17.4597665847915,16.98,15.24,19.24790544,639,0,0,15.6222222222222,0.4413443,3.026512694,2.79850835959184e-05,0.290399999999998,0.479766584791498,2.0304,2.2197665847915,2022,8,35,241,"NULL",2022-08-29,0.46076455955774,0.202613883901577,FALSE,FALSE
"2022-08-29 09:00:00",19.112614,19.1262,19.1482117925603,17.51,16.35,19.90036331,966,0,0,15.5777777777778,0.5054504,5.395579632,4.45603182857143e-05,1.6162,1.6382117925603,2.7762,2.7982117925603,2022,8,35,241,"NULL",2022-08-29,0.46076455955774,0.202613883901577,FALSE,FALSE
"2022-08-29 10:00:00",20.234997,20.0399,19.904686698235,18.21,17.73,20.8056291,1387,0,0,15.5555555555556,0.540213,7.637239845,6.32385042040816e-05,1.8299,1.694686698235,2.3099,2.174686698235,2022,8,35,241,"NULL",2022-08-29,0.46076455955774,0.202613883901577,FALSE,FALSE
"2022-08-29 11:00:00",20.238077,19.7813,19.5404342837609,18.81,18.63,21.59983605,1556,0,0,15.5222222222222,0.6125208,10.6905214,0.000130378097673469,0.971300000000003,0.7304342837609,1.1513,0.9104342837609,2022,8,35,241,"NULL",2022-08-29,0.46076455955774,0.202613883901577,FALSE,FALSE
"2022-08-29 12:00:00",21.252514,20.6846,20.2746581550227,19.3,20,22.26650402,1686,0,0,15.5,0.6047316,11.81053965,0.000178295450938775,1.3846,0.974658155022698,0.6846,0.274658155022699,2022,8,35,241,"NULL",2022-08-29,0.46076455955774,0.202613883901577,FALSE,FALSE
"2022-08-29 13:00:00",22.980907,22.4839,22.3601081714821,20.94,21.22,24.6470271,1726,0,0,15.4555555555556,0.6396457,0.3217600662,0.000238286870979592,1.5439,1.4201081714821,1.2639,1.1401081714821,2022,8,35,241,"NULL",2022-08-29,0.46076455955774,0.202613883901577,FALSE,FALSE
"2022-08-29 14:00:00",22.422007,21.8947,21.3106831505913,20.65,21.05,24.20689599,1269,0,0,15.4111111111111,0.5380243,2.624820973,0.000175941465061224,1.2447,0.6606831505913,0.8447,0.260683150591298,2022,8,35,241,"NULL",2022-08-29,0.46076455955774,0.202613883901577,FALSE,FALSE
"2022-08-29 15:00:00",18.317831,18.1399,17.9646892329898,21.07,20.25,24.84656899,650.3,0,0,15.3777777777778,0.3831125,1.681968553,0.000187199366122449,-2.9301,-3.1053107670102,-2.1101,-2.2853107670102,2022,8,35,241,"NULL",2022-08-29,0.46076455955774,0.202613883901577,FALSE,FALSE
"2022-08-29 16:00:00",21.980476,21.74,21.7102190701679,21.72,20.6,25.85543529,977,0,0,15.3666666666667,0.4252438,0.7391624183,0.000144308442530612,0.0199999999999996,-0.00978092983210033,1.14,1.1102190701679,2022,8,35,241,"NULL",2022-08-29,0.46076455955774,0.202613883901577,FALSE,FALSE
"2022-08-29 17:00:00",20.804733,20.6217,20.6383221594794,23.16,20.66,28.21249682,869,0,0,15.3333333333333,0.5654151,0,0.000115607074897959,-2.5383,-2.5216778405206,-0.0382999999999996,-0.0216778405205993,2022,8,35,241,"NULL",2022-08-29,0.46076455955774,0.202613883901577,FALSE,FALSE
"2022-08-29 18:00:00",19.266191,19.2136,19.3484581575549,20.85,19.29,24.50969812,413.5,0,0,15.3,0.4370253,3.363371609,8.53524989795918e-05,-1.6364,-1.5015418424451,-0.0763999999999996,0.0584581575549024,2022,8,35,241,"NULL",2022-08-29,0.46076455955774,0.202613883901577,FALSE,FALSE
"2022-08-30 06:00:00",14.156326,14.2429,14.3042772049328,17.68,17.27,20.11700576,1.759,0,0,15.1555555555556,0.2223311,0,1.15308668571429e-05,-3.4371,-3.3757227950672,-3.0271,-2.9657227950672,2022,8,35,242,"NULL",2022-08-30,0.46076455955774,0.202613883901577,FALSE,FALSE
"2022-08-30 07:00:00",16.132038,16.0678,16.2903357575144,18.73,17.48,21.49107223,178.2,0,0,15.1555555555556,0.3775425,2.530790501,1.66659248897959e-05,-2.6622,-2.4396642424856,-1.4122,-1.1896642424856,2022,8,35,242,"NULL",2022-08-30,0.46076455955774,0.202613883901577,FALSE,FALSE
"2022-08-30 08:00:00",19.29117,19.2676,19.3002749841736,20.33,18.03,23.73915894,622.4,0,0,15.1444444444444,0.3121126,5.087150999,6.9579419755102e-05,-1.0624,-1.0297250158264,1.2376,1.2702749841736,2022,8,35,242,"NULL",2022-08-30,0.46076455955774,0.202613883901577,FALSE,FALSE
"2022-09-08 10:00:00",18.18836,17.9674,17.7070938239092,16.65,16.58,10.58518423,901,0,0,11.2333333333333,0.8855616,13.74145406,5.36316725714286e-05,1.3174,1.0570938239092,1.3874,1.1270938239092,2022,9,36,251,"NULL",2022-09-08,0.62423504059501,0.282550292124494,FALSE,FALSE
"2022-09-08 12:00:00",19.81778,19.2427,19.0027226254083,18.45,18.88,12.28413509,1777,0,0,11.1777777777778,0.6644891,15.36212106,7.6421233877551e-05,0.7927,0.5527226254083,0.3627,0.122722625408301,2022,9,36,251,"NULL",2022-09-08,0.62423504059501,0.282550292124494,FALSE,FALSE
"2022-09-08 14:00:00",20.188156,19.745,19.4242949861994,19.13,19.28,12.93968593,1321,0,0,11.1111111111111,0.6386882,24.37047007,0.000120681946653061,0.615000000000002,0.2942949861994,0.465,0.144294986199398,2022,9,36,251,"NULL",2022-09-08,0.62423504059501,0.282550292124494,FALSE,FALSE
"2022-09-08 15:00:00",20.285427,19.8574,19.7379876858018,18.73,18.87,12.79107223,1071,0,0,11.0888888888889,0.3802356,15.05245032,4.24157822040816e-05,1.1274,1.0079876858018,0.987399999999997,0.867987685801801,2022,9,36,251,"NULL",2022-09-08,0.62423504059501,0.282550292124494,FALSE,FALSE
"2022-09-08 16:00:00",18.1662,17.8936,17.7511745486313,18.17,18.06,12.1929525,511.9,0,0,11.0444444444444,0.3114516,9.817963852,3.35250649959184e-05,-0.276400000000002,-0.418825451368701,-0.166399999999999,-0.308825451368698,2022,9,36,251,"NULL",2022-09-08,0.62423504059501,0.282550292124494,FALSE,FALSE
"2022-09-08 17:00:00",18.060917,17.9103,17.8522258337343,19.27,18.32,13.39455275,620.1,0,0,11.0444444444444,0.3190076,6.697933345,0.000121126955346939,-1.3597,-1.4177741662657,-0.409700000000001,-0.467774166265702,2022,9,36,251,"NULL",2022-09-08,0.62423504059501,0.282550292124494,FALSE,FALSE
"2022-09-08 18:00:00",15.469629,15.3978,15.3220429920741,17.19,16.83,11.26805983,186.6,0,0,10.9888888888889,0.336384,2.677121012,1.54180054816327e-05,-1.7922,-1.8679570079259,-1.4322,-1.5079570079259,2022,9,36,251,"NULL",2022-09-08,0.62423504059501,0.282550292124494,FALSE,FALSE
"2022-09-09 06:00:00",10.329466,10.3447,10.3073531592008,14.3,14.15,9.26310229,0.558,0,0,10.8666666666667,0.1996996,0,-7.43157841632653e-06,-3.9553,-3.9926468407992,-3.8053,-3.8426468407992,2022,9,36,252,"NULL",2022-09-09,0.62423504059501,0.282550292124494,FALSE,FALSE
"2022-09-09 07:00:00",14.745703,14.7149,14.653896404244,14.06,13.95,8.230615682,79.3,0,0,10.8777777777778,0.16528,1.879547754,-8.31406104489796e-07,0.6549,0.593896404243999,0.764900000000001,0.703896404244,2022,9,36,252,"NULL",2022-09-09,0.62423504059501,0.282550292124494,FALSE,FALSE
"2022-09-09 08:00:00",14.837463,14.8044,14.7870656934491,14.01,13.82,7.908447564,288.7,0,0,10.8444444444444,0.1425093,5.627065296,6.10965948979592e-06,0.7944,0.777065693449099,0.984399999999999,0.967065693449099,2022,9,36,252,"NULL",2022-09-09,0.62423504059501,0.282550292124494,FALSE,FALSE
"2022-09-09 09:00:00",15.776949,15.6758,15.6174284166013,14.9,14.73,9.109596536,528.4,0,0,10.8333333333333,0.229163,9.43599101,1.30577823836735e-05,0.7758,0.717428416601299,0.9458,0.887428416601299,2022,9,36,252,"NULL",2022-09-09,0.62423504059501,0.282550292124494,FALSE,FALSE
"2022-09-09 10:00:00",17.299557,17.1495,16.8696249069408,14.58,14.67,7.00206077,589.1,0,0,10.8111111111111,0.3756617,13.1718437,5.21645138367347e-05,2.5695,2.2896249069408,2.4795,2.1996249069408,2022,9,36,252,"NULL",2022-09-09,0.62423504059501,0.282550292124494,FALSE,FALSE
"2022-09-09 11:00:00",16.860176,16.5563,16.4118779595351,16.65,17.01,7.735184231,1440,0,0,10.8111111111111,0.3951952,15.53456156,0.000101700478204082,-0.0936999999999983,-0.238122040464898,-0.453700000000001,-0.598122040464901,2022,9,36,252,"NULL",2022-09-09,0.62423504059501,0.282550292124494,FALSE,FALSE
"2022-09-09 12:00:00",18.890858,18.3539,18.5431275733711,15.48,15.67,5.415766817,1140,0,0,10.7888888888889,0.1831751,16.27360839,0.000115319274122449,2.8739,3.0631275733711,2.6839,2.8731275733711,2022,9,36,252,"NULL",2022-09-09,0.62423504059501,0.282550292124494,FALSE,FALSE
"2022-09-09 13:00:00",18.897423,18.477,17.7261236307007,16.53,17.21,6.870567365,1358,0,0,10.7666666666667,0.5015449,17.11934527,0.000133807322979592,1.947,1.1961236307007,1.267,0.516123630700701,2022,9,36,252,"NULL",2022-09-09,0.62423504059501,0.282550292124494,FALSE,FALSE
"2022-09-09 15:00:00",16.078579,15.8579,15.4933982274442,15.81,16.03,4.332956501,366.3,0,0,10.7222222222222,0.4597318,16.22768974,-1.44278603714286e-05,0.0479000000000003,-0.316601772555801,-0.1721,-0.536601772555802,2022,9,36,252,"NULL",2022-09-09,0.62423504059501,0.282550292124494,FALSE,FALSE
"2022-09-09 17:00:00",14.624756,14.5061,14.437016874731,15.6,15.4,3.982117085,554.8,0,0,10.7111111111111,0.1712244,0.9686018883,6.07801580408163e-05,-1.0939,-1.162983125269,-0.8939,-0.962983125269,2022,9,36,252,"NULL",2022-09-09,0.62423504059501,0.282550292124494,FALSE,FALSE
"2022-09-09 18:00:00",13.243321,13.1725,13.0833052771518,14.08,14.04,3.281524612,99.3,0,0,10.7,0.2487076,0,-9.08892398367347e-06,-0.907500000000001,-0.996694722848201,-0.8675,-0.9566947228482,2022,9,36,252,"NULL",2022-09-09,0.62423504059501,0.282550292124494,FALSE,FALSE
"2022-09-10 06:00:00",6.6434507,6.61153,6.61449820414778,11.57,11.26,0.03637049668,2.474,0,0,10.6666666666667,0.2524395,0,-1.96509768040816e-06,-4.95847,-4.95550179585222,-4.64847,-4.64550179585222,2022,9,37,253,"NULL",2022-09-10,0.62423504059501,0.282550292124494,FALSE,FALSE
"2022-09-10 07:00:00",11.99224,11.868,12.0953805905143,11.68,11.37,0.06625964373,218.9,0,0,10.6555555555556,0.2146068,4.583752089,8.63572564489796e-06,0.188000000000001,0.4153805905143,0.498000000000001,0.7253805905143,2022,9,37,253,"NULL",2022-09-10,0.62423504059501,0.282550292124494,FALSE,FALSE
"2022-09-10 08:00:00",14.209343,13.9932,14.2999859436327,13.52,12.89,1.785007178,646.1,0,0,10.6555555555556,0.3389219,9.250603696,3.06004188571429e-05,0.4732,0.779985943632701,1.1032,1.4099859436327,2022,9,37,253,"NULL",2022-09-10,0.62423504059501,0.282550292124494,FALSE,FALSE
"2022-09-10 09:00:00",15.877772,15.8085,15.8483377149224,14.86,14.11,2.855809119,848,0,0,10.6555555555556,0.3698234,11.08677626,5.19500284489796e-05,0.948500000000001,0.9883377149224,1.6985,1.7383377149224,2022,9,37,253,"NULL",2022-09-10,0.62423504059501,0.282550292124494,FALSE,FALSE
"2022-09-10 10:00:00",16.515043,16.4157,16.3059401610494,14.62,14.84,2.305158623,807,0,0,10.6555555555556,0.4746453,14.15968947,2.90151458653061e-05,1.7957,1.6859401610494,1.5757,1.4659401610494,2022,9,37,253,"NULL",2022-09-10,0.62423504059501,0.282550292124494,FALSE,FALSE
"2022-09-10 11:00:00",19.524792,19.3113,19.486665475678,14.85,15.27,2.674877753,1234,0,0,10.6333333333333,0.4198057,15.58127678,8.32866522857143e-05,4.4613,4.636665475678,4.0413,4.216665475678,2022,9,37,253,"NULL",2022-09-10,0.62423504059501,0.282550292124494,FALSE,FALSE
"2022-09-10 12:00:00",18.528358,18.3354,18.3025486921071,15.62,16.21,3.264931815,1284,0,0,10.6222222222222,0.5599635,19.81864214,4.11136871428571e-05,2.7154,2.6825486921071,2.1254,2.0925486921071,2022,9,37,253,"NULL",2022-09-10,0.62423504059501,0.282550292124494,FALSE,FALSE
"2022-09-10 13:00:00",17.590502,17.1569,16.8423406852194,16.7,16.98,4.745727605,1384,0,0,10.6111111111111,0.5984928,19.78806812,0.000174488323877551,0.456900000000001,0.142340685219402,0.1769,-0.137659314780599,2022,9,37,253,"NULL",2022-09-10,0.62423504059501,0.282550292124494,FALSE,FALSE
"2022-09-10 14:00:00",18.157734,17.8763,17.7536154237674,16.8,17.49,6.027321827,1595,0,0,10.6111111111111,0.4038038,14.22461557,7.81377344081633e-05,1.0763,0.953615423767399,0.386300000000002,0.263615423767401,2022,9,37,253,"NULL",2022-09-10,0.62423504059501,0.282550292124494,FALSE,FALSE
"2022-09-10 15:00:00",16.78798,16.5377,16.3444069889342,16.14,16.2,5.047204091,577.2,0,0,10.6,0.5812454,15.51797935,0.000127267183142857,0.3977,0.204406988934199,0.337700000000002,0.1444069889342,2022,9,37,253,"NULL",2022-09-10,0.62423504059501,0.282550292124494,FALSE,FALSE
"2022-09-10 16:00:00",18.030834,17.7933,17.5193653794535,17.61,17.57,7.417553158,1268,0,0,10.5666666666667,0.633611,15.25313715,6.82453163673469e-05,0.183299999999999,-0.0906346205464992,0.223299999999998,-0.0506346205465,2022,9,37,253,"NULL",2022-09-10,0.62423504059501,0.282550292124494,FALSE,FALSE
"2022-09-10 17:00:00",17.241177,17.0813,17.0176918816946,17.33,16.92,7.393189458,755.2,0,0,10.5444444444444,0.4757763,8.554235787,3.5863387555102e-05,-0.248699999999999,-0.312308118305399,0.161299999999997,0.0976918816945975,2022,9,37,253,"NULL",2022-09-10,0.62423504059501,0.282550292124494,FALSE,FALSE
"2022-09-10 18:00:00",14.400797,14.337,14.3157593451673,15.6,15.56,5.542117085,110.6,0,0,10.5222222222222,0.2430339,1.546586723,5.29492339183674e-06,-1.263,-1.2842406548327,-1.223,-1.2442406548327,2022,9,37,253,"NULL",2022-09-10,0.62423504059501,0.282550292124494,FALSE,FALSE
"2022-09-12 06:00:00",9.479467,9.52758,9.55919929654858,13.68,13.58,2.117847555,0.745,0,0,10.2222222222222,0.4044499,0,-1.12439038081633e-05,-4.15242,-4.12080070345142,-4.05242,-4.02080070345142,2022,9,37,255,"NULL",2022-09-12,0.62423504059501,0.282550292124494,FALSE,FALSE
"2022-09-12 07:00:00",14.393969,14.3624,14.4782965890962,13.67,13.66,0.4076262876,108.4,0,0,10.2111111111111,0.4477914,0,-1.24056732122449e-05,0.692399999999999,0.8082965890962,0.702399999999999,0.8182965890962,2022,9,37,255,"NULL",2022-09-12,0.62423504059501,0.282550292124494,FALSE,FALSE
"2022-09-12 08:00:00",15.692927,15.6706,15.6835348383176,14.62,14.44,0.5451586233,316.1,0,0,10.2111111111111,0.3782562,5.14515049,9.50713717959184e-06,1.0506,1.0635348383176,1.2306,1.2435348383176,2022,9,37,255,"NULL",2022-09-12,0.62423504059501,0.282550292124494,FALSE,FALSE
"2022-09-12 09:00:00",18.85699,18.8161,18.8833386442481,16.83,16.41,4.473932412,919,0,0,10.2111111111111,0.6930227,16.00100637,0.000116099084081633,1.9861,2.0533386442481,2.4061,2.4733386442481,2022,9,37,255,"NULL",2022-09-12,0.62423504059501,0.282550292124494,FALSE,FALSE
"2022-09-12 10:00:00",20.492435,20.4066,20.3741100959712,16.4,16.75,4.064988773,1162,0,0,10.2111111111111,0.3770022,16.02530608,5.98436671428571e-05,4.0066,3.9741100959712,3.6566,3.6241100959712,2022,9,37,255,"NULL",2022-09-12,0.62423504059501,0.282550292124494,FALSE,FALSE
"2022-09-12 11:00:00",17.648294,17.438,17.1387617634398,16.95,17.78,4.940987863,1468,0,0,10.1777777777778,0.6354624,14.02073887,6.04184313877551e-05,0.488,0.1887617634398,-0.342000000000002,-0.641238236560202,2022,9,37,255,"NULL",2022-09-12,0.62423504059501,0.282550292124494,FALSE,FALSE
"2022-09-12 12:00:00",17.200735,17.0433,16.9478954014839,16.78,17.26,4.932948741,1231,0,0,10.1555555555556,0.5979468,12.37825371,5.7296527877551e-05,0.263299999999997,0.1678954014839,-0.216700000000003,-0.3121045985161,2022,9,37,255,"NULL",2022-09-12,0.62423504059501,0.282550292124494,FALSE,FALSE
"2022-09-12 13:00:00",17.57344,17.3411,17.0162967942063,16.71,17.26,5.99785655,1091,0,0,10.1555555555556,0.4425533,16.15258402,3.36920473346939e-05,0.6311,0.3062967942063,0.0810999999999993,-0.2437032057937,2022,9,37,255,"NULL",2022-09-12,0.62423504059501,0.282550292124494,FALSE,FALSE
"2022-09-12 14:00:00",15.89477,15.7738,15.6675784001418,16.87,17.11,6.992841778,455.4,0,0,10.1333333333333,0.330594,11.838513,5.20457599591837e-05,-1.0962,-1.2024215998582,-1.3362,-1.4424215998582,2022,9,37,255,"NULL",2022-09-12,0.62423504059501,0.282550292124494,FALSE,FALSE
"2022-09-12 16:00:00",12.201188,12.1809,12.1414822592489,14.37,13.4,7.927396393,83.3,0.1,0.3,10.1111111111111,0.243292,0.9447664146,2.78711250693878e-05,-2.1891,-2.2285177407511,-1.2191,-1.2585177407511,2022,9,37,255,"NULL",2022-09-12,0.62423504059501,0.282550292124494,FALSE,FALSE
"2022-09-12 17:00:00",11.682192,11.6881,11.6940155731686,13.49,13.05,6.054640349,67.08,0.2,0.2,10.1,0.1280068,0.3219511657,2.96395352040816e-06,-1.8019,-1.7959844268314,-1.3619,-1.3559844268314,2022,9,37,255,"NULL",2022-09-12,0.62423504059501,0.282550292124494,FALSE,FALSE
"2022-09-12 18:00:00",12.120681,12.0826,12.1266779671318,12.09,12.12,2.02425295,20.92,0,0.3,10.1,0.495495,0,-1.95094041061224e-05,-0.00740000000000052,0.0366779671317996,-0.0373999999999999,0.00667796713180024,2022,9,37,255,"NULL",2022-09-12,0.62423504059501,0.282550292124494,FALSE,FALSE
"2022-09-13 10:00:00",15.742895,15.625,15.5853544630422,12.59,13.2,0.02754655127,692.4,0,0,10.0333333333333,0.5220777,10.18399195,7.49780331836735e-05,3.035,2.9953544630422,2.425,2.3853544630422,2022,9,37,256,"NULL",2022-09-13,0.62423504059501,0.282550292124494,FALSE,FALSE
"2022-09-13 11:00:00",16.082508,15.867,15.7225139652073,13.42,13.92,1.573987099,810,0,0,10.0333333333333,0.5134262,10.53889318,6.0508466122449e-05,2.447,2.3025139652073,1.947,1.8025139652073,2022,9,37,256,"NULL",2022-09-13,0.62423504059501,0.282550292124494,FALSE,FALSE
"2022-09-13 12:00:00",17.234133,16.9104,16.7722170443899,14.11,14.89,3.87293274,1514,0,0,10.0222222222222,0.5975975,12.46385576,0.000111026259755102,2.8004,2.6622170443899,2.0204,1.8822170443899,2022,9,37,256,"NULL",2022-09-13,0.62423504059501,0.282550292124494,FALSE,FALSE
"2022-09-13 13:00:00",17.597338,17.2588,17.061803846446,14.71,15.48,5.912487175,1707,0,0,10.0111111111111,0.6547191,14.47650374,1.23242673510204e-05,2.5488,2.351803846446,1.7788,1.581803846446,2022,9,37,256,"NULL",2022-09-13,0.62423504059501,0.282550292124494,FALSE,FALSE
"2022-09-13 14:00:00",18.75281,18.3159,18.0847586741283,15.74,16.54,7.392360539,1697,0,0,10,0.7191897,17.27390753,0.000127146644897959,2.5759,2.3447586741283,1.7759,1.5447586741283,2022,9,37,256,"NULL",2022-09-13,0.62423504059501,0.282550292124494,FALSE,FALSE
"2022-09-13 15:00:00",18.066998,17.8209,17.651852753792,15.85,16.26,7.26915385,1347,0,0,9.95555555555556,0.8068451,13.43963915,5.15515175510204e-06,1.9709,1.801852753792,1.5609,1.391852753792,2022,9,37,256,"NULL",2022-09-13,0.62423504059501,0.282550292124494,FALSE,FALSE
"2022-09-13 16:00:00",16.892038,16.7686,16.6606377326479,15.52,15.7,6.311114572,921,0,0,9.95555555555556,0.7425432,9.420091264,7.14694408571429e-05,1.2486,1.1406377326479,1.0686,0.9606377326479,2022,9,37,256,"NULL",2022-09-13,0.62423504059501,0.282550292124494,FALSE,FALSE
"2022-09-13 17:00:00",14.771162,14.6958,14.6561040540883,14.27,14.37,3.791352428,152.9,0,0,9.94444444444444,0.8613883,1.280172988,-2.83290536122449e-06,0.425800000000001,0.3861040540883,0.325800000000001,0.2861040540883,2022,9,37,256,"NULL",2022-09-13,0.62423504059501,0.282550292124494,FALSE,FALSE
"2022-09-14 06:00:00",5.897976,5.90669,5.89032889797675,11.02,10.9,0.3764247246,0.791,0,0,9.94444444444444,0.04210024,0,1.00106749020408e-06,-5.11331,-5.12967110202325,-4.99331,-5.00967110202325,2022,9,37,257,"NULL",2022-09-14,0.62423504059501,0.282550292124494,FALSE,FALSE
"2022-09-14 08:00:00",12.368629,12.2948,12.3642023828214,12.06,11.89,0.3762887651,412.9,0,0,9.94444444444444,0.350092,4.628757474,2.88218006571429e-05,0.2348,0.3042023828214,0.4048,0.474202382821399,2022,9,37,257,"NULL",2022-09-14,0.62423504059501,0.282550292124494,FALSE,FALSE
"2022-09-14 09:00:00",14.761889,14.8229,14.6328409840217,12.09,12.21,1.57425295,607.6,0,0,9.94444444444444,0.5295089,7.641465091,3.32995603469388e-05,2.7329,2.5428409840217,2.6129,2.4228409840217,2022,9,37,257,"NULL",2022-09-14,0.62423504059501,0.282550292124494,FALSE,FALSE
"2022-09-14 10:00:00",15.224406,15.157,15.0027447418399,12.42,12.56,2.605088379,857,0,0,9.94444444444444,0.55382,14.56796674,5.7061978122449e-05,2.737,2.5827447418399,2.597,2.4427447418399,2022,9,37,257,"NULL",2022-09-14,0.62423504059501,0.282550292124494,FALSE,FALSE
"2022-09-14 11:00:00",15.960976,15.7829,15.5038702944975,12.95,13.55,4.316882001,1197,0,0,9.92222222222222,0.2658722,19.63195826,6.83349287755102e-05,2.8329,2.5538702944975,2.2329,1.9538702944975,2022,9,37,257,"NULL",2022-09-14,0.62423504059501,0.282550292124494,FALSE,FALSE
"2022-09-14 12:00:00",17.87453,17.4579,17.1387232559317,14.06,14.74,6.450615682,1828,0,0,9.92222222222222,0.4682104,18.40519702,0.000162812718,3.3979,3.0787232559317,2.7179,2.3987232559317,2022,9,37,257,"NULL",2022-09-14,0.62423504059501,0.282550292124494,FALSE,FALSE
"2022-09-14 13:00:00",18.68015,18.2715,18.0878590539617,14.88,15.69,8.567690431,1670,0,0,9.88888888888889,0.6280628,13.8537184,0.000140205540163265,3.3915,3.2078590539617,2.5815,2.3978590539617,2022,9,37,257,"NULL",2022-09-14,0.62423504059501,0.282550292124494,FALSE,FALSE
"2022-09-14 14:00:00",18.176922,17.6922,17.4552357828366,16.28,16.9,10.59237776,1731,0,0,9.87777777777778,0.429606,16.21088716,7.76466348163265e-05,1.4122,1.1752357828366,0.792200000000001,0.555235782836601,2022,9,37,257,"NULL",2022-09-14,0.62423504059501,0.282550292124494,FALSE,FALSE
"2022-09-14 15:00:00",18.024036,17.5351,17.5404881694563,16.69,16.71,10.53360542,1546,0,0,9.85555555555556,0.4192558,16.31762404,7.69643374285714e-06,0.845099999999999,0.850488169456298,0.825099999999999,0.830488169456299,2022,9,37,257,"NULL",2022-09-14,0.62423504059501,0.282550292124494,FALSE,FALSE
"2022-09-14 16:00:00",17.026451,16.8424,16.7692379048391,16.71,16.55,9.67785655,1116,0,0,9.83333333333333,0.7341231,15.7671048,8.67444846530612e-05,0.132400000000001,0.0592379048390974,0.292400000000001,0.219237904839098,2022,9,37,257,"NULL",2022-09-14,0.62423504059501,0.282550292124494,FALSE,FALSE
"2022-09-14 17:00:00",16.484251,16.4274,16.6011556253324,16.05,15.49,8.971702975,443.5,0,0,9.82222222222222,0.5223888,11.48696276,5.27979805306122e-05,0.377399999999998,0.551155625332399,0.937399999999998,1.1111556253324,2022,9,37,257,"NULL",2022-09-14,0.62423504059501,0.282550292124494,FALSE,FALSE
"2022-09-14 18:00:00",14.062567,14.0269,14.1583307285204,14.93,14.65,7.682502236,181.8,0,0,9.82222222222222,0.4109313,2.005133788,1.50570846979592e-05,-0.9031,-0.771669271479599,-0.623100000000001,-0.4916692714796,2022,9,37,257,"NULL",2022-09-14,0.62423504059501,0.282550292124494,FALSE,FALSE
"2022-09-15 06:00:00",6.678376,6.69951,6.67182386189258,11.95,11.72,3.914168818,0.733,0,0,9.73333333333333,0.186466,0,-4.15049034693878e-07,-5.25049,-5.27817613810742,-5.02049,-5.04817613810742,2022,9,37,258,"NULL",2022-09-15,0.62423504059501,0.282550292124494,FALSE,FALSE
"2022-09-15 07:00:00",12.710226,12.6329,12.8987308019549,12.22,12.1,4.425994637,160.2,0,0,9.73333333333333,0.3608398,3.069717958,1.1409950522449e-05,0.412899999999999,0.678730801954899,0.5329,0.7987308019549,2022,9,37,258,"NULL",2022-09-15,0.62423504059501,0.282550292124494,FALSE,FALSE
"2022-09-15 08:00:00",14.471926,14.3488,14.4752905472133,13.63,13.23,5.656799647,580.7,0,0,9.71111111111111,0.5247315,4.983449677,2.39527033510204e-05,0.7188,0.845290547213299,1.1188,1.2452905472133,2022,9,37,258,"NULL",2022-09-15,0.62423504059501,0.282550292124494,FALSE,FALSE
"2022-09-15 09:00:00",16.582779,16.5581,16.6376467321668,14.33,14.27,6.274906397,889,0,0,9.71111111111111,0.5906562,8.194538238,3.77025011591837e-05,2.2281,2.3076467321668,2.2881,2.3676467321668,2022,9,37,258,"NULL",2022-09-15,0.62423504059501,0.282550292124494,FALSE,FALSE
"2022-09-15 10:00:00",17.643038,17.4343,17.2253444025221,14.51,14.95,6.746874627,1308,0,0,9.71111111111111,0.5317314,11.17174711,7.07397768571429e-05,2.9243,2.7153444025221,2.4843,2.2753444025221,2022,9,37,258,"NULL",2022-09-15,0.62423504059501,0.282550292124494,FALSE,FALSE
"2022-09-15 11:00:00",17.782658,17.3873,17.0584447013244,15.01,15.98,8.190524375,1568,0,0,9.66666666666667,0.7152237,13.6797951,0.000167104114489796,2.3773,2.0484447013244,1.4073,1.0784447013244,2022,9,37,258,"NULL",2022-09-15,0.62423504059501,0.282550292124494,FALSE,FALSE
"2022-09-15 12:00:00",18.732868,18.1793,17.9624751791547,14.99,15.97,8.088481476,1722,0,0,9.65555555555556,0.6168485,14.29940022,5.74784445714286e-06,3.1893,2.9724751791547,2.2093,1.9924751791547,2022,9,37,258,"NULL",2022-09-15,0.62423504059501,0.282550292124494,FALSE,FALSE
"2022-09-15 13:00:00",19.105032,18.5958,18.2244542832544,16.39,17.14,12.48306794,1737,0,0,9.66666666666667,0.5738755,15.1906332,0.000149344493061224,2.2058,1.8344542832544,1.4558,1.0844542832544,2022,9,37,258,"NULL",2022-09-15,0.62423504059501,0.282550292124494,FALSE,FALSE
"2022-09-15 14:00:00",18.125988,17.6126,17.2147221594794,16.83,17.53,12.56393241,1629,0,0,9.63333333333333,0.9008669,12.77178557,7.25145838367347e-05,0.782600000000002,0.384722159479402,0.0825999999999993,-0.315277840520601,2022,9,37,258,"NULL",2022-09-15,0.62423504059501,0.282550292124494,FALSE,FALSE
"2022-09-15 15:00:00",17.84204,17.3514,17.1526503127295,17.15,17.53,11.78827228,1393,0,0,9.61111111111111,0.9001291,12.06833439,5.03069728979592e-05,0.201400000000003,0.00265031272950011,-0.178599999999999,-0.377349687270502,2022,9,37,258,"NULL",2022-09-15,0.62423504059501,0.282550292124494,FALSE,FALSE
"2022-09-15 16:00:00",17.18298,16.9495,16.8290819655111,17.09,16.99,11.35379808,1062,0,0,9.57777777777778,0.8540258,11.06084456,4.63024106938776e-05,-0.140499999999999,-0.260918034488899,-0.040499999999998,-0.160918034488898,2022,9,37,258,"NULL",2022-09-15,0.62423504059501,0.282550292124494,FALSE,FALSE
"2022-09-15 17:00:00",16.594204,16.4698,16.4459493834038,16.72,16.42,10.56999226,657.3,0,0,9.56666666666667,0.8081744,6.521572916,2.58475639142857e-05,-0.2502,-0.274050616596199,0.0497999999999976,0.0259493834037983,2022,9,37,258,"NULL",2022-09-15,0.62423504059501,0.282550292124494,FALSE,FALSE
"2022-09-15 18:00:00",15.428723,15.4087,15.4777193411157,16.17,15.67,9.612489524,227,0,0,9.55555555555556,0.7672286,3.971962729,2.40879802816327e-05,-0.761300000000002,-0.692280658884302,-0.2613,-0.1922806588843,2022,9,37,258,"NULL",2022-09-15,0.62423504059501,0.282550292124494,FALSE,FALSE
"2022-09-16 06:00:00",8.341235,8.41173,8.47446859790838,12.82,12.7,6.999896075,0.666,0,0,9.48888888888889,0.6124864,0,3.90092652081633e-05,-4.40827,-4.34553140209162,-4.28827,-4.22553140209162,2022,9,37,259,"NULL",2022-09-16,0.62423504059501,0.282550292124494,FALSE,FALSE
"2022-09-16 07:00:00",13.519597,13.5312,13.6921502950039,12.97,12.88,7.236502802,160.2,0,0,9.47777777777778,0.486905,0.6048762638,4.00633171428571e-05,0.561199999999999,0.7221502950039,0.651199999999999,0.812150295003899,2022,9,37,259,"NULL",2022-09-16,0.62423504059501,0.282550292124494,FALSE,FALSE
"2022-09-16 08:00:00",15.270251,15.1926,15.2513919348712,14.01,13.84,9.308447564,579.6,0,0,9.46666666666667,0.6091214,3.713490102,7.86285108979592e-05,1.1826,1.2413919348712,1.3526,1.4113919348712,2022,9,37,259,"NULL",2022-09-16,0.62423504059501,0.282550292124494,FALSE,FALSE
"2022-09-16 09:00:00",16.165966,16.0419,15.9840234990251,14.68,14.79,10.3999891,900,0,0,9.43333333333333,0.6672454,5.053307346,7.09905264081633e-05,1.3619,1.3040234990251,1.2519,1.1940234990251,2022,9,37,259,"NULL",2022-09-16,0.62423504059501,0.282550292124494,FALSE,FALSE
"2022-09-16 10:00:00",17.240189,17.0034,16.843812562356,15.23,15.51,11.11464821,1316,0,0,9.41111111111111,0.8594859,7.266262007,9.88268819591837e-05,1.7734,1.613812562356,1.4934,1.333812562356,2022,9,37,259,"NULL",2022-09-16,0.62423504059501,0.282550292124494,FALSE,FALSE
"2022-09-16 17:00:00",17.736816,17.6357,17.653294003697,17.91,17.52,14.15337036,652.2,0,0,9.2,0.8934516,6.487454338,3.46249505020408e-05,-0.2743,-0.256705996303001,0.1157,0.133294003696999,2022,9,37,259,"NULL",2022-09-16,0.62423504059501,0.282550292124494,FALSE,FALSE
"2022-09-16 18:00:00",15.794081,15.7793,15.8538056063407,16.9,16.61,14.30959535,220,0,0,9.16666666666667,0.8560804,1.121930083,3.54445655673469e-05,-1.1207,-1.0461943936593,-0.8307,-0.7561943936593,2022,9,37,259,"NULL",2022-09-16,0.62423504059501,0.282550292124494,FALSE,FALSE
"2022-09-17 07:00:00",14.509053,14.5041,14.6278452229622,13.88,13.8,11.77350491,158.7,0,0,9.11111111111111,0.7804144,0.2946199195,3.06245516040816e-05,0.624099999999999,0.7478452229622,0.704099999999999,0.8278452229622,2022,9,38,260,"NULL",2022-09-17,0.62423504059501,0.282550292124494,FALSE,FALSE
"2022-09-17 08:00:00",15.807344,15.706,15.7639195234357,14.43,14.29,12.15131288,571.3,0,0,9.07777777777778,0.5949069,2.900511603,3.64298008163265e-05,1.276,1.3339195234357,1.416,1.4739195234357,2022,9,38,260,"NULL",2022-09-17,0.62423504059501,0.282550292124494,FALSE,FALSE
"2022-09-17 09:00:00",16.746777,16.6158,16.5504083056899,15.07,15.15,12.87680286,898,0,0,9.05555555555556,0.7262184,5.017361937,4.58128133061224e-05,1.5458,1.4804083056899,1.4658,1.4004083056899,2022,9,38,260,"NULL",2022-09-17,0.62423504059501,0.282550292124494,FALSE,FALSE
"2022-09-17 11:00:00",18.986223,18.6315,18.4933348003343,16.47,17,15.02862144,1586,0,0,9.02222222222222,0.8545189,6.688147618,5.16065782857143e-05,2.1615,2.0233348003343,1.6315,1.4933348003343,2022,9,38,260,"NULL",2022-09-17,0.62423504059501,0.282550292124494,FALSE,FALSE
"2022-09-17 18:00:00",17.059702,17.0322,17.0974040946038,17.92,17.53,13.91634137,205.5,0,0,8.91111111111111,0.8848748,1.279306271,1.62306113183673e-05,-0.887800000000002,-0.822595905396202,-0.497800000000002,-0.432595905396202,2022,9,38,260,"NULL",2022-09-17,0.62423504059501,0.282550292124494,FALSE,FALSE
"2022-09-18 06:00:00",10.081796,10.1346,10.2041161619103,14.03,13.93,9.379296961,0.5,0,0,8.84444444444444,0.5030661,0,4.54142616326531e-06,-3.8954,-3.8258838380897,-3.7954,-3.7258838380897,2022,9,38,261,"NULL",2022-09-18,0.62423504059501,0.282550292124494,FALSE,FALSE
"2022-09-18 07:00:00",15.13237,15.1284,15.2825572839381,14.26,14.15,9.460781182,136.3,0,0,8.84444444444444,0.4753218,0.1503983362,9.21361534285714e-06,0.868399999999999,1.0225572839381,0.978399999999999,1.1325572839381,2022,9,38,261,"NULL",2022-09-18,0.62423504059501,0.282550292124494,FALSE,FALSE
"2022-09-18 08:00:00",16.156351,16.0335,16.0629319389228,15.21,14.99,10.19232954,574.9,0,0,8.81111111111111,0.6858892,4.746986002,3.33730564489796e-05,0.823499999999999,0.852931938922801,1.0435,1.0729319389228,2022,9,38,261,"NULL",2022-09-18,0.62423504059501,0.282550292124494,FALSE,FALSE
"2022-09-18 09:00:00",17.609165,17.4901,17.3539996758755,15.47,15.59,10.00444583,909,0,0,8.81111111111111,0.7618268,7.177095611,9.48779327755102e-06,2.0201,1.8839996758755,1.9001,1.7639996758755,2022,9,38,261,"NULL",2022-09-18,0.62423504059501,0.282550292124494,FALSE,FALSE
"2022-09-18 10:00:00",19.227846,18.9412,18.7602146033273,16.26,16.61,10.19870219,1347,0,0,8.8,0.7115915,10.91046148,5.41096908571429e-05,2.6812,2.5002146033273,2.3312,2.1502146033273,2022,9,38,261,"NULL",2022-09-18,0.62423504059501,0.282550292124494,FALSE,FALSE
"2022-09-18 11:00:00",20.246714,19.815,19.5623828492568,16.74,17.57,10.56428398,1601,0,0,8.78888888888889,0.6613441,14.02297553,6.98741663673469e-05,3.075,2.8223828492568,2.245,1.9923828492568,2022,9,38,261,"NULL",2022-09-18,0.62423504059501,0.282550292124494,FALSE,FALSE
"2022-09-18 12:00:00",19.513166,18.8058,18.4018016889924,18.14,18.99,12.91352113,1739,0,0,8.77777777777778,0.6756318,14.67895183,8.57918659183673e-05,0.665800000000001,0.261801688992399,-0.184199999999997,-0.588198311007599,2022,9,38,261,"NULL",2022-09-18,0.62423504059501,0.282550292124494,FALSE,FALSE
"2022-09-18 13:00:00",20.87394,20.247,20.0946251095186,18.74,19.68,14.03464164,1746,0,0,8.77777777777778,0.6881021,11.48171921,6.85863367755102e-05,1.507,1.3546251095186,0.567,0.4146251095186,2022,9,38,261,"NULL",2022-09-18,0.62423504059501,0.282550292124494,FALSE,FALSE
"2022-09-18 14:00:00",19.995047,19.4238,19.007594355676,18.87,19.82,14.21172229,1651,0,0,8.76666666666667,0.8548052,12.59293473,6.11717553877551e-05,0.553799999999999,0.137594355676001,-0.3962,-0.812405644323999,2022,9,38,261,"NULL",2022-09-18,0.62423504059501,0.282550292124494,FALSE,FALSE
"2022-09-18 15:00:00",20.298136,19.8391,19.6198123775037,19.27,19.63,14.72455275,1422,0,0,8.73333333333333,0.7795764,13.82432074,8.81379571836735e-05,0.569099999999999,0.349812377503699,0.209099999999999,-0.0101876224963,2022,9,38,261,"NULL",2022-09-18,0.62423504059501,0.282550292124494,FALSE,FALSE
"2022-09-18 16:00:00",20.589254,20.3447,20.0935402344838,19.65,19.63,15.05103795,1059,0,0,8.72222222222222,0.6906847,12.67773687,7.54043529387755e-05,0.694700000000001,0.443540234483802,0.714700000000001,0.463540234483801,2022,9,38,261,"NULL",2022-09-18,0.62423504059501,0.282550292124494,FALSE,FALSE
"2022-09-18 17:00:00",20.476122,20.2854,20.1783836621002,18.94,18.56,13.73759685,523.3,0,0,8.68888888888889,0.5551756,5.710989542,6.93424380408163e-05,1.3454,1.2383836621002,1.7254,1.6183836621002,2022,9,38,261,"NULL",2022-09-18,0.62423504059501,0.282550292124494,FALSE,FALSE
"2022-09-18 18:00:00",17.612202,17.5658,17.4922222202527,18.32,17.99,12.85108922,147.9,0,0,8.67777777777778,0.3368044,1.945799027,1.79386412693878e-05,-0.754200000000001,-0.827777779747301,-0.424199999999999,-0.497777779747299,2022,9,38,261,"NULL",2022-09-18,0.62423504059501,0.282550292124494,FALSE,FALSE
"2022-09-19 06:00:00",10.3785715,10.4284,10.3596619536097,14.83,14.54,8.013033587,0.415,0,0,8.62222222222222,0.3255881,0,-4.52947133877551e-06,-4.4016,-4.4703380463903,-4.1116,-4.1803380463903,2022,9,38,262,"NULL",2022-09-19,0.62423504059501,0.282550292124494,FALSE,FALSE
"2022-09-19 08:00:00",18.5712,18.4494,18.5903988250487,17.73,16.71,10.23111283,584.4,0,0,8.61111111111111,0.270401,4.586999808,2.21196020040816e-05,0.7194,0.860398825048698,1.7394,1.8803988250487,2022,9,38,262,"NULL",2022-09-19,0.62423504059501,0.282550292124494,FALSE,FALSE
"2022-09-19 09:00:00",19.6982,19.5256,19.4134995644577,17.55,17.46,9.691154771,927,0,0,8.61111111111111,0.4237543,6.563843304,3.58985955306122e-05,1.9756,1.8634995644577,2.0656,1.9534995644577,2022,9,38,262,"NULL",2022-09-19,0.62423504059501,0.282550292124494,FALSE,FALSE
"2022-09-19 10:00:00",19.197533,18.9479,19.0703841280292,18.26,18.48,10.49163819,1371,0,0,8.58888888888889,0.6712309,10.00890314,5.55519999591837e-05,0.687899999999999,0.810384128029199,0.4679,0.5903841280292,2022,9,38,262,"NULL",2022-09-19,0.62423504059501,0.282550292124494,FALSE,FALSE
"2022-09-19 11:00:00",20.287037,19.8273,19.5740160644197,18.61,19.51,10.40881828,1600,0,0,8.56666666666667,0.5401099,10.06475612,5.26099795510204e-05,1.2173,0.964016064419699,0.317299999999999,0.0640160644196968,2022,9,38,262,"NULL",2022-09-19,0.62423504059501,0.282550292124494,FALSE,FALSE
"2022-09-19 12:00:00",20.99596,20.4809,20.3026557570079,18.35,18.95,10.01091317,1066,0,0,8.55555555555556,0.5373503,8.291167948,3.80761228897959e-05,2.1309,1.9526557570079,1.5309,1.3526557570079,2022,9,38,262,"NULL",2022-09-19,0.62423504059501,0.282550292124494,FALSE,FALSE
"2022-09-19 13:00:00",18.694756,18.3965,18.322711914107,18.83,19.36,10.16710157,1038,0,0,8.55555555555556,0.4620771,6.819190628,4.08449429795918e-05,-0.433499999999999,-0.507288085892998,-0.9635,-1.037288085893,2022,9,38,262,"NULL",2022-09-19,0.62423504059501,0.282550292124494,FALSE,FALSE
"2022-09-19 14:00:00",18.598034,18.3389,18.215058238586,18.21,18.47,8.905629101,587.6,0,0,8.53333333333333,0.3499931,6.88140661,3.65552818979592e-05,0.128899999999998,0.00505823858599896,-0.1311,-0.254941761413999,2022,9,38,262,"NULL",2022-09-19,0.62423504059501,0.282550292124494,FALSE,FALSE
"2022-09-19 15:00:00",19.392097,19.1335,19.025825557722,18.57,18.51,9.144970561,597,0,0,8.52222222222222,0.4421601,6.982006563,4.86838555918367e-05,0.563500000000001,0.455825557722001,0.6235,0.515825557722,2022,9,38,262,"NULL",2022-09-19,0.62423504059501,0.282550292124494,FALSE,FALSE
"2022-09-19 16:00:00",20.195538,19.9638,19.8687084120433,20.59,19.58,11.54669032,742.9,0,0,8.53333333333333,0.5038412,0.1589553747,0.000112256137673469,-0.626200000000001,-0.721291587956699,0.383800000000001,0.288708412043302,2022,9,38,262,"NULL",2022-09-19,0.62423504059501,0.282550292124494,FALSE,FALSE
"2022-09-19 17:00:00",15.07078,14.9509,14.8999586969183,16.88,16.69,8.13508615,183.6,0,0,8.5,0.7523206,3.190801217,0.000117046443102041,-1.9291,-1.9800413030817,-1.7391,-1.7900413030817,2022,9,38,262,"NULL",2022-09-19,0.62423504059501,0.282550292124494,FALSE,FALSE
"2022-09-19 18:00:00",16.658972,16.6523,16.6484873439518,16.65,16.35,8.945184231,90.4,0,0,8.5,0.2374799,1.391765949,1.43155533877551e-05,0.00230000000000175,-0.00151265604819883,0.302299999999999,0.298487343951798,2022,9,38,262,"NULL",2022-09-19,0.62423504059501,0.282550292124494,FALSE,FALSE
"2022-09-20 06:00:00",8.787915,8.79923,8.85637733281001,13.5,13.17,1.224756827,0.254,0,0,8.45555555555556,0.3377894,0,-1.1032675555102e-06,-4.70077,-4.64362266718999,-4.37077,-4.31362266718999,2022,9,38,263,"NULL",2022-09-20,0.62423504059501,0.282550292124494,FALSE,FALSE
"2022-09-20 07:00:00",14.046168,14.0114,14.0226433820364,13.1,13.06,0.6245898041,91.3,0,0,8.44444444444444,0.1247189,2.321306442,2.82371612244898e-06,0.9114,0.9226433820364,0.9514,0.962643382036399,2022,9,38,263,"NULL",2022-09-20,0.62423504059501,0.282550292124494,FALSE,FALSE
"2022-09-20 08:00:00",15.496655,15.4342,15.4528818996733,14.56,13.86,2.260548512,382.3,0,0,8.44444444444444,0.3691341,7.020967898,1.47808079959184e-05,0.8742,0.8928818996733,1.5742,1.5928818996733,2022,9,38,263,"NULL",2022-09-20,0.62423504059501,0.282550292124494,FALSE,FALSE
"2022-09-20 09:00:00",18.213737,18.1384,17.9612027246714,15.96,15.26,3.76673286,920,0,0,8.41111111111111,0.5133231,12.57055094,4.69768435510204e-05,2.1784,2.0012027246714,2.8784,2.7012027246714,2022,9,38,263,"NULL",2022-09-20,0.62423504059501,0.282550292124494,FALSE,FALSE
"2022-09-20 10:00:00",18.132046,17.8107,17.3525082221266,17,16.55,6.242551405,1124,0,0,8.4,0.5586318,6.462185941,0.000247607534285714,0.810700000000001,0.352508222126598,1.2607,0.802508222126598,2022,9,38,263,"NULL",2022-09-20,0.62423504059501,0.282550292124494,FALSE,FALSE
"2022-09-20 11:00:00",18.460636,18.2026,18.040285229546,17.85,18.48,7.715694486,1660,0,0,8.38888888888889,0.6595724,18.55984062,0.000116088913061224,0.352599999999999,0.190285229545999,-0.2774,-0.439714770454,2022,9,38,263,"NULL",2022-09-20,0.62423504059501,0.282550292124494,FALSE,FALSE
"2022-09-20 12:00:00",17.252493,16.9747,16.8000217087438,16.76,17.06,6.208602801,679.3,0,0,8.38888888888889,0.5204945,17.51428473,0.000125831948653061,0.214699999999997,0.0400217087437973,-0.0853000000000002,-0.2599782912562,2022,9,38,263,"NULL",2022-09-20,0.62423504059501,0.282550292124494,FALSE,FALSE
"2022-09-20 13:00:00",17.229729,16.9249,16.8163752804436,16.92,17.5,6.544131859,1120,0,0,8.38888888888889,0.4060314,12.18767397,5.15813794285714e-05,0.00489999999999924,-0.1036247195564,-0.575099999999999,-0.683624719556398,2022,9,38,263,"NULL",2022-09-20,0.62423504059501,0.282550292124494,FALSE,FALSE
"2022-09-20 14:00:00",19.73506,19.1468,18.7909202527158,17.88,18.33,7.19450026,1187,0,0,8.36666666666667,0.3967045,16.08896941,6.52139839591837e-05,1.2668,0.910920252715801,0.816800000000001,0.460920252715802,2022,9,38,263,"NULL",2022-09-20,0.62423504059501,0.282550292124494,FALSE,FALSE
"2022-09-20 15:00:00",20.750309,20.3237,20.126683819098,17.89,17.88,6.957449807,901,0,0,8.36666666666667,0.7688918,18.42854468,9.02216386530612e-05,2.4337,2.236683819098,2.4437,2.246683819098,2022,9,38,263,"NULL",2022-09-20,0.62423504059501,0.282550292124494,FALSE,FALSE
"2022-09-20 16:00:00",17.99413,17.7718,17.5782097389279,18.98,18.72,8.812547426,988,0,0,8.35555555555556,0.6030074,10.33627133,0.000106296053877551,-1.2082,-1.4017902610721,-0.9482,-1.1417902610721,2022,9,38,263,"NULL",2022-09-20,0.62423504059501,0.282550292124494,FALSE,FALSE
"2022-09-20 17:00:00",17.650122,17.4406,17.3674135220683,19.61,18.26,9.064041578,461.3,0,0,8.35555555555556,0.2906212,8.435017029,0.000100427174612245,-2.1694,-2.2425864779317,-0.819400000000002,-0.892586477931701,2022,9,38,263,"NULL",2022-09-20,0.62423504059501,0.282550292124494,FALSE,FALSE
"2022-09-20 18:00:00",15.213223,15.1058,14.9686473297713,17.37,17.15,5.323476841,76.12,0,0,8.34444444444444,0.1720286,1.698533849,2.05615422653061e-05,-2.2642,-2.4013526702287,-2.0442,-2.1813526702287,2022,9,38,263,"NULL",2022-09-20,0.62423504059501,0.282550292124494,FALSE,FALSE
"2022-09-22 06:00:00",9.633982,9.72719,9.75765538882277,13.89,13.71,3.833849603,0.278,0,0,14.6444444444444,0.262607,0,1.5181963644898e-05,-4.16281,-4.13234461117723,-3.98281,-3.95234461117723,2022,9,38,265,"NULL",2022-09-22,0.62423504059501,0.282550292124494,FALSE,FALSE
"2022-09-22 07:00:00",14.645929,14.6269,14.8381873996607,13.82,13.62,3.601560706,137.6,0,0,14.6111111111111,0.2432657,1.110042228,2.87080424857143e-05,0.806899999999999,1.0181873996607,1.0069,1.2181873996607,2022,9,38,265,"NULL",2022-09-22,0.62423504059501,0.282550292124494,FALSE,FALSE
"2022-09-22 08:00:00",16.250893,16.1871,16.2998098300879,14.68,14.27,5.7999891,545.9,0,0,14.5555555555556,0.4913078,3.369378435,3.32683365428571e-05,1.5071,1.6198098300879,1.9171,2.0298098300879,2022,9,38,265,"NULL",2022-09-22,0.62423504059501,0.282550292124494,FALSE,FALSE
"2022-09-22 09:00:00",18.157259,18.1806,18.0562167481198,15.61,15.66,6.74352124,876,0,0,14.5,0.505282,7.126417165,3.88089716816326e-05,2.5706,2.4462167481198,2.5206,2.3962167481198,2022,9,38,265,"NULL",2022-09-22,0.62423504059501,0.282550292124494,FALSE,FALSE
"2022-09-22 10:00:00",19.634424,19.6121,19.4187492694538,16.8,16.74,7.847321827,1296,0,0,14.4333333333333,0.659692,13.16266328,9.43096060408163e-05,2.8121,2.6187492694538,2.8721,2.6787492694538,2022,9,38,265,"NULL",2022-09-22,0.62423504059501,0.282550292124494,FALSE,FALSE
"2022-09-22 11:00:00",17.844625,17.5391,17.3228767060849,16.36,17.24,7.367345389,1549,0,0,14.3555555555556,0.4323188,10.26309647,7.84413709387755e-05,1.1791,0.962876706084902,0.299100000000003,0.0828767060849032,2022,9,38,265,"NULL",2022-09-22,0.62423504059501,0.282550292124494,FALSE,FALSE
"2022-09-22 12:00:00",19.627712,19.2518,19.1611740244613,17.22,17.85,7.985473138,1719,0,0,14.3333333333333,0.2605087,15.05173531,0.000145162770979592,2.0318,1.9411740244613,1.4018,1.3111740244613,2022,9,38,265,"NULL",2022-09-22,0.62423504059501,0.282550292124494,FALSE,FALSE
"2022-09-22 13:00:00",19.62045,19.208,18.7984774860095,17.86,18.72,8.938622603,1734,0,0,14.2444444444444,0.4591999,13.29924408,3.48239083306122e-05,1.348,0.9384774860095,0.488,0.0784774860095006,2022,9,38,265,"NULL",2022-09-22,0.62423504059501,0.282550292124494,FALSE,FALSE
"2022-09-22 14:00:00",20.149048,19.7182,19.6137373198957,19.22,19.83,10.30478641,1634,0,0,14.1888888888889,0.3961562,14.05732288,0.00017315351044898,0.498200000000001,0.393737319895703,-0.111799999999999,-0.216262680104297,2022,9,38,265,"NULL",2022-09-22,0.62423504059501,0.282550292124494,FALSE,FALSE
"2022-09-22 15:00:00",19.818123,19.5151,19.4808996758755,20.21,19.13,7.212127454,1179,0,0,14.1444444444444,0.4581569,9.438073819,7.16297986122449e-05,-0.694900000000001,-0.729100324124502,0.385100000000001,0.3508996758755,2022,9,38,265,"NULL",2022-09-22,0.62423504059501,0.282550292124494,FALSE,FALSE
"2022-09-22 16:00:00",18.875538,18.672,18.6798238408751,20.69,18.59,8.497195516,794.4,0,0,14.0777777777778,0.1457582,0,0.000105725141061224,-2.018,-2.0101761591249,0.0820000000000007,0.0898238408750984,2022,9,38,265,"NULL",2022-09-22,0.62423504059501,0.282550292124494,FALSE,FALSE
"2022-09-22 17:00:00",18.66744,18.5721,18.7845928692613,18.8,17.48,6.356214484,489.1,0,0,14.0444444444444,0.1968983,0,4.54651950612245e-05,-0.227900000000002,-0.0154071307387014,1.0921,1.3045928692613,2022,9,38,265,"NULL",2022-09-22,0.62423504059501,0.282550292124494,FALSE,FALSE
"2022-09-22 18:00:00",14.937635,14.8958,14.8821055278418,16.92,16.62,5.414131859,75.52,0,0,13.9777777777778,0.4156423,0.8204166524,3.26215452040816e-05,-2.0242,-2.0378944721582,-1.7242,-1.7378944721582,2022,9,38,265,"NULL",2022-09-22,0.62423504059501,0.282550292124494,FALSE,FALSE
"2022-09-23 06:00:00",11.228665,11.2907,11.3647947147451,15.15,14.8,7.695524593,0.239,0,0,13.7555555555556,0.1160285,0,5.05301753061224e-07,-3.8593,-3.7852052852549,-3.5093,-3.4352052852549,2022,9,38,266,"NULL",2022-09-23,0.62423504059501,0.282550292124494,FALSE,FALSE
"2022-09-23 07:00:00",16.079784,16.0564,16.3016878883796,15.52,15.21,8.391114572,130.2,0,0,13.7333333333333,0.09160912,2.278786851,1.60418841714286e-05,0.5364,0.781687888379601,0.846399999999999,1.0916878883796,2022,9,38,266,"NULL",2022-09-23,0.62423504059501,0.282550292124494,FALSE,FALSE
"2022-09-23 08:00:00",18.310223,18.2077,18.2196444278443,17.44,16.13,9.771748546,567.6,0,0,13.7,0.2733938,6.803690331,5.62446131020408e-05,0.767699999999998,0.7796444278443,2.0777,2.0896444278443,2022,9,38,266,"NULL",2022-09-23,0.62423504059501,0.282550292124494,FALSE,FALSE
"2022-09-23 09:00:00",18.25632,18.2471,18.0923355169532,18,17.27,9.8703675,845,0,0,13.6555555555556,0.315688,11.28534788,3.56284434408163e-05,0.2471,0.0923355169531987,0.9771,0.822335516953199,2022,9,38,266,"NULL",2022-09-23,0.62423504059501,0.282550292124494,FALSE,FALSE
"2022-09-23 10:00:00",19.540037,19.39,19.1410752652503,18.16,18.03,9.199801467,1276,0,0,13.6,0.275352,15.79155312,4.59058132653061e-05,1.23,0.981075265250301,1.36,1.1110752652503,2022,9,38,266,"NULL",2022-09-23,0.62423504059501,0.282550292124494,FALSE,FALSE
"2022-09-23 11:00:00",19.647293,19.2771,18.9153667696437,17.23,18.03,6.947958093,1456,0,0,13.5555555555556,0.3514617,20.23051676,1.7906142122449e-05,2.0471,1.6853667696437,1.2471,0.885366769643699,2022,9,38,266,"NULL",2022-09-23,0.62423504059501,0.282550292124494,FALSE,FALSE
"2022-09-23 12:00:00",20.643301,20.2112,19.5110177837988,18.81,18.84,7.159836048,1637,0,0,13.5,0.5644053,14.32659921,0.000225650810693878,1.4012,0.7010177837988,1.3712,0.671017783798799,2022,9,38,266,"NULL",2022-09-23,0.62423504059501,0.282550292124494,FALSE,FALSE
"2022-09-23 13:00:00",20.904272,20.4222,20.0272769871616,17.63,18.45,6.733075709,1610,0,0,13.4888888888889,0.7163253,14.62392869,0.000107377393714286,2.7922,2.3972769871616,1.9722,1.5772769871616,2022,9,38,266,"NULL",2022-09-23,0.62423504059501,0.282550292124494,FALSE,FALSE
"2022-09-23 14:00:00",21.224953,20.7567,20.9211812336988,19.05,19.55,9.079000704,1329,0,0,13.4222222222222,0.2915554,17.16395336,0.000174877623061224,1.7067,1.8711812336988,1.2067,1.3711812336988,2022,9,38,266,"NULL",2022-09-23,0.62423504059501,0.282550292124494,FALSE,FALSE
"2022-09-23 15:00:00",17.689884,17.4787,17.4641370084323,18.84,18.17,7.310745537,574.5,0,0,13.3666666666667,0.4167765,8.646965113,8.52893195510204e-05,-1.3613,-1.3758629915677,-0.691300000000002,-0.705862991567702,2022,9,38,266,"NULL",2022-09-23,0.62423504059501,0.282550292124494,FALSE,FALSE
"2022-09-23 16:00:00",16.831444,16.6741,16.5682030133448,16.94,16.82,4.558695691,223.6,0,0,13.3444444444444,0.2412268,2.512189516,4.30604543673469e-05,-0.265900000000002,-0.371796986655202,-0.145900000000001,-0.251796986655201,2022,9,38,266,"NULL",2022-09-23,0.62423504059501,0.282550292124494,FALSE,FALSE
"2022-09-23 18:00:00",15.863332,15.8786,15.930831599605,16.72,16.18,6.059992259,105.1,0,0,13.2888888888889,0.2274132,1.561085392,2.15383913020408e-05,-0.841399999999998,-0.789168400394999,-0.301399999999999,-0.249168400395,2022,9,38,266,"NULL",2022-09-23,0.62423504059501,0.282550292124494,FALSE,FALSE
"2022-09-24 06:00:00",9.363792,9.39186,9.39629806284976,13.94,13.74,6.185661733,0.211,0,0,13.1444444444444,0.1611193,0,1.09610031061224e-06,-4.54814,-4.54370193715024,-4.34814,-4.34370193715024,2022,9,39,267,"NULL",2022-09-24,0.62423504059501,0.282550292124494,FALSE,FALSE
"2022-09-24 07:00:00",14.893133,14.8478,15.0416222506394,14.26,13.82,6.230781182,125.7,0,0,13.1333333333333,0.05008328,1.248710887,3.90431071510204e-07,0.5878,0.781622250639399,1.0278,1.2216222506394,2022,9,39,267,"NULL",2022-09-24,0.62423504059501,0.282550292124494,FALSE,FALSE
"2022-09-24 08:00:00",16.44392,16.2617,16.2587045731939,16.06,14.53,7.463399058,520.7,0,0,13.1,0.2391798,3.669116635,7.20794823265306e-06,0.201700000000002,0.198704573193901,1.7317,1.7287045731939,2022,9,39,267,"NULL",2022-09-24,0.62423504059501,0.282550292124494,FALSE,FALSE
"2022-09-24 09:00:00",18.24525,18.2097,18.1079395862348,17.02,15.78,8.417224802,845,0,0,13.0666666666667,0.3804332,6.111649925,2.62236765183674e-05,1.1897,1.0879395862348,2.4297,2.3279395862348,2022,9,39,267,"NULL",2022-09-24,0.62423504059501,0.282550292124494,FALSE,FALSE
"2022-09-24 10:00:00",19.539608,19.4199,19.3791938315059,17.82,16.8,9.716952947,1226,0,0,13.0333333333333,0.5121943,8.587622079,7.86112274285714e-05,1.5999,1.5591938315059,2.6199,2.5791938315059,2022,9,39,267,"NULL",2022-09-24,0.62423504059501,0.282550292124494,FALSE,FALSE
"2022-09-24 11:00:00",20.075619,19.7089,19.3764786153807,18.2,18.13,10.08244907,1500,0,0,12.9777777777778,0.4694159,9.479719833,7.82247199591837e-05,1.5089,1.1764786153807,1.5789,1.2464786153807,2022,9,39,267,"NULL",2022-09-24,0.62423504059501,0.282550292124494,FALSE,FALSE
"2022-09-24 12:00:00",15.780539,15.6108,15.4516140918184,16.93,16.84,7.386410358,423.4,0,0,12.9555555555556,0.286684,2.261757508,5.80639538367347e-05,-1.3192,-1.4783859081816,-1.2292,-1.3883859081816,2022,9,39,267,"NULL",2022-09-24,0.62423504059501,0.282550292124494,FALSE,FALSE
"2022-09-24 13:00:00",14.493869,14.3399,14.225758443696,16.3,16.12,5.756079835,264.2,0,0,12.9222222222222,0.1872797,5.736061528,1.65645482e-05,-1.9601,-2.074241556304,-1.7801,-1.894241556304,2022,9,39,267,"NULL",2022-09-24,0.62423504059501,0.282550292124494,FALSE,FALSE
"2022-09-24 14:00:00",15.034813,14.9352,14.8682333417741,15.57,15.12,5.227943105,194.1,0,0.3,12.8777777777778,0.06607231,9.248488111,-1.37077767183673e-06,-0.6348,-0.7017666582259,-0.184799999999999,-0.251766658225899,2022,9,39,267,"NULL",2022-09-24,0.62423504059501,0.282550292124494,FALSE,FALSE
"2022-09-24 15:00:00",18.566517,18.2506,18.1256489124104,19.29,18.32,10.28251263,1129,0,1,12.8555555555556,0.4791417,12.92660033,0.000107799874897959,-1.0394,-1.1643510875896,-0.0694000000000017,-0.194351087589599,2022,9,39,267,"NULL",2022-09-24,0.62423504059501,0.282550292124494,FALSE,FALSE
"2022-09-24 16:00:00",18.950209,18.7757,18.8332582233927,20.36,18.51,12.13359669,989,0,0,12.8333333333333,0.3605207,6.409316734,9.17470151020408e-05,-1.5843,-1.5267417766073,0.265699999999999,0.323258223392699,2022,9,39,267,"NULL",2022-09-24,0.62423504059501,0.282550292124494,FALSE,FALSE
"2022-09-24 17:00:00",18.017776,17.9372,18.2441393760604,19.78,17.6,11.48713475,573.3,0,0,12.8,0.4162397,8.122686153,5.82345316326531e-05,-1.8428,-1.5358606239396,0.337199999999999,0.644139376060398,2022,9,39,267,"NULL",2022-09-24,0.62423504059501,0.282550292124494,FALSE,FALSE
"2022-09-24 18:00:00",15.264506,15.2203,15.2652971487174,17.85,16.22,9.235694486,144,0,0,12.7444444444444,0.4668839,4.55769007,5.05019614693878e-05,-2.6297,-2.5847028512826,-0.999699999999999,-0.954702851282599,2022,9,39,267,"NULL",2022-09-24,0.62423504059501,0.282550292124494,FALSE,FALSE
"2022-09-25 06:00:00",9.672605,9.73484,9.68854943658049,14.47,13.9,11.42404514,0.172,0,0,12.5666666666667,0.1376756,0,2.20996075428571e-06,-4.73516,-4.78145056341951,-4.16516,-4.21145056341951,2022,9,39,268,"NULL",2022-09-25,0.62423504059501,0.282550292124494,FALSE,FALSE
"2022-09-25 07:00:00",15.023992,15.013,15.1220098148945,14.93,14.12,11.86250224,105.1,0,0,12.5666666666667,0.1594402,1.294090246,-2.36912709673469e-08,0.0830000000000002,0.192009814894501,0.893000000000001,1.0020098148945,2022,9,39,268,"NULL",2022-09-25,0.62423504059501,0.282550292124494,FALSE,FALSE
"2022-09-25 08:00:00",17.455643,17.3578,17.5370649894913,17.73,15.45,14.89111283,541.5,0,0,12.5333333333333,0.3941993,3.956278525,4.26259563673469e-05,-0.372199999999999,-0.192935010508702,1.9078,2.0870649894913,2022,9,39,268,"NULL",2022-09-25,0.62423504059501,0.282550292124494,FALSE,FALSE
"2022-09-25 09:00:00",17.525656,17.5226,17.4173878225418,18.41,16.83,16.04075844,878,0,0,12.5,0.3637286,5.781812145,3.08754704816327e-05,-0.8874,-0.992612177458199,0.692600000000002,0.587387822541803,2022,9,39,268,"NULL",2022-09-25,0.62423504059501,0.282550292124494,FALSE,FALSE
"2022-09-25 10:00:00",18.115444,17.9623,17.6878439416576,18.49,17.1,16.10762918,1214,0,0,12.4222222222222,0.3394949,7.794399905,4.61030541632653e-05,-0.527699999999999,-0.802156058342398,0.862299999999998,0.587843941657599,2022,9,39,268,"NULL",2022-09-25,0.62423504059501,0.282550292124494,FALSE,FALSE
"2022-09-25 11:00:00",19.114452,18.7198,18.4279915069256,18.59,18.53,15.54187965,1473,0,0,12.3777777777778,0.535468,9.153718561,5.84692472653061e-05,0.129799999999999,-0.162008493074399,0.189799999999998,-0.102008493074401,2022,9,39,268,"NULL",2022-09-25,0.62423504059501,0.282550292124494,FALSE,FALSE
"2022-09-25 12:00:00",16.879368,16.6435,16.4076153832519,18.86,18.74,15.21805589,1270,0,0,12.3333333333333,0.5286146,9.744394402,0.000119170784489796,-2.2165,-2.4523846167481,-2.0965,-2.3323846167481,2022,9,39,268,"NULL",2022-09-25,0.62423504059501,0.282550292124494,FALSE,FALSE
"2022-09-25 13:00:00",18.658361,18.299,18.1725683801372,17.41,17.51,13.19387587,754.4,0,0,12.3,0.4932686,7.909786788,0.000109003981673469,0.888999999999999,0.7625683801372,0.788999999999998,0.662568380137198,2022,9,39,268,"NULL",2022-09-25,0.62423504059501,0.282550292124494,FALSE,FALSE
"2022-09-25 14:00:00",18.412136,18.1346,17.9371636220911,17.8,17.89,13.61116089,823,0,0,12.2333333333333,0.3709167,7.508576794,7.44142191428571e-05,0.334599999999998,0.137163622091098,0.244599999999998,0.047163622091098,2022,9,39,268,"NULL",2022-09-25,0.62423504059501,0.282550292124494,FALSE,FALSE
"2022-09-25 15:00:00",18.01092,17.7054,17.6345335544808,18.24,17.92,13.96521275,806,0,0,12.2111111111111,0.3934817,10.37700174,8.35876330612245e-05,-0.534599999999998,-0.605466445519198,-0.214600000000001,-0.285466445519202,2022,9,39,268,"NULL",2022-09-25,0.62423504059501,0.282550292124494,FALSE,FALSE
"2022-09-25 16:00:00",18.464663,18.3045,18.3379470461624,19.3,17.93,15.10650402,798.3,0,0,12.1555555555556,0.4047725,7.62595558,0.000115205484040816,-0.9955,-0.962052953837599,0.374500000000001,0.407947046162402,2022,9,39,268,"NULL",2022-09-25,0.62423504059501,0.282550292124494,FALSE,FALSE
"2022-09-25 17:00:00",17.790018,17.7274,17.9208633612722,19.22,17.37,15.25478641,550.4,0,0,12.1222222222222,0.4266305,5.590727398,5.05594431020408e-05,-1.4926,-1.2991366387278,0.357399999999998,0.550863361272199,2022,9,39,268,"NULL",2022-09-25,0.62423504059501,0.282550292124494,FALSE,FALSE
"2022-09-25 18:00:00",15.192291,15.1788,15.406432635284,18.91,16.33,15.21646277,135.7,0,0,12.1,0.1807591,1.875680952,1.16122292979592e-05,-3.7312,-3.503567364716,-1.1512,-0.923567364715998,2022,9,39,268,"NULL",2022-09-25,0.62423504059501,0.282550292124494,FALSE,FALSE
"2022-09-26 07:00:00",13.901814,13.943,14.0331034488871,13.88,13.77,7.233504915,77.01,0,0,11.9333333333333,0.9038131,0,8.55237451836735e-07,0.0629999999999988,0.1531034488871,0.173,0.263103448887101,2022,9,39,269,"NULL",2022-09-26,0.62423504059501,0.282550292124494,FALSE,FALSE
"2022-09-26 12:00:00",19.390694,18.8061,18.7300843356714,17,17.66,8.662551405,1635,0,0,11.7777777777778,0.6971152,11.05932028,8.22703576734694e-05,1.8061,1.7300843356714,1.1461,1.0700843356714,2022,9,39,269,"NULL",2022-09-26,0.62423504059501,0.282550292124494,FALSE,FALSE
"2022-09-26 14:00:00",20.954983,20.4155,20.5229128636905,18.16,18.73,9.399801467,1457,0,0,11.7,0.552235,12.07126409,7.22922033061225e-05,2.2555,2.3629128636905,1.6855,1.7929128636905,2022,9,39,269,"NULL",2022-09-26,0.62423504059501,0.282550292124494,FALSE,FALSE
"2022-09-26 16:00:00",15.756505,15.6026,15.5495306044415,16.04,15.97,7.180013449,324.5,0,0,11.6777777777778,0.5699626,3.65094415,3.35924698653061e-05,-0.437399999999998,-0.490469395558499,-0.3674,-0.4204693955585,2022,9,39,269,"NULL",2022-09-26,0.62423504059501,0.282550292124494,FALSE,FALSE
"2022-09-26 18:00:00",13.10439,13.0748,13.0343373907979,14.72,14.6,6.313332159,49.9,0,0,11.6,0.8693302,0,1.81941814081633e-05,-1.6452,-1.6856626092021,-1.5252,-1.5656626092021,2022,9,39,269,"NULL",2022-09-26,0.62423504059501,0.282550292124494,FALSE,FALSE
"2022-09-27 09:00:00",14.635325,14.5412,14.5444389455825,13.37,13.28,5.923693798,852,0,0,11.4555555555556,0.8942953,5.199329916,2.99946408653061e-05,1.1712,1.1744389455825,1.2612,1.2644389455825,2022,9,39,270,"NULL",2022-09-27,0.62423504059501,0.282550292124494,FALSE,FALSE
"2022-09-27 12:00:00",18.511086,18.0284,17.953367387506,15.26,15.79,7.308173487,1651,0,0,11.3666666666667,0.5572117,9.036181146,3.99349008612245e-05,2.7684,2.693367387506,2.2384,2.163367387506,2022,9,39,270,"NULL",2022-09-27,0.62423504059501,0.282550292124494,FALSE,FALSE
"2022-09-27 14:00:00",18.885927,18.3974,18.4807491428427,16.85,17.59,9.388373477,1541,0,0,11.3111111111111,0.6923712,12.35225036,6.8559574e-05,1.5474,1.6307491428427,0.807400000000001,0.890749142842701,2022,9,39,270,"NULL",2022-09-27,0.62423504059501,0.282550292124494,FALSE,FALSE
"2022-09-27 15:00:00",18.77444,18.339,18.3361739839457,17.48,17.29,10.61234347,1296,0,0,11.2888888888889,0.6761166,9.579447327,9.67594574285714e-05,0.858999999999998,0.856173983945698,1.049,1.0461739839457,2022,9,39,270,"NULL",2022-09-27,0.62423504059501,0.282550292124494,FALSE,FALSE
"2022-09-27 16:00:00",17.145866,16.9753,17.0304781317262,17.47,16.7,11.00968423,931,0,0,11.2666666666667,0.7216306,6.061827523,6.63725253469388e-05,-0.494699999999998,-0.4395218682738,0.275300000000001,0.330478131726199,2022,9,39,270,"NULL",2022-09-27,0.62423504059501,0.282550292124494,FALSE,FALSE
"2022-09-27 17:00:00",16.466986,16.3734,16.4288293737814,17.2,15.77,10.96052401,526.7,0,0,11.2222222222222,0.541544,3.756522027,3.98056634081633e-05,-0.826599999999999,-0.771170626218598,0.603400000000001,0.658829373781401,2022,9,39,270,"NULL",2022-09-27,0.62423504059501,0.282550292124494,FALSE,FALSE
"2022-09-27 18:00:00",13.399391,13.3511,13.23958170216,15.56,14.61,9.656564596,108.3,0,0,11.1888888888889,0.5078933,0,1.59381651387755e-05,-2.2089,-2.32041829784,-1.2589,-1.37041829784,2022,9,39,270,"NULL",2022-09-27,0.62423504059501,0.282550292124494,FALSE,FALSE
"2022-09-28 09:00:00",16.01559,15.9503,15.8280606695196,14.03,13.94,5.569296961,870,0,0,11.0444444444444,0.8998161,6.45932055,1.96545849714286e-05,1.9203,1.7980606695196,2.0103,1.8880606695196,2022,9,39,271,"NULL",2022-09-28,0.62423504059501,0.282550292124494,FALSE,FALSE
"2022-09-28 10:00:00",16.559168,16.3754,16.372139110177,14.67,14.97,6.119168691,1278,0,0,11,0.7917761,9.946647119,4.62276982857143e-05,1.7054,1.702139110177,1.4054,1.402139110177,2022,9,39,271,"NULL",2022-09-28,0.62423504059501,0.282550292124494,FALSE,FALSE
"2022-09-28 11:00:00",17.847456,17.5231,17.2690698513585,14.76,15.21,6.346773631,1244,0,0,10.9444444444444,0.6545179,9.451990117,4.13448445714286e-05,2.7631,2.5090698513585,2.3131,2.0590698513585,2022,9,39,271,"NULL",2022-09-28,0.62423504059501,0.282550292124494,FALSE,FALSE
"2022-09-28 12:00:00",18.99624,18.5362,18.1479236256362,15.54,15.92,7.313826788,1509,0,0,10.9111111111111,0.6867728,12.17559556,5.73063042040816e-05,2.9962,2.6079236256362,2.6162,2.2279236256362,2022,9,39,271,"NULL",2022-09-28,0.62423504059501,0.282550292124494,FALSE,FALSE
"2022-09-28 14:00:00",18.475328,18.0639,17.8847510116229,15.92,16.17,7.780249325,991,0,0,10.8444444444444,0.5751369,10.17403062,4.83591519591837e-05,2.1439,1.9647510116229,1.8939,1.7147510116229,2022,9,39,271,"NULL",2022-09-28,0.62423504059501,0.282550292124494,FALSE,FALSE
"2022-09-28 15:00:00",14.486702,14.2922,14.2172372236712,15.7,15.98,7.726447877,378.1,0,0,10.8111111111111,0.6154883,2.3399138,5.33613565306122e-05,-1.4078,-1.4827627763288,-1.6878,-1.7627627763288,2022,9,39,271,"NULL",2022-09-28,0.62423504059501,0.282550292124494,FALSE,FALSE
"2022-09-28 17:00:00",12.270088,12.3045,12.3736644653212,13.93,13.58,6.615287473,166.2,0,1,10.7888888888889,0.638274,0,3.3104717844898e-05,-1.6255,-1.5563355346788,-1.2755,-1.2063355346788,2022,9,39,271,"NULL",2022-09-28,0.62423504059501,0.282550292124494,FALSE,FALSE
"2022-09-28 18:00:00",12.733345,12.8077,12.9034140057228,14,13.8,7.748031782,40.21,0,0,10.7666666666667,0.5273091,0.2131781891,2.19017186734694e-05,-1.1923,-1.0965859942772,-0.9923,-0.896585994277201,2022,9,39,271,"NULL",2022-09-28,0.62423504059501,0.282550292124494,FALSE,FALSE
"2022-09-29 08:00:00",12.928274,12.8845,12.8960649464435,12.32,12.23,7.010267925,231.1,0,0,10.6,0.6906712,2.713802933,3.97807236326531e-06,0.564499999999999,0.5760649464435,0.654499999999999,0.6660649464435,2022,9,39,272,"NULL",2022-09-29,0.62423504059501,0.282550292124494,FALSE,FALSE
"2022-09-29 09:00:00",13.082739,12.996,12.9521783976096,12.27,12.15,6.833063054,344.4,0,0,10.5888888888889,0.6624667,5.92405542,2.14362596653061e-05,0.726000000000001,0.682178397609601,0.846,0.8021783976096,2022,9,39,272,"NULL",2022-09-29,0.62423504059501,0.282550292124494,FALSE,FALSE
"2022-09-29 11:00:00",14.907745,14.7388,14.6261168468765,13.15,13.25,6.204109544,824,0,0,10.5444444444444,0.6135998,13.27575131,3.56797094897959e-05,1.5888,1.4761168468765,1.4888,1.3761168468765,2022,9,39,272,"NULL",2022-09-29,0.62423504059501,0.282550292124494,FALSE,FALSE
"2022-09-29 13:00:00",12.3113575,12.2138,12.1744806284976,11.61,11.54,5.522619827,220.7,0,0,10.4888888888889,0.8018388,2.924839613,4.6550976e-06,0.603800000000001,0.5644806284976,0.673800000000002,0.634480628497601,2022,9,39,272,"NULL",2022-09-29,0.62423504059501,0.282550292124494,FALSE,FALSE
"2022-09-29 14:00:00",13.568033,13.4477,13.3841054873262,11.76,11.69,5.749308986,470.3,0,0,10.4777777777778,0.8726414,2.806999864,2.13421612693878e-05,1.6877,1.6241054873262,1.7577,1.6941054873262,2022,9,39,272,"NULL",2022-09-29,0.62423504059501,0.282550292124494,FALSE,FALSE
"2022-09-29 15:00:00",14.717862,14.5522,14.5221985541009,12.95,12.95,6.806882001,658.2,0,0,10.4444444444444,0.7327847,12.73814579,5.91054499591837e-05,1.6022,1.5721985541009,1.6022,1.5721985541009,2022,9,39,272,"NULL",2022-09-29,0.62423504059501,0.282550292124494,FALSE,FALSE
"2022-09-29 16:00:00",16.207129,16.0645,16.1364647058824,13.47,13.22,7.724424775,747.5,0,0,10.4444444444444,0.5321845,14.26089933,7.18385700408163e-05,2.5945,2.6664647058824,2.8445,2.9164647058824,2022,9,39,272,"NULL",2022-09-29,0.62423504059501,0.282550292124494,FALSE,FALSE
"2022-09-29 17:00:00",13.458174,13.3635,13.3283078980021,12.89,12.5,7.41815496,311.6,0,0,10.4111111111111,0.5575284,4.60403314,2.28388387714286e-05,0.4735,0.438307898002099,0.8635,0.8283078980021,2022,9,39,272,"NULL",2022-09-29,0.62423504059501,0.282550292124494,FALSE,FALSE
"2022-09-29 18:00:00",12.053656,12.0455,12.0442589754628,12.15,12.03,7.090327457,38.05,0,0,10.3888888888889,0.4626772,0.9127500071,1.10525979265306e-05,-0.1045,-0.105741024537201,0.0155000000000012,0.0142589754628002,2022,9,39,272,"NULL",2022-09-29,0.62423504059501,0.282550292124494,FALSE,FALSE
"2022-10-01 06:00:00",4.768827,4.80645,4.75632041781672,10.69,10.3,4.489933443,0.043,0,0,10,0.4595777,0,6.06767121632653e-06,-5.88355,-5.93367958218328,-5.49355,-5.54367958218328,2022,10,40,274,"NULL",2022-10-01,0.530268625494881,0.326544950083192,FALSE,FALSE
"2022-10-01 07:00:00",11.087079,11.0856,11.2492832392191,10.79,10.56,3.886164516,104.5,0,0,10,0.5212114,0.6219163528,8.19754608979592e-06,0.2956,0.459283239219101,0.525599999999999,0.689283239219099,2022,10,40,274,"NULL",2022-10-01,0.530268625494881,0.326544950083192,FALSE,FALSE
"2022-10-01 08:00:00",13.406268,13.3085,13.4120492922438,12.78,12.09,6.121014432,494.5,0,0,9.98888888888889,0.3945221,4.398402383,7.35551917959184e-06,0.528500000000001,0.632049292243801,1.2185,1.3220492922438,2022,10,40,274,"NULL",2022-10-01,0.530268625494881,0.326544950083192,FALSE,FALSE
"2022-10-01 09:00:00",14.324285,14.2655,14.3574800283609,13.55,13.16,7.025426235,867,0,0,9.96666666666667,0.5491077,6.80523772,3.60363772081633e-05,0.715499999999999,0.807480028360899,1.1055,1.1974800283609,2022,10,40,274,"NULL",2022-10-01,0.530268625494881,0.326544950083192,FALSE,FALSE
"2022-10-01 10:00:00",15.055415,14.9098,14.8194042921172,13.67,13.97,6.887626288,1249,0,0,9.95555555555556,0.6962134,10.863016,6.25859509795918e-05,1.2398,1.1494042921172,0.9398,0.8494042921172,2022,10,40,274,"NULL",2022-10-01,0.530268625494881,0.326544950083192,FALSE,FALSE
"2022-10-01 11:00:00",16.541918,16.2488,16.1145001620622,13.66,14.5,6.277410866,1492,0,0,9.94444444444444,0.6205094,9.889724049,4.95737403265306e-05,2.5888,2.4545001620622,1.7488,1.6145001620622,2022,10,40,274,"NULL",2022-10-01,0.530268625494881,0.326544950083192,FALSE,FALSE
"2022-10-01 12:00:00",15.045504,14.853,14.7735057430807,13.61,14.3,5.516421344,1211,0,0,9.94444444444444,0.5914474,12.67034588,6.11346540408163e-05,1.243,1.1635057430807,0.552999999999999,0.473505743080699,2022,10,40,274,"NULL",2022-10-01,0.530268625494881,0.326544950083192,FALSE,FALSE
"2022-10-01 13:00:00",18.444592,18.0395,17.969913939885,14.45,14.98,6.252666864,1523,0,0,9.91111111111111,0.5604704,12.25322179,5.61289716734694e-05,3.5895,3.519913939885,3.0595,2.989913939885,2022,10,40,274,"NULL",2022-10-01,0.530268625494881,0.326544950083192,FALSE,FALSE
"2022-10-01 14:00:00",18.203062,17.9387,18.0059637714922,14.92,15.96,7.42152746,1401,0,0,9.88888888888889,0.4471956,12.28057828,4.37812763673469e-05,3.0187,3.0859637714922,1.9787,2.0459637714922,2022,10,40,274,"NULL",2022-10-01,0.530268625494881,0.326544950083192,FALSE,FALSE
"2022-10-01 15:00:00",15.844221,15.7071,15.6234290952369,14.57,14.38,7.131301588,661.7,0,0,9.85555555555556,0.4534498,0.136262405,7.31357546122449e-05,1.1371,1.0534290952369,1.3271,1.2434290952369,2022,10,40,274,"NULL",2022-10-01,0.530268625494881,0.326544950083192,FALSE,FALSE
"2022-10-01 16:00:00",16.213268,16.1155,16.0695613152364,13.98,13.8,6.647218035,229.3,0,0,9.84444444444444,0.308252,2.340542518,2.6275058e-05,2.1355,2.0895613152364,2.3155,2.2695613152364,2022,10,40,274,"NULL",2022-10-01,0.530268625494881,0.326544950083192,FALSE,FALSE
"2022-10-01 17:00:00",14.483049,14.443,14.4506610088375,14.26,14.18,6.340781182,217.2,0,0,9.82222222222222,0.4425465,4.602335011,1.06800285795918e-05,0.183,0.1906610088375,0.263,0.2706610088375,2022,10,40,274,"NULL",2022-10-01,0.530268625494881,0.326544950083192,FALSE,FALSE
"2022-10-01 18:00:00",12.738711,12.7296,12.7641056164696,12.98,12.87,4.466321675,44.67,0,0,9.82222222222222,0.346572,1.516864892,3.9858470444898e-06,-0.250400000000001,-0.215894383530401,-0.1404,-0.1058943835304,2022,10,40,274,"NULL",2022-10-01,0.530268625494881,0.326544950083192,FALSE,FALSE
"2022-10-02 06:00:00",5.5229497,5.58805,5.57614746170013,10.82,10.7,4.792132613,0.028,0,0,9.75555555555556,0.426892,0.9614834627,2.80699457469388e-06,-5.23195,-5.24385253829987,-5.11195,-5.12385253829987,2022,10,40,275,"NULL",2022-10-02,0.530268625494881,0.326544950083192,FALSE,FALSE
"2022-10-02 07:00:00",10.5472765,10.5342,10.7199319794384,10.6,10.61,3.96275698,93.8,0,0,9.75555555555556,0.5514105,0.5767894189,2.00151123061224e-06,-0.0657999999999994,0.1199319794384,-0.0757999999999992,0.1099319794384,2022,10,40,275,"NULL",2022-10-02,0.530268625494881,0.326544950083192,FALSE,FALSE
"2022-10-02 08:00:00",12.905924,12.7644,12.8387562153402,12.71,11.94,5.503186931,478.4,0,0,9.75555555555556,0.4155912,4.254429112,1.42645397632653e-05,0.0543999999999993,0.1287562153402,0.824400000000001,0.898756215340201,2022,10,40,275,"NULL",2022-10-02,0.530268625494881,0.326544950083192,FALSE,FALSE
"2022-10-02 09:00:00",14.849161,14.7548,14.8461797320909,12.99,13.07,5.9761462,880,0,0,9.73333333333333,0.5036635,5.903720628,4.16799557959184e-05,1.7648,1.8561797320909,1.6848,1.7761797320909,2022,10,40,275,"NULL",2022-10-02,0.530268625494881,0.326544950083192,FALSE,FALSE
"2022-10-02 10:00:00",15.459378,15.2855,15.295397576663,13.46,14.01,7.094325673,1214,0,0,9.71111111111111,0.6328109,7.713073818,4.6876488122449e-05,1.8255,1.835397576663,1.2755,1.285397576663,2022,10,40,275,"NULL",2022-10-02,0.530268625494881,0.326544950083192,FALSE,FALSE
"2022-10-02 11:00:00",16.32167,15.9966,15.8609892279253,13.69,14.59,7.288074671,1490,0,0,9.68888888888889,0.5227041,7.940942674,4.2552532122449e-05,2.3066,2.1709892279253,1.4066,1.2709892279253,2022,10,40,275,"NULL",2022-10-02,0.530268625494881,0.326544950083192,FALSE,FALSE
"2022-10-02 12:00:00",18.390884,17.9504,18.0920743637791,13.99,14.85,7.15762194,1708,0,0,9.66666666666667,0.4642142,8.465188884,1.30126402122449e-05,3.9604,4.1020743637791,3.1004,3.2420743637791,2022,10,40,275,"NULL",2022-10-02,0.530268625494881,0.326544950083192,FALSE,FALSE
"2022-10-02 13:00:00",17.994135,17.5079,17.280421984756,14.4,15.11,7.379327381,1389,0,0,9.65555555555556,0.4629695,8.637066871,3.79044995836735e-05,3.1079,2.880421984756,2.3979,2.170421984756,2022,10,40,275,"NULL",2022-10-02,0.530268625494881,0.326544950083192,FALSE,FALSE
"2022-10-02 14:00:00",16.20496,15.964,15.9658768175027,13.82,14.09,6.561560706,557.1,0,0,9.61111111111111,0.2759256,5.633033166,2.60754430979592e-05,2.144,2.1458768175027,1.874,1.8758768175027,2022,10,40,275,"NULL",2022-10-02,0.530268625494881,0.326544950083192,FALSE,FALSE
"2022-10-02 15:00:00",14.813677,14.7149,14.6107263173888,14.33,14.24,7.624906397,246.2,0,0,9.61111111111111,0.2765543,4.409399864,1.92927092040816e-05,0.3849,0.280726317388799,0.4749,0.370726317388799,2022,10,40,275,"NULL",2022-10-02,0.530268625494881,0.326544950083192,FALSE,FALSE
"2022-10-02 16:00:00",14.506187,14.4262,14.3083870806006,14.04,13.93,7.349730582,194.9,0,0.3,9.61111111111111,0.1424334,3.140429132,3.3369962277551e-06,0.386200000000001,0.268387080600601,0.4962,0.3783870806006,2022,10,40,275,"NULL",2022-10-02,0.530268625494881,0.326544950083192,FALSE,FALSE
"2022-10-02 17:00:00",14.237902,14.2258,14.1883803170343,14.05,13.82,7.580170154,124.7,0,0,9.57777777777778,0.180127,1.889134362,9.07541091428572e-06,0.175799999999999,0.138380317034299,0.405799999999999,0.368380317034299,2022,10,40,275,"NULL",2022-10-02,0.530268625494881,0.326544950083192,FALSE,FALSE
"2022-10-02 18:00:00",14.045491,14.0598,14.051552776582,14.13,13.55,7.843901348,33.19,0,0,9.57777777777778,0.1135399,0.6294291608,-2.28584803877551e-07,-0.0702000000000016,-0.0784472234180011,0.509799999999998,0.501552776581999,2022,10,40,275,"NULL",2022-10-02,0.530268625494881,0.326544950083192,FALSE,FALSE
"2022-10-03 06:00:00",7.2492614,7.31628,7.32973469600669,12.18,11.7,4.898437925,0.016,0,0,9.47777777777778,0.04557895,0,-1.11053452693878e-07,-4.86372,-4.85026530399331,-4.38372,-4.37026530399331,2022,10,40,276,"NULL",2022-10-03,0.530268625494881,0.326544950083192,FALSE,FALSE
"2022-10-03 07:00:00",12.892761,12.8107,13.193227821529,12.63,12.05,5.626004393,97.2,0,0,9.47777777777778,0.2052698,2.345473201,9.03937304897959e-06,0.1807,0.563227821528999,0.7607,1.143227821529,2022,10,40,276,"NULL",2022-10-03,0.530268625494881,0.326544950083192,FALSE,FALSE
"2022-10-03 08:00:00",15.196035,14.9944,15.0632849206148,15.6,13.3,8.412117085,485.1,0,0,9.45555555555556,0.2185054,6.987807934,3.48457616612245e-05,-0.605599999999999,-0.5367150793852,1.6944,1.7632849206148,2022,10,40,276,"NULL",2022-10-03,0.530268625494881,0.326544950083192,FALSE,FALSE
"2022-10-03 09:00:00",18.161627,18.0857,17.9497976070497,16.46,14.17,8.94665388,926,0,0,9.44444444444444,0.2063374,7.885039258,7.06238893877551e-05,1.6257,1.4897976070497,3.9157,3.7797976070497,2022,10,40,276,"NULL",2022-10-03,0.530268625494881,0.326544950083192,FALSE,FALSE
"2022-10-03 10:00:00",14.991696,14.9001,14.8196631586944,14.92,14.06,6.51152746,388.2,0,0,9.42222222222222,0.2903423,4.945889103,4.61101967755102e-05,-0.0198999999999998,-0.1003368413056,0.8401,0.7596631586944,2022,10,40,276,"NULL",2022-10-03,0.530268625494881,0.326544950083192,FALSE,FALSE
"2022-10-03 11:00:00",13.888949,13.8013,13.7614794231597,12.99,13.01,4.3461462,183.7,0,0,9.41111111111111,0.2644057,2.016961337,1.92808970244898e-05,0.811299999999999,0.7714794231597,0.7913,0.751479423159701,2022,10,40,276,"NULL",2022-10-03,0.530268625494881,0.326544950083192,FALSE,FALSE
"2022-10-03 13:00:00",14.18615,14.1031,14.065840794105,12.97,12.24,4.916502802,347.3,0,0,9.4,0.3006765,8.348363123,1.82330042979592e-05,1.1331,1.095840794105,1.8631,1.825840794105,2022,10,40,276,"NULL",2022-10-03,0.530268625494881,0.326544950083192,FALSE,FALSE
"2022-10-03 14:00:00",14.951891,14.8138,14.6559837330025,15.25,15.21,7.586992085,1183,0,0,9.41111111111111,0.1272037,13.35242187,8.41460059591837e-05,-0.436199999999999,-0.5940162669975,-0.3962,-0.5540162669975,2022,10,40,276,"NULL",2022-10-03,0.530268625494881,0.326544950083192,FALSE,FALSE
"2022-10-03 15:00:00",16.367228,16.0878,16.0123485857537,16.2,15.74,8.747834294,1235,0,0,9.37777777777778,0.4833272,17.95509097,0.000164050518734694,-0.112199999999998,-0.1876514142463,0.347800000000001,0.272348585753699,2022,10,40,276,"NULL",2022-10-03,0.530268625494881,0.326544950083192,FALSE,FALSE
"2022-10-03 16:00:00",13.510658,13.4171,13.4034902787977,14.54,14.6,7.149060668,284.6,0,0,9.36666666666667,0.2261119,12.78595095,1.88952746653061e-05,-1.1229,-1.1365097212023,-1.1829,-1.1965097212023,2022,10,40,276,"NULL",2022-10-03,0.530268625494881,0.326544950083192,FALSE,FALSE
"2022-10-03 17:00:00",12.514689,12.5221,12.5753987668076,13.96,13.64,6.956428027,115,0,0,9.34444444444444,0.175505,7.672240023,-3.3528256322449e-08,-1.4379,-1.3846012331924,-1.1179,-1.0646012331924,2022,10,40,276,"NULL",2022-10-03,0.530268625494881,0.326544950083192,FALSE,FALSE
"2022-10-03 18:00:00",12.777528,12.8193,12.9556371249145,14.2,13.73,7.417479932,47.26,0,0,9.32222222222222,0.2447173,2.595058614,-4.05032833183673e-07,-1.3807,-1.2443628750855,-0.9107,-0.774362875085501,2022,10,40,276,"NULL",2022-10-03,0.530268625494881,0.326544950083192,FALSE,FALSE
"2022-10-05 06:00:00",2.6672225,2.70375,2.73275688460662,8.71,8.26,3.103269527,0.006,0,0,9.16666666666667,0.06846754,0,2.93907218897959e-07,-6.00625,-5.97724311539338,-5.55625,-5.52724311539338,2022,10,40,278,"NULL",2022-10-05,0.530268625494881,0.326544950083192,FALSE,FALSE
"2022-10-05 07:00:00",9.39102,9.35936,9.64285622496265,9.35,8.65,4.452126758,90.4,0,0,9.12222222222222,0.08224446,1.478679214,-1.49887532693878e-06,0.00936000000000092,0.29285622496265,0.70936,0.992856224962649,2022,10,40,278,"NULL",2022-10-05,0.530268625494881,0.326544950083192,FALSE,FALSE
"2022-10-05 08:00:00",11.606278,11.3068,11.4659636810919,11.97,9.78,6.622687625,477.4,0,0,9.12222222222222,0.06635808,4.414436354,-1.51832035510204e-06,-0.6632,-0.504036318908101,1.5268,1.6859636810919,2022,10,40,278,"NULL",2022-10-05,0.530268625494881,0.326544950083192,FALSE,FALSE
"2022-10-05 09:00:00",11.345114,11.3212,11.3187599199818,12.22,10.76,6.605994637,265.5,0,0,9.12222222222222,0.1301956,7.295477839,3.67067194693878e-06,-0.898800000000001,-0.901240080018201,0.561199999999999,0.558759919981799,2022,10,40,278,"NULL",2022-10-05,0.530268625494881,0.326544950083192,FALSE,FALSE
"2022-10-05 10:00:00",10.838715,10.796,10.7911440049632,11,10.43,4.418903512,184,0,0,9.11111111111111,0.2877609,10.10637562,2.08638321428571e-05,-0.204000000000001,-0.208855995036799,0.366,0.361144004963201,2022,10,40,278,"NULL",2022-10-05,0.530268625494881,0.326544950083192,FALSE,FALSE
"2022-10-05 11:00:00",11.461178,11.3994,11.3597036058849,10.95,10.46,3.055190121,350,0,0,9.1,0.3017411,12.98066717,4.61823846938776e-05,0.449400000000001,0.4097036058849,0.939399999999999,0.899703605884898,2022,10,40,278,"NULL",2022-10-05,0.530268625494881,0.326544950083192,FALSE,FALSE
"2022-10-05 12:00:00",15.369112,15.1039,14.9077742650224,11.93,11.56,4.455671503,763.8,0,0,9.1,0.2733324,15.87085936,3.93546995183673e-05,3.1739,2.9777742650224,3.5439,3.3477742650224,2022,10,40,278,"NULL",2022-10-05,0.530268625494881,0.326544950083192,FALSE,FALSE
"2022-10-05 13:00:00",13.965077,13.8511,13.8353060596085,12.63,12.26,6.086004393,740.4,0,0,9.06666666666667,0.4345096,9.045771893,0.000118074626326531,1.2211,1.2053060596085,1.5911,1.5753060596085,2022,10,40,278,"NULL",2022-10-05,0.530268625494881,0.326544950083192,FALSE,FALSE
"2022-10-05 14:00:00",16.220413,16.0348,16.0895468410524,13.68,13.53,6.627847555,1077,0,0,9.07777777777778,0.4852226,6.899940699,0.000101934938326531,2.3548,2.4095468410524,2.5048,2.5595468410524,2022,10,40,278,"NULL",2022-10-05,0.530268625494881,0.326544950083192,FALSE,FALSE
"2022-10-05 15:00:00",13.711309,13.6038,13.5412055202451,13.41,12.92,6.3039169,410.6,0,0,9.04444444444444,0.2094481,4.905585439,7.21450063673469e-05,0.1938,0.1312055202451,0.6838,0.6212055202451,2022,10,40,278,"NULL",2022-10-05,0.530268625494881,0.326544950083192,FALSE,FALSE
"2022-10-05 16:00:00",13.139231,13.0863,13.0642339874908,13.71,12.8,6.638546461,346.5,0,0,9.04444444444444,0.2913462,2.920576158,8.16910705306122e-05,-0.623700000000001,-0.645766012509201,0.286299999999999,0.264233987490799,2022,10,40,278,"NULL",2022-10-05,0.530268625494881,0.326544950083192,FALSE,FALSE
"2022-10-06 07:00:00",8.637655,8.54985,8.74129972727963,8.83,8.54,4.325362302,70.1,0,0,8.98888888888889,0.3202589,1.641396855,1.1974049122449e-06,-0.280150000000001,-0.0887002727203701,0.00985000000000014,0.201299727279631,2022,10,40,279,"NULL",2022-10-06,0.530268625494881,0.326544950083192,FALSE,FALSE
"2022-10-06 08:00:00",11.229347,10.9636,11.0293905925401,11.1,9.93,5.386714975,435.3,0,0,8.98888888888889,0.2769957,5.004007938,2.9877880077551e-05,-0.1364,-0.0706094074598997,1.0336,1.0993905925401,2022,10,40,279,"NULL",2022-10-06,0.530268625494881,0.326544950083192,FALSE,FALSE
"2022-10-06 09:00:00",14.596051,14.5299,14.4439045073561,13.42,11.47,7.533987099,910,0,0,8.97777777777778,0.3453971,8.415976555,6.76120166122449e-05,1.1099,1.0239045073561,3.0599,2.9739045073561,2022,10,40,279,"NULL",2022-10-06,0.530268625494881,0.326544950083192,FALSE,FALSE
"2022-10-06 10:00:00",14.812047,14.6476,14.4979976247753,13.87,12.58,7.003166132,1275,0,0,8.96666666666667,0.3188265,11.68278835,4.28421791020408e-05,0.777600000000001,0.627997624775301,2.0676,1.9179976247753,2022,10,40,279,"NULL",2022-10-06,0.530268625494881,0.326544950083192,FALSE,FALSE
"2022-10-06 11:00:00",16.12026,15.8672,16.0045261401332,13.34,12.97,6.643586972,1445,0,0,8.95555555555556,0.4422272,14.97510597,8.16131964081633e-05,2.5272,2.6645261401332,2.8972,3.0345261401332,2022,10,40,279,"NULL",2022-10-06,0.530268625494881,0.326544950083192,FALSE,FALSE
"2022-10-06 12:00:00",15.159083,14.9378,14.8213553670457,14.16,13.76,7.405399101,1567,0,0,8.93333333333333,0.4099012,10.42294304,0.000180598788122449,0.777799999999999,0.661355367045699,1.1778,1.0613553670457,2022,10,40,279,"NULL",2022-10-06,0.530268625494881,0.326544950083192,FALSE,FALSE
"2022-10-06 13:00:00",11.232565,11.1319,11.1203282849257,10.88,10.69,4.174206006,197,0,0,8.93333333333333,0.1469701,10.31914407,1.21757894244898e-05,0.251899999999999,0.240328284925699,0.4419,0.4303282849257,2022,10,40,279,"NULL",2022-10-06,0.530268625494881,0.326544950083192,FALSE,FALSE
"2022-10-06 14:00:00",12.329642,12.2321,12.2023230229673,11.75,11.4,4.790159218,354.7,0,0,8.92222222222222,0.3735148,6.11997697,2.94082016040816e-05,0.482100000000001,0.452323022967301,0.832100000000001,0.8023230229673,2022,10,40,279,"NULL",2022-10-06,0.530268625494881,0.326544950083192,FALSE,FALSE
"2022-10-06 15:00:00",15.470944,15.233,15.553937608569,12.58,11.5,5.89794596,799,0,0,8.92222222222222,0.3417769,10.99033776,0.000179684969346939,2.653,2.973937608569,3.733,4.053937608569,2022,10,40,279,"NULL",2022-10-06,0.530268625494881,0.326544950083192,FALSE,FALSE
"2022-10-06 16:00:00",10.789851,10.6947,10.654273361019,11.53,11.05,4.920205523,70.93,0,0,8.91111111111111,0.410911,0,1.78544120285714e-05,-0.8353,-0.875726638981,-0.355300000000002,-0.395726638981001,2022,10,40,279,"NULL",2022-10-06,0.530268625494881,0.326544950083192,FALSE,FALSE
"2022-10-06 18:00:00",8.744867,8.6914,8.71724600845762,9.85,9.24,3.195270009,26.7,0,0.2,9.02222222222222,0.1932862,0,-3.53234905795918e-07,-1.1586,-1.13275399154238,-0.5486,-0.52275399154238,2022,10,40,279,"NULL",2022-10-06,0.530268625494881,0.326544950083192,FALSE,FALSE
"2022-10-09 07:00:00",6.8937354,6.92302,6.98810083462055,7.717,7.579,4.136060001,42.26,0,0,10.9111111111111,0.04495703,1.501295988,1.50759656285714e-08,-0.793979999999999,-0.72889916537945,-0.65598,-0.59089916537945,2022,10,41,282,"NULL",2022-10-09,0.530268625494881,0.326544950083192,FALSE,FALSE
"2022-10-09 08:00:00",9.317459,9.16344,9.23009214757793,8.56,8.19,4.299077592,398.9,0,0,10.8888888888889,0.3488422,4.592877715,1.75849976693878e-05,0.603439999999999,0.670092147577929,0.97344,1.04009214757793,2022,10,41,282,"NULL",2022-10-09,0.530268625494881,0.326544950083192,FALSE,FALSE
"2022-10-09 09:00:00",11.304443,11.293,11.2827948504723,10.01,9.7,5.316815439,828,0,0,10.8777777777778,0.3556755,10.91346855,2.43188262408163e-05,1.283,1.2727948504723,1.593,1.5827948504723,2022,10,41,282,"NULL",2022-10-09,0.530268625494881,0.326544950083192,FALSE,FALSE
"2022-10-09 10:00:00",13.530342,13.342,13.4129849535337,11.94,10.91,5.254917476,1179,0,0,10.8666666666667,0.545328,13.40732116,0.000148597754938775,1.402,1.4729849535337,2.432,2.5029849535337,2022,10,41,282,"NULL",2022-10-09,0.530268625494881,0.326544950083192,FALSE,FALSE
"2022-10-09 11:00:00",15.204463,14.9177,14.9296940442126,12.45,11.76,5.053641616,1673,0,0,10.8111111111111,0.4065983,15.76890193,7.30107828163265e-05,2.4677,2.4796940442126,3.1577,3.1696940442126,2022,10,41,282,"NULL",2022-10-09,0.530268625494881,0.326544950083192,FALSE,FALSE
"2022-10-09 12:00:00",13.056427,12.8623,12.7837298270492,10.38,10.27,3.015812633,897,0,0,10.8111111111111,0.3953756,13.12871716,3.61684310530612e-05,2.4823,2.4037298270492,2.5923,2.5137298270492,2022,10,41,282,"NULL",2022-10-09,0.530268625494881,0.326544950083192,FALSE,FALSE
"2022-10-09 13:00:00",9.852217,9.77038,9.7859223326834,8.85,8.85,1.590775297,183.4,0,0,10.8111111111111,0.3486793,8.69225046,3.0658735244898e-05,0.92038,0.935922332683401,0.92038,0.935922332683401,2022,10,41,282,"NULL",2022-10-09,0.530268625494881,0.326544950083192,FALSE,FALSE
"2022-10-09 14:00:00",9.367731,9.29067,9.29141219265149,8.81,8.67,1.56996768,154,0,0,10.8111111111111,0.3539734,4.345507412,3.92688289020408e-05,0.48067,0.48141219265149,0.62067,0.621412192651491,2022,10,41,282,"NULL",2022-10-09,0.530268625494881,0.326544950083192,FALSE,FALSE
"2022-10-11 07:00:00",8.272002,8.26461,8.58927861436783,8.75,8.32,3.163893872,67.77,0,0,14.2,0.1640133,1.845856504,2.72727228122449e-06,-0.485390000000001,-0.16072138563217,-0.0553900000000009,0.269278614367829,2022,10,41,284,"NULL",2022-10-11,0.530268625494881,0.326544950083192,FALSE,FALSE
"2022-10-11 08:00:00",10.122769,9.8931,10.0664076928921,10.6,8.8,4.39275698,436,0,0,14.1444444444444,0.2064012,5.517107079,1.07927643306122e-05,-0.706899999999999,-0.533592307107901,1.0931,1.2664076928921,2022,10,41,284,"NULL",2022-10-11,0.530268625494881,0.326544950083192,FALSE,FALSE
"2022-10-11 09:00:00",11.957173,11.9273,12.0633162411689,11.54,9.96,5.119238867,823,0,0,14.1111111111111,0.3119603,9.141957257,7.9056738122449e-06,0.387300000000002,0.523316241168901,1.9673,2.1033162411689,2022,10,41,284,"NULL",2022-10-11,0.530268625494881,0.326544950083192,FALSE,FALSE
"2022-10-11 10:00:00",11.767702,11.7099,11.5845727279633,11.44,10.86,4.899141897,787.2,0,0,14.0666666666667,0.3874066,12.0545161,3.15517851469388e-05,0.2699,0.1445727279633,0.8499,0.724572727963301,2022,10,41,284,"NULL",2022-10-11,0.530268625494881,0.326544950083192,FALSE,FALSE
"2022-10-11 11:00:00",13.425066,13.3251,13.2841071788509,13.08,12.47,5.954821725,1207,0,0,14.0555555555556,0.3956059,14.38879506,0.000119403426367347,0.245100000000001,0.204107178850901,0.8551,0.8141071788509,2022,10,41,284,"NULL",2022-10-11,0.530268625494881,0.326544950083192,FALSE,FALSE
"2022-10-11 12:00:00",13.475538,13.3786,13.4991565977058,13.19,12.76,6.043827907,1217,0,0,14.0111111111111,0.5023655,16.58309292,0.000108907190285714,0.188600000000001,0.309156597705801,0.618600000000001,0.739156597705801,2022,10,41,284,"NULL",2022-10-11,0.530268625494881,0.326544950083192,FALSE,FALSE
"2022-10-11 13:00:00",13.089931,13.0396,12.9435526246487,11.86,11.19,4.701099826,334.6,0,0,13.9666666666667,0.2377089,16.59412358,4.04144647632653e-05,1.1796,1.0835526246487,1.8496,1.7535526246487,2022,10,41,284,"NULL",2022-10-11,0.530268625494881,0.326544950083192,FALSE,FALSE
"2022-10-11 14:00:00",13.200005,13.1508,13.209880405662,12.21,11.53,5.126597299,389.5,0,0,13.9444444444444,0.1082547,16.70667825,5.76367853061225e-05,0.940799999999999,0.999880405661999,1.6208,1.679880405662,2022,10,41,284,"NULL",2022-10-11,0.530268625494881,0.326544950083192,FALSE,FALSE
"2022-10-11 15:00:00",16.162678,15.9797,16.5282541490466,13.01,11.86,5.715812217,754.5,0,0,13.9222222222222,0.3140978,16.84573567,4.26316599183673e-05,2.9697,3.5182541490466,4.1197,4.6682541490466,2022,10,41,284,"NULL",2022-10-11,0.530268625494881,0.326544950083192,FALSE,FALSE
"2022-10-11 17:00:00",13.642088,13.6312,13.8204437213542,12.17,11.84,5.569062339,229.9,0,0,13.8333333333333,0.3255996,10.83844552,1.29731921306122e-05,1.4612,1.6504437213542,1.7912,1.9804437213542,2022,10,41,284,"NULL",2022-10-11,0.530268625494881,0.326544950083192,FALSE,FALSE
"2022-10-11 18:00:00",11.577148,11.6039,11.7752323592717,11.56,11.13,5.237321351,26.84,0,0,13.8111111111111,0.3309769,2.386978672,5.36088408979592e-06,0.0438999999999989,0.215232359271699,0.473899999999999,0.645232359271699,2022,10,41,284,"NULL",2022-10-11,0.530268625494881,0.326544950083192,FALSE,FALSE
"2022-10-12 07:00:00",9.362796,9.37588,9.69569152490441,9.71,8.89,4.951183943,65,0,0,13.5333333333333,0.06130353,1.117937958,1.08347371428571e-06,-0.33412,-0.0143084750955911,0.48588,0.805691524904409,2022,10,41,285,"NULL",2022-10-12,0.530268625494881,0.326544950083192,FALSE,FALSE
"2022-10-12 08:00:00",11.900596,11.6913,11.8375287447773,12.39,10.26,7.18658463,440,0,0,13.5333333333333,0.258153,3.361763276,2.56292762204082e-05,-0.698700000000001,-0.5524712552227,1.4313,1.5775287447773,2022,10,41,285,"NULL",2022-10-12,0.530268625494881,0.326544950083192,FALSE,FALSE
"2022-10-12 09:00:00",14.120207,14.0824,14.1300331062774,14.04,11.71,8.969730582,845,0,0,13.4888888888889,0.3150622,5.562554265,2.71541840734694e-05,0.0424000000000007,0.0900331062774011,2.3724,2.4200331062774,2022,10,41,285,"NULL",2022-10-12,0.530268625494881,0.326544950083192,FALSE,FALSE
"2022-10-12 10:00:00",16.173199,16.091,15.9901556607835,14.93,13.73,9.672502236,1157,0,0,13.4555555555556,0.3815802,7.81342125,0.000118724518530612,1.161,1.0601556607835,2.361,2.2601556607835,2022,10,41,285,"NULL",2022-10-12,0.530268625494881,0.326544950083192,FALSE,FALSE
"2022-10-12 11:00:00",17.040478,16.8043,16.7902906636955,14.49,14.19,8.925447715,1333,0,0,13.4222222222222,0.4432715,9.349794244,0.000134394723755102,2.3143,2.3002906636955,2.6143,2.6002906636955,2022,10,41,285,"NULL",2022-10-12,0.530268625494881,0.326544950083192,FALSE,FALSE
"2022-10-12 12:00:00",18.120308,17.8938,17.8526086222177,15.02,14.95,9.391555179,1419,0,0,13.3666666666667,0.5026316,11.72147394,0.000176312915959184,2.8738,2.8326086222177,2.9438,2.9026086222177,2022,10,41,285,"NULL",2022-10-12,0.530268625494881,0.326544950083192,FALSE,FALSE
"2022-10-12 13:00:00",17.517693,17.1685,17.2439522827986,16.3,15.65,11.55607984,1496,0,0,13.3444444444444,0.3743704,15.04834219,0.000157732623469388,0.868500000000001,0.943952282798598,1.5185,1.5939522827986,2022,10,41,285,"NULL",2022-10-12,0.530268625494881,0.326544950083192,FALSE,FALSE
"2022-10-12 14:00:00",16.615433,16.3157,16.127828026639,16.02,15.79,12.06665405,1363,0,0,13.3,0.4824749,14.4490809,0.000136641795673469,0.2957,0.107828026639002,0.525700000000001,0.337828026639002,2022,10,41,285,"NULL",2022-10-12,0.530268625494881,0.326544950083192,FALSE,FALSE
"2022-10-12 15:00:00",16.173504,15.9054,16.2363121318782,16.63,15.46,13.05101412,1152,0,0,13.2555555555556,0.3819554,8.673188771,7.20783277959184e-05,-0.724599999999999,-0.393687868121798,0.445399999999999,0.7763121318782,2022,10,41,285,"NULL",2022-10-12,0.530268625494881,0.326544950083192,FALSE,FALSE
"2022-10-12 16:00:00",14.926325,14.8058,14.9250322073384,16.33,14.66,12.65168272,763.6,0,0,13.2111111111111,0.4048704,7.299194928,0.000104089223836735,-1.5242,-1.4049677926616,0.145799999999999,0.2650322073384,2022,10,41,285,"NULL",2022-10-12,0.530268625494881,0.326544950083192,FALSE,FALSE
"2022-10-12 17:00:00",12.008449,12.0222,12.2009966346763,15.4,13.66,11.81537733,222,0,0,13.1666666666667,0.263217,4.357285743,2.58400318816327e-05,-3.3778,-3.1990033653237,-1.6378,-1.4590033653237,2022,10,41,285,"NULL",2022-10-12,0.530268625494881,0.326544950083192,FALSE,FALSE
"2022-10-12 18:00:00",10.802962,10.8531,11.0070413197944,13.01,12.53,9.525812217,21.73,0,0,13.1444444444444,0.0782781,1.436272913,5.74148514285714e-07,-2.1569,-2.0029586802056,-1.6769,-1.5229586802056,2022,10,41,285,"NULL",2022-10-12,0.530268625494881,0.326544950083192,FALSE,FALSE
"2022-10-13 07:00:00",10.909925,10.9247,11.0880178496366,11.13,10.44,7.26315873,35.02,0,0,12.9777777777778,0.5193462,0.592215128,6.1583515755102e-06,-0.205300000000001,-0.0419821503634008,0.4847,0.6480178496366,2022,10,41,286,"NULL",2022-10-13,0.530268625494881,0.326544950083192,FALSE,FALSE
"2022-10-13 08:00:00",13.340948,13.253,13.2856994581044,12.55,11.85,8.599177427,409.4,0,0,12.9666666666667,0.6840814,5.206610626,3.46003510285714e-05,0.702999999999999,0.735699458104399,1.403,1.4356994581044,2022,10,41,286,"NULL",2022-10-13,0.530268625494881,0.326544950083192,FALSE,FALSE
"2022-10-13 09:00:00",14.550589,14.5417,14.5139299207414,13.55,12.86,9.325426235,673.1,0,0,12.9222222222222,0.4938267,10.41215473,5.93011510612245e-05,0.9917,0.9639299207414,1.6817,1.6539299207414,2022,10,41,286,"NULL",2022-10-13,0.530268625494881,0.326544950083192,FALSE,FALSE
"2022-10-13 10:00:00",15.167603,15.0505,15.0201193892279,14.07,13.94,9.891067166,960,0,0,12.8888888888889,0.5073123,10.12978004,6.65282504081633e-05,0.980499999999999,0.950119389227901,1.1105,1.0801193892279,2022,10,41,286,"NULL",2022-10-13,0.530268625494881,0.326544950083192,FALSE,FALSE
"2022-10-13 11:00:00",16.956003,16.7429,16.8340392874326,13.54,14.33,9.755280742,1338,0,0,12.8222222222222,0.5407842,8.331151752,3.25948568489796e-05,3.2029,3.2940392874326,2.4129,2.5040392874326,2022,10,41,286,"NULL",2022-10-13,0.530268625494881,0.326544950083192,FALSE,FALSE
"2022-10-13 12:00:00",17.826534,17.4996,17.4280699577119,14.14,14.97,10.05439462,1464,0,0,12.7888888888889,0.3985946,9.725568448,3.12520974326531e-05,3.3596,3.2880699577119,2.5296,2.4580699577119,2022,10,41,286,"NULL",2022-10-13,0.530268625494881,0.326544950083192,FALSE,FALSE
"2022-10-13 13:00:00",17.664122,17.2518,17.074674898078,16.48,16.26,12.25059569,1463,0,0,12.7777777777778,0.4805125,10.8292096,0.000150846278530612,0.771799999999999,0.594674898078001,0.991799999999998,0.814674898078,2022,10,41,286,"NULL",2022-10-13,0.530268625494881,0.326544950083192,FALSE,FALSE
"2022-10-13 14:00:00",17.563107,17.2382,17.2865139221595,16.03,16.37,11.54833047,1346,0,0,12.7222222222222,0.3979105,9.994572576,0.000104692738244898,1.2082,1.2565139221595,0.868199999999998,0.916513922159499,2022,10,41,286,"NULL",2022-10-13,0.530268625494881,0.326544950083192,FALSE,FALSE
"2022-10-13 15:00:00",17.572691,17.2895,17.522959899724,16.97,15.99,12.48559273,1111,0,0,12.6777777777778,0.4110312,8.082167443,9.32754534285714e-05,0.319500000000001,0.552959899724002,1.2995,1.532959899724,2022,10,41,286,"NULL",2022-10-13,0.530268625494881,0.326544950083192,FALSE,FALSE
"2022-10-13 16:00:00",16.83847,16.6939,17.0294669468993,17.91,15.73,13.48337036,797.8,0,0,12.5888888888889,0.3617356,5.840425374,9.04274215102041e-05,-1.2161,-0.880533053100699,0.963899999999999,1.2994669468993,2022,10,41,286,"NULL",2022-10-13,0.530268625494881,0.326544950083192,FALSE,FALSE
"2022-10-13 17:00:00",15.533322,15.4641,15.8433305715226,18.47,14.9,14.38086744,389.7,0,0,12.5444444444444,0.1947697,3.5708875,3.12871293469388e-05,-3.0059,-2.6266694284774,0.5641,0.943330571522599,2022,10,41,286,"NULL",2022-10-13,0.530268625494881,0.326544950083192,FALSE,FALSE
"2022-10-13 18:00:00",11.875885,11.9117,11.9904501795346,15.92,13.86,11.75024932,30.86,0,0,12.5111111111111,0.08219792,1.2037353,6.42126172244898e-07,-4.0083,-3.9295498204654,-1.9483,-1.8695498204654,2022,10,41,286,"NULL",2022-10-13,0.530268625494881,0.326544950083192,FALSE,FALSE
"2022-10-14 07:00:00",11.3928995,11.4524,11.4790190271201,11.66,11.42,7.608050372,32.29,0,0,12.3777777777778,0.231966,1.968332713,-2.11086095469388e-06,-0.207599999999999,-0.180980972879901,0.0324000000000009,0.0590190271200992,2022,10,41,287,"NULL",2022-10-14,0.530268625494881,0.326544950083192,FALSE,FALSE
"2022-10-14 08:00:00",12.985164,12.9676,12.9687581271682,12.79,12.26,8.39072644,279.4,0,0,12.3666666666667,0.2062479,5.980346253,7.19063609795918e-06,0.1776,0.178758127168201,0.707599999999999,0.708758127168201,2022,10,41,287,"NULL",2022-10-14,0.530268625494881,0.326544950083192,FALSE,FALSE
"2022-10-14 09:00:00",15.139173,15.1257,15.0384844572181,14.24,13.75,9.589656733,665.9,0,0,12.3222222222222,0.3161567,10.00134496,2.93844324408163e-05,0.8857,0.7984844572181,1.3757,1.2884844572181,2022,10,41,287,"NULL",2022-10-14,0.530268625494881,0.326544950083192,FALSE,FALSE
"2022-10-14 10:00:00",15.448705,15.3698,15.354322610215,13.94,14.07,9.245661733,647.6,0,0,12.3111111111111,0.4167344,10.31227267,4.32230196734694e-05,1.4298,1.414322610215,1.2998,1.284322610215,2022,10,41,287,"NULL",2022-10-14,0.530268625494881,0.326544950083192,FALSE,FALSE
"2022-10-14 11:00:00",15.705954,15.598,15.6137371806234,13.67,13.98,8.827626288,787.5,0,0,12.2666666666667,0.4500938,8.408876511,2.66006780897959e-05,1.928,1.9437371806234,1.618,1.6337371806234,2022,10,41,287,"NULL",2022-10-14,0.530268625494881,0.326544950083192,FALSE,FALSE
"2022-10-14 12:00:00",16.660671,16.4367,16.3381206148236,14.2,14.54,8.737479932,989,0,0,12.2555555555556,0.5598411,14.43806184,6.66816573469388e-05,2.2367,2.1381206148236,1.8967,1.7981206148236,2022,10,41,287,"NULL",2022-10-14,0.530268625494881,0.326544950083192,FALSE,FALSE
"2022-10-14 13:00:00",16.699423,16.4865,16.3591327467018,14.25,14.68,8.410215951,832,0,0,12.2333333333333,0.5000398,15.26549034,4.6661698122449e-05,2.2365,2.1091327467018,1.8065,1.6791327467018,2022,10,41,287,"NULL",2022-10-14,0.530268625494881,0.326544950083192,FALSE,FALSE
"2022-10-14 14:00:00",15.921631,15.7399,15.6941662100225,14.4,14.66,8.489327381,830,0,0,12.1888888888889,0.7516358,10.15762546,9.92521566938776e-05,1.3399,1.2941662100225,1.0799,1.0341662100225,2022,10,41,287,"NULL",2022-10-14,0.530268625494881,0.326544950083192,FALSE,FALSE
"2022-10-14 15:00:00",13.694995,13.5888,13.546988870882,13,13.25,6.93597638,378.9,0,0,12.1555555555556,0.4038219,6.097153472,2.08122309836735e-05,0.588800000000001,0.546988870882,0.338800000000001,0.296988870882,2022,10,41,287,"NULL",2022-10-14,0.530268625494881,0.326544950083192,FALSE,FALSE
"2022-10-14 16:00:00",12.831087,12.7565,12.7289275809678,12.4,12.48,6.146080385,208.2,0,0,12.1222222222222,0.3618351,3.2301894,1.93745867142857e-05,0.3565,0.3289275809678,0.2765,0.2489275809678,2022,10,41,287,"NULL",2022-10-14,0.530268625494881,0.326544950083192,FALSE,FALSE
"2022-10-14 17:00:00",12.224862,12.1876,12.2154621483376,12.1,12.07,5.793585161,104.5,0,0,12.1,0.101336,1.602323906,1.0081631644898e-05,0.0876000000000001,0.115462148337601,0.117599999999999,0.1454621483376,2022,10,41,287,"NULL",2022-10-14,0.530268625494881,0.326544950083192,FALSE,FALSE
"2022-10-14 18:00:00",12.210661,12.1944,12.2457033146793,12.03,11.83,6.298373198,7.751,0,0,12.0777777777778,0.1401602,0,1.29451169020408e-05,0.164400000000001,0.215703314679301,0.3644,0.4157033146793,2022,10,41,287,"NULL",2022-10-14,0.530268625494881,0.326544950083192,FALSE,FALSE
"2022-10-17 07:00:00",2.9214005,2.89461,2.94995671190904,4.473,4.418,0.1647914848,48.79,0,0,15.4777777777778,0.8124686,3.761816893,-2.57477515714286e-06,-1.57839,-1.52304328809096,-1.52339,-1.46804328809096,2022,10,42,290,"NULL",2022-10-17,0.530268625494881,0.326544950083192,FALSE,FALSE
"2022-10-17 09:00:00",8.098475,8.09429,8.16771734825656,7.749,7.23,3.139137998,771.5,0,0,15.4444444444444,0.5868202,4.868178152,3.02835097591837e-05,0.345290000000001,0.41871734825656,0.86429,0.937717348256559,2022,10,42,290,"NULL",2022-10-17,0.530268625494881,0.326544950083192,FALSE,FALSE
"2022-10-17 10:00:00",9.510839,9.39584,9.52293469322124,8.67,8.58,3.252718228,1112,0,0,15.4111111111111,0.5837322,9.49913849,5.89248992653061e-05,0.72584,0.85293469322124,0.81584,0.94293469322124,2022,10,42,290,"NULL",2022-10-17,0.530268625494881,0.326544950083192,FALSE,FALSE
"2022-10-17 13:00:00",9.258852,9.09774,9.11509581398293,7.289,7.49,1.23163407,506.2,0,0,15.3555555555556,0.6349326,8.786055214,1.4058128677551e-05,1.80874,1.82609581398293,1.60774,1.62509581398293,2022,10,42,290,"NULL",2022-10-17,0.530268625494881,0.326544950083192,FALSE,FALSE
"2022-10-17 14:00:00",10.207668,10.0771,10.0389424319465,9.34,9.46,2.864185165,1011,0,0,15.3333333333333,0.5502815,13.42967644,4.19576710612245e-05,0.7371,0.698942431946501,0.617099999999999,0.5789424319465,2022,10,42,290,"NULL",2022-10-17,0.530268625494881,0.326544950083192,FALSE,FALSE
"2022-10-17 15:00:00",11.492077,11.2944,11.2793814109544,9.2,9.1,2.753496764,959,0,0,15.3111111111111,0.465856,11.07749631,3.80592904204082e-05,2.0944,2.0793814109544,2.1944,2.1793814109544,2022,10,42,290,"NULL",2022-10-17,0.530268625494881,0.326544950083192,FALSE,FALSE
"2022-10-17 16:00:00",10.389692,10.2667,10.2387374303006,8.99,8.7,2.929182308,723.2,0,0,15.2888888888889,0.5804867,6.625324211,2.53023762e-05,1.2767,1.2487374303006,1.5667,1.5387374303006,2022,10,42,290,"NULL",2022-10-17,0.530268625494881,0.326544950083192,FALSE,FALSE
"2022-10-17 17:00:00",9.948116,9.90087,10.0399736157606,7.928,7.457,2.15905334,292.5,0,0,15.2666666666667,0.5150384,2.677119502,1.17038063061224e-05,1.97287,2.1119736157606,2.44387,2.5829736157606,2022,10,42,290,"NULL",2022-10-17,0.530268625494881,0.326544950083192,FALSE,FALSE
"2022-10-17 18:00:00",5.4612083,5.40909,5.41927493732749,6.572,6.486,1.338985131,17.18,0,0,15.2444444444444,0.7738557,0.4373594261,-2.43030620979592e-06,-1.16291,-1.15272506267251,-1.07691,-1.06672506267251,2022,10,42,290,"NULL",2022-10-17,0.530268625494881,0.326544950083192,FALSE,FALSE
"2022-10-18 11:00:00",8.603813,8.39607,8.25893365121167,7.595,8.07,2.898482103,1305,0,0,15,0.7828056,7.123517494,5.90709613469388e-05,0.80107,0.66393365121167,0.32607,0.18893365121167,2022,10,42,291,"NULL",2022-10-18,0.530268625494881,0.326544950083192,FALSE,FALSE
"2022-10-18 12:00:00",9.737379,9.4013,9.30720127522727,7.425,8.01,2.257516606,1395,0,0,15,0.8129038,10.57867547,6.69332442857143e-05,1.9763,1.88220127522727,1.3913,1.29720127522727,2022,10,42,291,"NULL",2022-10-18,0.530268625494881,0.326544950083192,FALSE,FALSE
"2022-10-18 13:00:00",10.665562,10.3711,10.2168684819326,8.01,8.48,2.829036223,1411,0,0,14.9777777777778,0.7074031,11.40644877,6.08011633061224e-05,2.3611,2.2068684819326,1.8911,1.7368684819326,2022,10,42,291,"NULL",2022-10-18,0.530268625494881,0.326544950083192,FALSE,FALSE
"2022-10-18 14:00:00",9.636877,9.39415,9.16655445823099,7.897,8.65,2.926453776,1297,0,0,14.9777777777778,0.8537306,7.022508637,4.74687967755102e-05,1.49715,1.26955445823099,0.744149999999999,0.51655445823099,2022,10,42,291,"NULL",2022-10-18,0.530268625494881,0.326544950083192,FALSE,FALSE
"2022-10-19 07:00:00",4.197051,4.25219,4.38202500747006,5.845,5.685,4.180926803,46.95,0,0,14.6777777777778,0.6742969,0.4287882175,2.03407905265306e-05,-1.59281,-1.46297499252994,-1.43281,-1.30297499252994,2022,10,42,292,"NULL",2022-10-19,0.530268625494881,0.326544950083192,FALSE,FALSE
"2022-10-19 08:00:00",6.912731,6.83425,6.82504010179535,7.755,7.193,5.393470074,390.7,0,0,14.6777777777778,0.5495741,1.433650628,1.69113091755102e-05,-0.92075,-0.92995989820465,-0.35875,-0.367959898204649,2022,10,42,292,"NULL",2022-10-19,0.530268625494881,0.326544950083192,FALSE,FALSE
"2022-10-19 09:00:00",10.419558,10.3996,10.2998167222912,9.29,8.77,6.304547866,772.2,0,0,14.6555555555556,0.5077016,3.847874526,2.75192575959184e-05,1.1096,1.0098167222912,1.6296,1.5298167222912,2022,10,42,292,"NULL",2022-10-19,0.530268625494881,0.326544950083192,FALSE,FALSE
"2022-10-19 10:00:00",11.764681,11.6635,11.7194202446127,10.23,10.22,6.949730862,1082,0,0,14.6222222222222,0.5415707,4.619766759,2.74279081918367e-05,1.4335,1.4894202446127,1.4435,1.4994202446127,2022,10,42,292,"NULL",2022-10-19,0.530268625494881,0.326544950083192,FALSE,FALSE
"2022-10-19 11:00:00",12.749043,12.5239,12.3858853460282,10.42,11.56,6.819622881,1291,0,0,14.6,0.4060538,6.739805463,1.85899213469388e-05,2.1039,1.9658853460282,0.963899999999999,0.825885346028199,2022,10,42,292,"NULL",2022-10-19,0.530268625494881,0.326544950083192,FALSE,FALSE
"2022-10-19 12:00:00",14.161257,13.8619,13.7935525385531,11.48,12.28,7.015117679,1400,0,0,14.5555555555556,0.4686826,8.018385718,5.84261546122449e-05,2.3819,2.3135525385531,1.5819,1.5135525385531,2022,10,42,292,"NULL",2022-10-19,0.530268625494881,0.326544950083192,FALSE,FALSE
"2022-10-19 13:00:00",14.587128,14.3105,14.3689133777316,11.78,12.7,7.317624492,1411,0,0,14.5333333333333,0.5775919,11.84891198,6.64419171836735e-05,2.5305,2.5889133777316,1.6105,1.6689133777316,2022,10,42,292,"NULL",2022-10-19,0.530268625494881,0.326544950083192,FALSE,FALSE
"2022-10-19 14:00:00",15.122612,14.8427,14.7557454584589,12.55,13.16,7.909177427,1287,0,0,14.5111111111111,0.322262,9.648311639,0.000127313325959184,2.2927,2.2057454584589,1.6827,1.5957454584589,2022,10,42,292,"NULL",2022-10-19,0.530268625494881,0.326544950083192,FALSE,FALSE
"2022-10-19 15:00:00",14.760455,14.5243,14.7190101694057,12.67,12.1,7.524551128,1070,0,0,14.4444444444444,0.3839329,7.353984419,0.00012839622155102,1.8543,2.0490101694057,2.4243,2.6190101694057,2022,10,42,292,"NULL",2022-10-19,0.530268625494881,0.326544950083192,FALSE,FALSE
"2022-10-19 16:00:00",14.428355,14.3132,14.6264435516953,13.29,11.39,8.843523939,746.4,0,0,14.4222222222222,0.2494432,5.124710631,6.03304421632653e-05,1.0232,1.3364435516953,2.9232,3.2364435516953,2022,10,42,292,"NULL",2022-10-19,0.530268625494881,0.326544950083192,FALSE,FALSE
"2022-10-19 17:00:00",12.179515,12.1429,12.4982588994961,11.89,10.13,9.598741256,335.3,0,0,14.3777777777778,0.3316091,2.817896355,-4.88348600816327e-06,0.252899999999999,0.6082588994961,2.0129,2.3682588994961,2022,10,42,292,"NULL",2022-10-19,0.530268625494881,0.326544950083192,FALSE,FALSE
"2022-10-19 18:00:00",9.37105,9.37494,9.37274562431947,10.24,9.58,7.428101705,18.01,0,0,14.3555555555556,0.08995122,0,3.65224981102041e-06,-0.86506,-0.867254375680531,-0.20506,-0.207254375680531,2022,10,42,292,"NULL",2022-10-19,0.530268625494881,0.326544950083192,FALSE,FALSE
"2022-10-20 07:00:00",8.729971,8.77209,8.94098535691677,9.31,9.04,5.660388662,44.82,0,0,14.1777777777778,0.09695123,2.201272178,-1.97852112489796e-06,-0.53791,-0.369014643083231,-0.267909999999999,-0.0990146430832297,2022,10,42,293,"NULL",2022-10-20,0.530268625494881,0.326544950083192,FALSE,FALSE
"2022-10-20 08:00:00",10.639825,10.4628,10.5425257056038,10.58,10.08,6.345661976,397.5,0,0,14.1666666666667,0.3865976,6.644611876,1.06852211877551e-05,-0.1172,-0.0374742943961994,0.3828,0.462525705603801,2022,10,42,293,"NULL",2022-10-20,0.530268625494881,0.326544950083192,FALSE,FALSE
"2022-10-20 09:00:00",12.739017,12.6653,12.5663138563217,11.28,10.85,6.976075246,785.4,0,0,14.1444444444444,0.5519396,11.09219958,2.96085831877551e-05,1.3853,1.2863138563217,1.8153,1.7163138563217,2022,10,42,293,"NULL",2022-10-20,0.530268625494881,0.326544950083192,FALSE,FALSE
"2022-10-20 10:00:00",13.58497,13.4774,13.4267034742093,11.76,11.79,7.589308986,1089,0,0,14.1111111111111,0.6945226,11.69483921,3.52780382408163e-05,1.7174,1.6667034742093,1.6874,1.6367034742093,2022,10,42,293,"NULL",2022-10-20,0.530268625494881,0.326544950083192,FALSE,FALSE
"2022-10-20 11:00:00",16.172068,15.9933,15.9491348763009,12.87,13.19,8.248624327,1269,0,0,14.0777777777778,0.3292251,17.2000796,0.000106103194285714,3.1233,3.0791348763009,2.8033,2.7591348763009,2022,10,42,293,"NULL",2022-10-20,0.530268625494881,0.326544950083192,FALSE,FALSE
"2022-10-20 12:00:00",14.811691,14.479,14.2191134005216,12.42,13.43,7.775088379,1383,0,0,14.0333333333333,0.5015438,15.44986132,7.1027896122449e-05,2.059,1.7991134005216,1.049,0.7891134005216,2022,10,42,293,"NULL",2022-10-20,0.530268625494881,0.326544950083192,FALSE,FALSE
"2022-10-20 13:00:00",16.153801,15.8544,15.6911887290775,14.03,14.25,9.159296961,1323,0,0,14.0333333333333,0.3545946,16.53497545,0.000131280937061224,1.8244,1.6611887290775,1.6044,1.4411887290775,2022,10,42,293,"NULL",2022-10-20,0.530268625494881,0.326544950083192,FALSE,FALSE
"2022-10-20 15:00:00",16.265408,16.0593,15.8986116077081,14.38,14.34,10.478034,1052,0,0,13.9222222222222,0.5760765,11.80595565,8.25784116734694e-05,1.6793,1.5186116077081,1.7193,1.5586116077081,2022,10,42,293,"NULL",2022-10-20,0.530268625494881,0.326544950083192,FALSE,FALSE
"2022-10-20 16:00:00",15.28389,15.18,15.0688249753108,14.46,13.84,10.98335296,723,0,0,13.9,0.529465,10.20437654,6.76566561632653e-05,0.719999999999999,0.608824975310799,1.34,1.2288249753108,2022,10,42,293,"NULL",2022-10-20,0.530268625494881,0.326544950083192,FALSE,FALSE
"2022-10-20 17:00:00",14.202588,14.1852,14.3878240966296,13.79,12.89,10.57066814,317.7,0,0,13.8666666666667,0.3572175,5.842964818,2.0782162122449e-05,0.395200000000001,0.597824096629601,1.2952,1.4978240966296,2022,10,42,293,"NULL",2022-10-20,0.530268625494881,0.326544950083192,FALSE,FALSE
"2022-10-20 18:00:00",12.028948,12.0417,12.1793180598111,12.08,11.71,8.274926148,14.22,0,0,13.8444444444444,0.3983207,0,2.50844811387755e-07,-0.0382999999999996,0.0993180598111003,0.3317,0.4693180598111,2022,10,42,293,"NULL",2022-10-20,0.530268625494881,0.326544950083192,FALSE,FALSE
"2022-10-21 08:00:00",11.044272,10.9335,10.9600046719506,10.58,10.44,4.135661976,377.9,0,0,13.6444444444444,0.8013974,3.653304851,-2.71129101714286e-05,0.3535,0.3800046719506,0.493500000000001,0.5200046719506,2022,10,42,294,"NULL",2022-10-21,0.530268625494881,0.326544950083192,FALSE,FALSE
"2022-10-21 10:00:00",13.813143,13.7581,13.7257633283533,11.76,12.14,4.039308986,1089,0,0,13.6222222222222,0.8278474,11.88399321,4.01229285795918e-05,1.9981,1.9657633283533,1.6181,1.5857633283533,2022,10,42,294,"NULL",2022-10-21,0.530268625494881,0.326544950083192,FALSE,FALSE
"2022-10-21 12:00:00",15.605055,15.3227,15.13793600314,13.12,13.8,7.824380625,1339,0,0,13.5777777777778,0.8029455,13.10827952,0.000110305459387755,2.2027,2.01793600314,1.5227,1.33793600314,2022,10,42,294,"NULL",2022-10-21,0.530268625494881,0.326544950083192,FALSE,FALSE
"2022-10-21 13:00:00",16.1069,15.7998,15.6966091311944,13.62,14.35,8.36660758,1367,0,0,13.5333333333333,0.8235893,12.35834349,8.89763051836735e-05,2.1798,2.0766091311944,1.4498,1.3466091311944,2022,10,42,294,"NULL",2022-10-21,0.530268625494881,0.326544950083192,FALSE,FALSE
"2022-10-25 07:00:00",5.053009,5.19566,5.33662981919931,5.827,5.403,8.849357668,34.31,0,0,16.1777777777778,0.3702642,1.056817593,3.49792686612245e-06,-0.63134,-0.49037018080069,-0.207339999999999,-0.06637018080069,2022,10,43,298,"NULL",2022-10-25,0.530268625494881,0.326544950083192,FALSE,FALSE
"2022-10-25 08:00:00",7.640003,7.5275,7.77196017548302,8.3,6.553,10.52355522,377.2,0,0,16.1666666666667,0.1593466,3.191163703,3.80921060204082e-06,-0.772500000000001,-0.528039824516981,0.9745,1.21896017548302,2022,10,43,298,"NULL",2022-10-25,0.530268625494881,0.326544950083192,FALSE,FALSE
"2022-10-25 09:00:00",10.935907,10.8602,11.0024062799119,10.5,8.9,11.96748249,776.5,0,0,16.1444444444444,0.200506,5.276332132,6.86161701632653e-07,0.360200000000001,0.5024062799119,1.9602,2.1024062799119,2022,10,43,298,"NULL",2022-10-25,0.530268625494881,0.326544950083192,FALSE,FALSE
"2022-10-25 10:00:00",12.401482,12.3542,12.4832360677116,12.28,10.95,13.1824931,1088,0,0,16.0777777777778,0.2627409,7.398929361,3.22644805183673e-05,0.0742000000000012,0.2032360677116,1.4042,1.5332360677116,2022,10,43,298,"NULL",2022-10-25,0.530268625494881,0.326544950083192,FALSE,FALSE
"2022-10-25 11:00:00",13.600449,13.4587,13.5325379301613,12,11.75,12.37050617,1293,0,0,16.0888888888889,0.3828521,9.446862542,0.000158990940367347,1.4587,1.5325379301613,1.7087,1.7825379301613,2022,10,43,298,"NULL",2022-10-25,0.530268625494881,0.326544950083192,FALSE,FALSE
"2022-10-25 12:00:00",14.604411,14.3639,14.6370842090603,11.97,11.63,10.71268762,1372,0,0,16.0444444444444,0.2377832,11.48859154,0.000130760839265306,2.3939,2.6670842090603,2.7339,3.0070842090603,2022,10,43,298,"NULL",2022-10-25,0.530268625494881,0.326544950083192,FALSE,FALSE
"2022-10-25 13:00:00",13.4086075,13.114,12.9696411638095,11.49,11.84,9.53412474,1379,0,0,15.9666666666667,0.3873887,13.47167828,0.000168773219142857,1.624,1.4796411638095,1.274,1.1296411638095,2022,10,43,298,"NULL",2022-10-25,0.530268625494881,0.326544950083192,FALSE,FALSE
"2022-10-25 14:00:00",13.0852585,12.8892,12.984584877567,10.15,10.67,8.932941421,1263,0,0,15.9555555555556,0.5095358,17.94021737,0.000101112837714286,2.7392,2.834584877567,2.2192,2.314584877567,2022,10,43,298,"NULL",2022-10-25,0.530268625494881,0.326544950083192,FALSE,FALSE
"2022-10-25 15:00:00",12.565749,12.3975,12.3039779316806,10.65,10.69,9.715582442,966,0,0,15.8888888888889,0.4525284,14.02564696,4.34649183673469e-05,1.7475,1.6539779316806,1.7075,1.6139779316806,2022,10,43,298,"NULL",2022-10-25,0.530268625494881,0.326544950083192,FALSE,FALSE
"2022-10-25 16:00:00",11.513159,11.3912,11.4893092198222,10.52,9.62,9.81449732,703.7,0,0,15.8777777777778,0.3468777,8.978489084,4.10913041632653e-05,0.8712,0.9693092198222,1.7712,1.8693092198222,2022,10,43,298,"NULL",2022-10-25,0.530268625494881,0.326544950083192,FALSE,FALSE
"2022-10-25 17:00:00",8.999923,9.00406,9.22988832063002,8.98,8.3,9.541408925,288.4,0,0,15.8333333333333,0.3150049,6.170220642,8.90094059183673e-05,0.0240600000000004,0.249888320630019,0.70406,0.929888320630019,2022,10,43,298,"NULL",2022-10-25,0.530268625494881,0.326544950083192,FALSE,FALSE
"2022-10-25 18:00:00",7.193928,7.30575,7.4380442956623,8.38,7.913,10.78339218,8.42,0,0,15.7888888888889,0.1245877,0,-3.60197618571429e-07,-1.07425,-0.941955704337701,-0.607250000000001,-0.474955704337701,2022,10,43,298,"NULL",2022-10-25,0.530268625494881,0.326544950083192,FALSE,FALSE
"2022-10-26 07:00:00",5.6755776,5.7754,5.90666031475526,6.534,6.326,8.963468967,32.2,0,0,15.6,0.2644625,0.4872813842,-1.77357461183673e-06,-0.758599999999999,-0.62733968524474,-0.550599999999999,-0.41933968524474,2022,10,43,299,"NULL",2022-10-26,0.530268625494881,0.326544950083192,FALSE,FALSE
"2022-10-26 08:00:00",6.3097897,6.21379,6.29205145780051,6.915,6.45,8.77198814,361.7,0,0,15.5666666666667,0.3350872,1.499060145,-1.9260255555102e-05,-0.70121,-0.62294854219949,-0.23621,-0.15794854219949,2022,10,43,299,"NULL",2022-10-26,0.530268625494881,0.326544950083192,FALSE,FALSE
"2022-10-26 09:00:00",8.2634115,8.14251,8.05418802309387,7.732,7.387,8.336872275,744.3,0,0,15.5555555555556,0.4298022,2.553719368,-1.2344719644898e-06,0.410509999999999,0.32218802309387,0.75551,0.66718802309387,2022,10,43,299,"NULL",2022-10-26,0.530268625494881,0.326544950083192,FALSE,FALSE
"2022-10-26 10:00:00",9.40934,9.25391,9.01607291509458,8.21,8.46,8.066580593,1041,0,0,15.5,0.4310186,7.067628673,3.06770745755102e-05,1.04391,0.80607291509458,0.793909999999999,0.55607291509458,2022,10,43,299,"NULL",2022-10-26,0.530268625494881,0.326544950083192,FALSE,FALSE
"2022-10-26 11:00:00",10.731682,10.5787,10.5135832523866,8.8,9.55,8.312277254,1224,0,0,15.4666666666667,0.5349585,10.59076957,4.69154270204082e-05,1.7787,1.7135832523866,1.0287,0.963583252386599,2022,10,43,299,"NULL",2022-10-26,0.530268625494881,0.326544950083192,FALSE,FALSE
"2022-10-26 12:00:00",11.781214,11.4935,11.3583986171533,8.72,9.55,8.240918759,1303,0,0,15.4444444444444,0.4640317,7.166647597,2.70025474734694e-05,2.7735,2.6383986171533,1.9435,1.8083986171533,2022,10,43,299,"NULL",2022-10-26,0.530268625494881,0.326544950083192,FALSE,FALSE
"2022-10-26 13:00:00",10.945648,10.617,10.5201593618799,8.86,9.98,8.308488691,1292,0,0,15.4111111111111,0.2438514,11.70778617,3.7826019477551e-05,1.757,1.6601593618799,0.637,0.540159361879899,2022,10,43,299,"NULL",2022-10-26,0.530268625494881,0.326544950083192,FALSE,FALSE
"2022-10-26 14:00:00",10.755231,10.502,10.4111795753463,8.97,9.85,8.65364017,1223,0,0,15.3666666666667,0.6764891,11.33119146,5.71101530612245e-05,1.532,1.4411795753463,0.652000000000001,0.5611795753463,2022,10,43,299,"NULL",2022-10-26,0.530268625494881,0.326544950083192,FALSE,FALSE
"2022-10-26 16:00:00",9.988438,9.89058,9.92160524955053,9.63,9.3,8.696415021,684.7,0,0,15.3222222222222,0.785884,10.83070721,4.95082680408163e-05,0.260579999999999,0.291605249550528,0.590579999999999,0.621605249550528,2022,10,43,299,"NULL",2022-10-26,0.530268625494881,0.326544950083192,FALSE,FALSE
"2022-10-27 07:00:00",0.9673799,0.961768,1.06309748071713,2.875,2.762,3.875859248,30.29,0,0,15.0888888888889,0.2249085,0.3577267334,4.21210421632653e-07,-1.913232,-1.81190251928287,-1.800232,-1.69890251928287,2022,10,43,300,"NULL",2022-10-27,0.530268625494881,0.326544950083192,FALSE,FALSE
"2022-10-27 08:00:00",2.4586825,2.24546,2.32227350307665,3.535,3.058,4.076297144,353.9,0,0,15.1,0.442499,1.656469845,1.44040429836735e-06,-1.28954,-1.21272649692335,-0.81254,-0.73572649692335,2022,10,43,300,"NULL",2022-10-27,0.530268625494881,0.326544950083192,FALSE,FALSE
"2022-10-27 09:00:00",4.1780386,4.06266,3.99936766402471,4.415,4.31,4.370576263,733.8,0,0,15.0666666666667,0.5573794,3.653312697,9.74299406530612e-06,-0.35234,-0.41563233597529,-0.247339999999999,-0.31063233597529,2022,10,43,300,"NULL",2022-10-27,0.530268625494881,0.326544950083192,FALSE,FALSE
"2022-10-27 10:00:00",4.8045697,4.65821,4.54678701501608,4.721,5.035,4.662485108,1030,0,0,15.0555555555556,0.5957938,4.223842245,1.51182845632653e-05,-0.0627899999999997,-0.17421298498392,-0.37679,-0.48821298498392,2022,10,43,300,"NULL",2022-10-27,0.530268625494881,0.326544950083192,FALSE,FALSE
"2022-10-27 11:00:00",6.449987,6.24807,6.04070432326353,5.272,5.986,5.388837986,1207,0,0,15.0333333333333,0.3323707,7.447149202,1.6655896044898e-05,0.97607,0.768704323263529,0.26207,0.0547043232635298,2022,10,43,300,"NULL",2022-10-27,0.530268625494881,0.326544950083192,FALSE,FALSE
"2022-10-27 12:00:00",7.116252,6.77962,6.53166654047758,5.985,6.703,6.501345278,1299,0,0,15.0222222222222,0.404864,7.704858413,3.81287442938776e-05,0.79462,0.54666654047758,0.0766200000000001,-0.17133345952242,2022,10,43,300,"NULL",2022-10-27,0.530268625494881,0.326544950083192,FALSE,FALSE
"2022-10-27 13:00:00",8.950123,8.63975,8.47706062419285,7.296,7.946,6.746549991,1306,0,0,14.9777777777778,0.3545934,10.65821588,2.29905908489796e-05,1.34375,1.18106062419285,0.69375,0.53106062419285,2022,10,43,300,"NULL",2022-10-27,0.530268625494881,0.326544950083192,FALSE,FALSE
"2022-10-27 14:00:00",8.073344,7.7723,7.45570644551923,7.662,8.16,7.576498461,1217,0,0,14.9555555555556,0.5925301,11.72052695,9.03571831836735e-05,0.110300000000001,-0.20629355448077,-0.3877,-0.70429355448077,2022,10,43,300,"NULL",2022-10-27,0.530268625494881,0.326544950083192,FALSE,FALSE
"2022-10-27 15:00:00",7.318545,7.05388,6.88722359955433,7.944,7.496,7.420734119,923,0,0,14.9555555555556,0.4907953,11.75745237,6.81677115510204e-05,-0.89012,-1.05677640044567,-0.44212,-0.60877640044567,2022,10,43,300,"NULL",2022-10-27,0.530268625494881,0.326544950083192,FALSE,FALSE
"2022-10-27 16:00:00",6.6281843,6.52561,6.67689128029171,7.273,6.494,7.170405486,682.6,0,0,14.9111111111111,0.6837644,6.842812557,5.89818435510204e-05,-0.747389999999999,-0.596108719708289,0.0316100000000006,0.18289128029171,2022,10,43,300,"NULL",2022-10-27,0.530268625494881,0.326544950083192,FALSE,FALSE
"2022-10-27 17:00:00",4.043848,4.02141,4.1517867364716,5.74,4.875,6.333619607,269.9,0,0,14.8777777777778,0.6379839,5.379618835,4.22513851020408e-05,-1.71859,-1.5882132635284,-0.85359,-0.7232132635284,2022,10,43,300,"NULL",2022-10-27,0.530268625494881,0.326544950083192,FALSE,FALSE
"2022-10-27 18:00:00",1.4758537,1.44664,1.44682453414702,3.64,3.552,5.295024549,6.682,0,0,14.8555555555556,0.7302253,0,1.88230635142857e-05,-2.19336,-2.19317546585298,-2.10536,-2.10517546585298,2022,10,43,300,"NULL",2022-10-27,0.530268625494881,0.326544950083192,FALSE,FALSE
"2022-10-28 07:00:00",1.0446545,1.07628,1.13741352308121,2.597,2.395,5.328451419,27.02,0,0,14.7222222222222,0.4112619,0.3094111267,-1.13103756857143e-05,-1.52072,-1.45958647691879,-1.31872,-1.25758647691879,2022,10,43,301,"NULL",2022-10-28,0.530268625494881,0.326544950083192,FALSE,FALSE
"2022-10-28 09:00:00",7.681202,7.64189,7.59019860879694,7.739,7.621,8.661921346,737.8,0,0,14.6888888888889,0.5610545,5.93051198,2.46210056367347e-05,-0.0971099999999998,-0.14880139120306,0.0208899999999996,-0.0308013912030605,2022,10,43,301,"NULL",2022-10-28,0.530268625494881,0.326544950083192,FALSE,FALSE
"2022-10-28 10:00:00",8.955902,8.85434,8.907096374617,7.484,8.11,8.719358244,1069,0,0,14.6555555555556,0.4962747,6.691215471,3.28152137306122e-05,1.37034,1.423096374617,0.744340000000001,0.797096374617,2022,10,43,301,"NULL",2022-10-28,0.530268625494881,0.326544950083192,FALSE,FALSE
"2022-10-28 11:00:00",10.449201,10.294,10.4741440039503,7.498,8.57,8.239308658,1252,0,0,14.6333333333333,0.4812243,9.886969934,7.00989726122449e-05,2.796,2.9761440039503,1.724,1.9041440039503,2022,10,43,301,"NULL",2022-10-28,0.530268625494881,0.326544950083192,FALSE,FALSE
"2022-10-28 12:00:00",11.550211,11.2707,11.3547441675318,8.99,8.68,8.359182308,1344,0,0,14.6,0.1120352,10.35512978,5.54497019183673e-05,2.2807,2.3647441675318,2.5907,2.6747441675318,2022,10,43,301,"NULL",2022-10-28,0.530268625494881,0.326544950083192,FALSE,FALSE
"2022-10-28 13:00:00",12.474504,12.1966,12.2758198389506,9.66,9.73,8.720667421,1347,0,0,14.5777777777778,0.4061944,6.538961578,9.85058896734694e-05,2.5366,2.6158198389506,2.4666,2.5458198389506,2022,10,43,301,"NULL",2022-10-28,0.530268625494881,0.326544950083192,FALSE,FALSE
"2022-10-29 07:00:00",9.477026,9.60337,9.88484773188828,9.83,9.08,11.91891411,26.37,0,0,14.3111111111111,0.101647,1.404234873,7.36020791836735e-08,-0.22663,0.0548477318882803,0.52337,0.80484773188828,2022,10,44,302,"NULL",2022-10-29,0.530268625494881,0.326544950083192,FALSE,FALSE
"2022-10-29 08:00:00",11.043512,10.7915,11.0240948127421,11.4,10.12,13.17324993,352.1,0,0,14.2888888888889,0.1379885,4.217881766,7.93134364489796e-07,-0.608500000000001,-0.375905187257901,0.6715,0.9040948127421,2022,10,44,302,"NULL",2022-10-29,0.530268625494881,0.326544950083192,FALSE,FALSE
"2022-10-29 09:00:00",13.601361,13.5569,13.490353333671,12.43,11.61,13.50460062,745,0,0,14.2555555555556,0.1818145,7.010566071,6.33938944081633e-05,1.1269,1.060353333671,1.9469,1.880353333671,2022,10,44,302,"NULL",2022-10-29,0.530268625494881,0.326544950083192,FALSE,FALSE
"2022-10-29 10:00:00",12.973781,12.9037,12.9020070699653,11.18,11.36,11.48733485,1064,0,0,14.2222222222222,0.3575603,9.672178754,5.28406370612245e-05,1.7237,1.7220070699653,1.5437,1.5420070699653,2022,10,44,302,"NULL",2022-10-29,0.530268625494881,0.326544950083192,FALSE,FALSE
"2022-10-29 11:00:00",13.308362,13.1058,12.917846757489,10.94,11.67,10.73646279,1245,0,0,14.2,0.4282237,13.6524531,3.8478999722449e-05,2.1658,1.977846757489,1.4358,1.247846757489,2022,10,44,302,"NULL",2022-10-29,0.530268625494881,0.326544950083192,FALSE,FALSE
"2022-10-29 12:00:00",13.214876,12.8687,12.7371743308602,10.72,11.53,10.20574967,1329,0,0,14.1777777777778,0.3972745,13.03024179,4.4132547755102e-05,2.1487,2.0171743308602,1.3387,1.2071743308602,2022,10,44,302,"NULL",2022-10-29,0.530268625494881,0.326544950083192,FALSE,FALSE
"2022-10-29 13:00:00",13.075012,12.7864,12.8732930895647,10.09,11.27,9.473055673,1322,0,0,14.1666666666667,0.4302004,10.67636202,2.34307670734694e-05,2.6964,2.7832930895647,1.5164,1.6032930895647,2022,10,44,302,"NULL",2022-10-29,0.530268625494881,0.326544950083192,FALSE,FALSE
"2022-10-29 14:00:00",14.133267,13.8768,13.9441624927199,11.16,11.93,10.38964891,1199,0,0,14.1222222222222,0.266515,10.06478039,9.17439221632653e-05,2.7168,2.7841624927199,1.9468,2.0141624927199,2022,10,44,302,"NULL",2022-10-29,0.530268625494881,0.326544950083192,FALSE,FALSE
"2022-10-29 15:00:00",13.908541,13.688,13.6565686536173,13.13,11.4,11.18428457,980,0,0,14.1,0.3983888,8.901805993,8.30192246938775e-05,0.558,0.5265686536173,2.288,2.2565686536173,2022,10,44,302,"NULL",2022-10-29,0.530268625494881,0.326544950083192,FALSE,FALSE
"2022-10-29 16:00:00",12.751848,12.665,12.8841002861411,12.74,10.67,11.29222234,674.2,0,0,14.0777777777778,0.5437273,7.469461874,0.000138626638897959,-0.0750000000000011,0.1441002861411,1.995,2.2141002861411,2022,10,44,302,"NULL",2022-10-29,0.530268625494881,0.326544950083192,FALSE,FALSE
"2022-10-29 17:00:00",11.863159,11.8061,12.3521709412271,13.13,8.89,11.27428457,260.5,0,0,14.0444444444444,0.1587703,3.342585756,2.23302063755102e-05,-1.3239,-0.7778290587729,2.9161,3.4621709412271,2022,10,44,302,"NULL",2022-10-29,0.530268625494881,0.326544950083192,FALSE,FALSE
"2022-10-29 18:00:00",7.151989,7.15639,7.21315257071231,8.32,7.499,7.65848759,5.365,0,0,14.0222222222222,0.1815124,0,-1.29634007428571e-06,-1.16361,-1.10684742928769,-0.34261,-0.285847429287689,2022,10,44,302,"NULL",2022-10-29,0.530268625494881,0.326544950083192,FALSE,FALSE
"2022-10-30 07:00:00",5.3385324,5.42707,5.68562369096756,6.714,6.199,7.734858535,20.08,0,0,13.9222222222222,0.157059,2.25688531,5.44535288979592e-06,-1.28693,-1.02837630903244,-0.77193,-0.51337630903244,2022,10,44,303,"NULL",2022-10-30,0.530268625494881,0.326544950083192,FALSE,FALSE
"2022-10-30 08:00:00",6.762165,6.75987,6.73716141424628,7.87,6.919,7.856804577,261.2,0,0,13.9111111111111,0.213042,6.878169625,8.45849277142857e-06,-1.11013,-1.13283858575372,-0.159129999999999,-0.181838585753719,2022,10,44,303,"NULL",2022-10-30,0.530268625494881,0.326544950083192,FALSE,FALSE
"2022-10-30 09:00:00",10.119327,10.0285,9.96403998911144,9.15,8.71,8.894187867,733.5,0,0,13.8888888888889,0.3818317,11.53587381,4.28089328163265e-05,0.878499999999999,0.814039989111439,1.3185,1.25403998911144,2022,10,44,303,"NULL",2022-10-30,0.530268625494881,0.326544950083192,FALSE,FALSE
"2022-10-30 10:00:00",11.66395,11.5207,11.4001435620774,9.81,9.72,9.102577536,902,0,0,13.8555555555556,0.4748867,13.47223519,7.0577595877551e-05,1.7107,1.5901435620774,1.8007,1.6801435620774,2022,10,44,303,"NULL",2022-10-30,0.530268625494881,0.326544950083192,FALSE,FALSE
"2022-10-30 11:00:00",12.204147,12.0625,12.1034293737814,10.3,10.68,9.098430448,1115,0,0,13.8222222222222,0.5152351,10.23936202,0.000107025067959184,1.7625,1.8034293737814,1.3825,1.4234293737814,2022,10,44,303,"NULL",2022-10-30,0.530268625494881,0.326544950083192,FALSE,FALSE
"2022-10-30 12:00:00",13.790644,13.5082,13.1034204249069,11.43,11.07,9.720161054,1263,0,0,13.7888888888889,0.1911583,10.5277771,0.000174353211877551,2.0782,1.6734204249069,2.4382,2.0334204249069,2022,10,44,303,"NULL",2022-10-30,0.530268625494881,0.326544950083192,FALSE,FALSE
"2022-10-30 13:00:00",13.814511,13.5774,13.7104675419716,10.68,10.92,8.88133813,1264,0,0,13.7777777777778,0.4187187,10.46324477,0.000127364810653061,2.8974,3.0304675419716,2.6574,2.7904675419716,2022,10,44,303,"NULL",2022-10-30,0.530268625494881,0.326544950083192,FALSE,FALSE
"2022-10-30 14:00:00",12.763331,12.563,12.258732977134,10.47,10.2,8.471997717,843,0,0,13.7222222222222,0.3798414,9.098412855,9.89831115102041e-05,2.093,1.788732977134,2.363,2.058732977134,2022,10,44,303,"NULL",2022-10-30,0.530268625494881,0.326544950083192,FALSE,FALSE
"2022-10-30 15:00:00",11.434614,11.2806,11.4336617411562,10.12,9.29,8.107976481,440.4,0,0,13.7222222222222,0.2012021,8.318708801,9.31894603673469e-05,1.1606,1.3136617411562,1.9906,2.1436617411562,2022,10,44,303,"NULL",2022-10-30,0.530268625494881,0.326544950083192,FALSE,FALSE
"2022-10-30 16:00:00",10.664047,10.595,10.7154474389101,9.64,9.05,8.524494367,534.7,0,0,13.6888888888889,0.2995103,6.378644687,4.3507312122449e-05,0.955,1.0754474389101,1.545,1.6654474389101,2022,10,44,303,"NULL",2022-10-30,0.530268625494881,0.326544950083192,FALSE,FALSE
"2022-10-30 17:00:00",7.9796915,7.94912,8.0523293775797,8.24,7.861,7.508865335,206.8,0,0,13.6666666666667,0.2550658,3.186649374,4.54395605306122e-06,-0.29088,-0.187670622420301,0.08812,0.1913293775797,2022,10,44,303,"NULL",2022-10-30,0.530268625494881,0.326544950083192,FALSE,FALSE
"2022-10-30 18:00:00",6.2212954,6.22633,6.260133613988,6.726,6.539,6.69299849,2.767,0,0,13.6444444444444,0.1333197,0,7.06121940816327e-06,-0.49967,-0.465866386012,-0.31267,-0.278866386012,2022,10,44,303,"NULL",2022-10-30,0.530268625494881,0.326544950083192,FALSE,FALSE
"2022-10-31 07:00:00",3.9329505,3.99481,4.03063767466005,5.367,5.062,5.667992631,22.45,0,0,13.5555555555556,0.1041723,1.305421012,3.97042496163265e-07,-1.37219,-1.33636232533995,-1.06719,-1.03136232533995,2022,10,44,304,"NULL",2022-10-31,0.530268625494881,0.326544950083192,FALSE,FALSE
"2022-10-31 08:00:00",7.0881805,6.89801,6.98268534172343,8.57,6.857,8.096658587,338.8,0,0,13.5444444444444,0.2928063,4.032026952,2.35120664367347e-05,-1.67199,-1.58731465827657,0.04101,0.12568534172343,2022,10,44,304,"NULL",2022-10-31,0.530268625494881,0.326544950083192,FALSE,FALSE
"2022-10-31 09:00:00",9.369929,9.31062,9.26627631359044,9.72,8.41,8.909301648,729.7,0,0,13.5555555555556,0.3047544,6.704927983,1.88194912285714e-05,-0.409380000000001,-0.45372368640956,0.90062,0.85627631359044,2022,10,44,304,"NULL",2022-10-31,0.530268625494881,0.326544950083192,FALSE,FALSE
"2022-10-31 10:00:00",10.962147,10.8725,10.7223508480413,9.61,10,8.940270677,1050,0,0,13.5111111111111,0.3263775,9.356923276,4.40393707346939e-05,1.2625,1.1123508480413,0.8725,0.7223508480413,2022,10,44,304,"NULL",2022-10-31,0.530268625494881,0.326544950083192,FALSE,FALSE
"2022-10-31 11:00:00",12.553096,12.3578,12.4494737955484,10.29,10.81,8.650029968,1228,0,0,13.4888888888889,0.3855899,11.47513389,0.000119043843755102,2.0678,2.1594737955484,1.5478,1.6394737955484,2022,10,44,304,"NULL",2022-10-31,0.530268625494881,0.326544950083192,FALSE,FALSE
"2022-10-31 12:00:00",13.308409,13.0596,12.9945886024664,11.01,10.94,9.267661555,1334,0,0,13.4444444444444,0.4719327,13.00995272,0.000161143451061224,2.0496,1.9845886024664,2.1196,2.0545886024664,2022,10,44,304,"NULL",2022-10-31,0.530268625494881,0.326544950083192,FALSE,FALSE
"2022-10-31 13:00:00",13.388132,13.0367,12.7473066091008,11.05,11.26,9.162745024,1328,0,0,13.4222222222222,0.3449135,13.23761626,8.5699954244898e-05,1.9867,1.6973066091008,1.7767,1.4873066091008,2022,10,44,304,"NULL",2022-10-31,0.530268625494881,0.326544950083192,FALSE,FALSE
"2022-10-31 14:00:00",14.284826,14.028,14.218460821453,11.42,11.32,9.771185447,1212,0,0,13.3777777777778,0.3333728,11.30007052,8.99335333469388e-05,2.608,2.798460821453,2.708,2.898460821453,2022,10,44,304,"NULL",2022-10-31,0.530268625494881,0.326544950083192,FALSE,FALSE
"2022-10-31 15:00:00",13.407008,13.1817,13.1379048264161,12.19,10.66,10.50781895,966,0,0,13.3555555555556,0.5725888,12.05563819,0.000104280814489796,0.9917,0.947904826416101,2.5217,2.4779048264161,2022,10,44,304,"NULL",2022-10-31,0.530268625494881,0.326544950083192,FALSE,FALSE
"2022-10-31 16:00:00",12.785046,12.6882,13.0043788280874,11.84,10.04,10.17269895,651.4,0,0,13.3222222222222,0.4740862,6.301469295,5.55177479183674e-05,0.8482,1.1643788280874,2.6482,2.9643788280874,2022,10,44,304,"NULL",2022-10-31,0.530268625494881,0.326544950083192,FALSE,FALSE
"2022-10-31 17:00:00",11.066145,11.0344,11.3972385335899,9.95,8.78,8.797340146,243.9,0,0,13.2888888888889,0.2327032,3.135110877,3.08091114204082e-06,1.0844,1.4472385335899,2.2544,2.6172385335899,2022,10,44,304,"NULL",2022-10-31,0.530268625494881,0.326544950083192,FALSE,FALSE
"2023-05-01 07:00:00",11.495184,11.1765,11.0286459547745,10.98,10.77,9.541402799,350.5,0,0,10.2888888888889,0.5364044,2.873020956,1.01706928693878e-05,0.1965,0.0486459547745,0.406500000000001,0.258645954774501,2023,5,18,121,"NULL",2023-05-01,0.818178278428351,0.33519752022519,FALSE,FALSE
"2023-05-01 08:00:00",13.027761,12.7294,12.4820060748019,11.29,11.23,9.754977825,744.8,0,0,10.2666666666667,0.8405603,5.090903104,2.69045828571429e-05,1.4394,1.1920060748019,1.4994,1.2520060748019,2023,5,18,121,"NULL",2023-05-01,0.818178278428351,0.33519752022519,FALSE,FALSE
"2023-05-01 09:00:00",13.722168,13.3121,13.0658185763845,11.72,11.85,10.12274182,1156,0,0,10.2444444444444,0.9517291,8.966870609,4.33063868163265e-05,1.5921,1.3458185763845,1.4621,1.2158185763845,2023,5,18,121,"NULL",2023-05-01,0.818178278428351,0.33519752022519,FALSE,FALSE
"2023-05-01 10:00:00",15.016551,14.424,13.8735920766757,11.5,11.76,9.973137052,1570,0,0,10.2555555555556,0.7444181,7.537732743,3.24851404163265e-05,2.924,2.3735920766757,2.664,2.1135920766757,2023,5,18,121,"NULL",2023-05-01,0.818178278428351,0.33519752022519,FALSE,FALSE
"2023-05-01 11:00:00",14.969648,14.3022,13.5837794864653,11.88,12.13,10.10952209,1345,0,0,10.2,0.8749176,9.300943616,2.86024895346939e-05,2.4222,1.7037794864653,2.1722,1.4537794864653,2023,5,18,121,"NULL",2023-05-01,0.818178278428351,0.33519752022519,FALSE,FALSE
"2023-05-01 12:00:00",16.377947,15.6498,15.204469003064,12.92,13.45,10.83749312,1976,0,0,10.2,1.127774,11.98918517,4.79016104489796e-05,2.7298,2.284469003064,2.1998,1.754469003064,2023,5,18,121,"NULL",2023-05-01,0.818178278428351,0.33519752022519,FALSE,FALSE
"2023-05-02 07:00:00",4.8511343,4.46779,4.25142528272265,5.322,5.18,4.229928928,354.7,0,0,9.98888888888889,0.5949911,1.435578074,2.25835475469388e-06,-0.85421,-1.07057471727735,-0.71221,-0.92857471727735,2023,5,18,122,"NULL",2023-05-02,0.818178278428351,0.33519752022519,FALSE,FALSE
"2023-05-02 08:00:00",8.593065,8.37696,8.05438199387202,6.669,6.565,5.194386503,798.8,0,0,9.98888888888889,0.6525356,5.605150796,7.11947189795918e-07,1.70796,1.38538199387202,1.81196,1.48938199387202,2023,5,18,122,"NULL",2023-05-02,0.818178278428351,0.33519752022519,FALSE,FALSE
"2023-05-02 09:00:00",10.657099,10.2601,9.90673361601378,8.46,8.62,6.993516446,1107,0,0,9.96666666666667,0.7556894,10.15849676,1.54344569714286e-05,1.8001,1.44673361601378,1.6401,1.28673361601378,2023,5,18,122,"NULL",2023-05-02,0.818178278428351,0.33519752022519,FALSE,FALSE
"2023-05-02 10:00:00",11.111022,10.5805,9.93647800764731,8.51,8.79,6.131240531,1482,0,0,9.93333333333333,0.8131822,7.610973414,1.06302490244898e-05,2.0705,1.42647800764731,1.7905,1.14647800764731,2023,5,18,122,"NULL",2023-05-02,0.818178278428351,0.33519752022519,FALSE,FALSE
"2023-05-02 11:00:00",12.103218,11.3706,10.9940969486718,9.09,9.62,6.637171237,1804,0,0,9.93333333333333,0.7285566,6.783091348,2.21141756081633e-05,2.2806,1.9040969486718,1.7506,1.3740969486718,2023,5,18,122,"NULL",2023-05-02,0.818178278428351,0.33519752022519,FALSE,FALSE
"2023-05-02 12:00:00",13.555666,12.8403,12.1778100554557,9.99,10.61,7.530304195,1932,0,0,9.94444444444444,0.9724098,9.719478329,7.09730476326531e-05,2.8503,2.1878100554557,2.2303,1.5678100554557,2023,5,18,122,"NULL",2023-05-02,0.818178278428351,0.33519752022519,FALSE,FALSE
"2023-05-02 13:00:00",13.954859,13.1378,12.7676992631232,10.57,11.32,8.457122002,1946,0,0,9.93333333333333,0.9786595,12.28641917,6.47489588163265e-05,2.5678,2.1976992631232,1.8178,1.4476992631232,2023,5,18,122,"NULL",2023-05-02,0.818178278428351,0.33519752022519,FALSE,FALSE
"2023-05-02 14:00:00",15.819494,15.1116,14.7532296573903,11.58,12.41,9.395424914,1831,0,0,9.91111111111111,0.9289739,13.7497757,8.79432599183673e-05,3.5316,3.1732296573903,2.7016,2.3432296573903,2023,5,18,122,"NULL",2023-05-02,0.818178278428351,0.33519752022519,FALSE,FALSE
"2023-05-02 15:00:00",15.321661,14.8151,14.5817038185916,12.14,12.75,10.26096816,1631,0,0,9.88888888888889,0.6672777,11.00782986,3.95664857673469e-05,2.6751,2.4417038185916,2.0651,1.8317038185916,2023,5,18,122,"NULL",2023-05-02,0.818178278428351,0.33519752022519,FALSE,FALSE
"2023-05-02 16:00:00",15.2486315,14.897,14.4442311210149,12.84,12.98,10.76937053,1310,0,0,9.9,0.8897303,9.749640183,3.4694746922449e-05,2.057,1.6042311210149,1.917,1.4642311210149,2023,5,18,122,"NULL",2023-05-02,0.818178278428351,0.33519752022519,FALSE,FALSE
"2023-05-02 17:00:00",14.359711,14.211,13.9791300498848,12.83,12.78,10.6296305,864,0,0,9.87777777777778,0.7918368,9.965211978,3.21389361877551e-05,1.381,1.1491300498848,1.431,1.1991300498848,2023,5,18,122,"NULL",2023-05-02,0.818178278428351,0.33519752022519,FALSE,FALSE
"2023-05-02 18:00:00",13.602872,13.5468,13.3995232432706,12.29,12.38,9.831928609,448.5,0,0,9.87777777777778,0.784639,7.455584496,2.66526007306122e-05,1.2568,1.1095232432706,1.1668,1.0195232432706,2023,5,18,122,"NULL",2023-05-02,0.818178278428351,0.33519752022519,FALSE,FALSE
"2023-05-03 07:00:00",6.3243084,6.0114,5.86362120483148,6.794,6.72,4.78923713,362.4,0,0,9.76666666666667,0.7882481,2.720345332,9.56604144489796e-06,-0.7826,-0.93037879516852,-0.7086,-0.85637879516852,2023,5,18,123,"NULL",2023-05-03,0.818178278428351,0.33519752022519,FALSE,FALSE
"2023-05-03 08:00:00",8.303108,8.08033,7.90557803094376,7.597,7.637,5.089912621,809,0,0,9.75555555555556,0.9768468,5.301211437,2.47926166489796e-05,0.48333,0.308578030943759,0.44333,0.26857803094376,2023,5,18,123,"NULL",2023-05-03,0.818178278428351,0.33519752022519,FALSE,FALSE
"2023-05-03 09:00:00",10.105984,9.66045,9.37826875110785,8.6,8.8,6.219428778,1122,0,0,9.76666666666667,1.092036,9.971816469,4.40885439591837e-05,1.06045,0.77826875110785,0.86045,0.578268751107849,2023,5,18,123,"NULL",2023-05-03,0.818178278428351,0.33519752022519,FALSE,FALSE
"2023-05-03 10:00:00",11.8323145,11.3738,11.0613072710238,9.55,9.95,6.871952266,1569,0,0,9.73333333333333,0.963567,10.8422335,4.78719707755102e-05,1.8238,1.5113072710238,1.4238,1.1113072710238,2023,5,18,123,"NULL",2023-05-03,0.818178278428351,0.33519752022519,FALSE,FALSE
"2023-05-03 11:00:00",13.281598,12.5581,11.9819123724393,10.29,10.73,7.740029968,1810,0,0,9.73333333333333,1.061936,9.035065955,3.74517508734694e-05,2.2681,1.6919123724393,1.8281,1.2519123724393,2023,5,18,123,"NULL",2023-05-03,0.818178278428351,0.33519752022519,FALSE,FALSE
"2023-05-03 13:00:00",14.876131,14.1347,13.7614476766858,11.51,12.07,9.702154618,1510,0,0,9.72222222222222,0.9644942,12.2181191,3.96232311469388e-05,2.6247,2.2514476766858,2.0647,1.6914476766858,2023,5,18,123,"NULL",2023-05-03,0.818178278428351,0.33519752022519,FALSE,FALSE
"2023-05-03 14:00:00",15.808336,15.1011,14.6892736522246,12.34,13.02,10.54918816,1714,0,0,9.7,0.7988466,11.06279702,3.68809212734694e-05,2.7611,2.3492736522246,2.0811,1.6692736522246,2023,5,18,123,"NULL",2023-05-03,0.818178278428351,0.33519752022519,FALSE,FALSE
"2023-05-03 15:00:00",15.651712,15.1027,14.7504626952977,12.65,13.27,11.26526664,1645,0,0,9.7,0.8582734,10.37994533,3.93402763428571e-05,2.4527,2.1004626952977,1.8327,1.4804626952977,2023,5,18,123,"NULL",2023-05-03,0.818178278428351,0.33519752022519,FALSE,FALSE
"2023-05-03 16:00:00",14.695172,14.2931,13.8772529639665,12.5,12.67,11.33134052,1321,0,0,9.67777777777778,0.9293696,7.660745152,3.15115681387755e-05,1.7931,1.3772529639665,1.6231,1.2072529639665,2023,5,18,123,"NULL",2023-05-03,0.818178278428351,0.33519752022519,FALSE,FALSE
"2023-05-03 17:00:00",12.156885,11.9599,11.7790671697349,11.53,11.47,10.08020552,689.7,0,0,9.67777777777778,1.058653,6.286228902,1.87880457183673e-05,0.4299,0.2490671697349,0.489899999999999,0.309067169734899,2023,5,18,123,"NULL",2023-05-03,0.818178278428351,0.33519752022519,FALSE,FALSE
"2023-05-03 18:00:00",10.730597,10.6363,10.5252522372186,10.66,10.71,8.984162632,411.5,0,0,9.65555555555556,1.048284,4.932795905,7.23757590204082e-06,-0.0236999999999998,-0.1347477627814,-0.0737000000000005,-0.1847477627814,2023,5,18,123,"NULL",2023-05-03,0.818178278428351,0.33519752022519,FALSE,FALSE
"2023-05-04 08:00:00",3.7435622,3.37318,3.10889287002102,3.43,3.499,3.18795372,812,0,0,9.56666666666667,0.6862425,5.325571916,5.97284523265306e-05,-0.0568200000000001,-0.32110712997898,-0.12582,-0.39010712997898,2023,5,18,124,"NULL",2023-05-04,0.818178278428351,0.33519752022519,FALSE,FALSE
"2023-05-04 09:00:00",6.2276177,5.82545,5.41254643665645,4.929,5.069,5.368115448,1122,0,0,9.53333333333333,0.8977204,7.529839325,2.94032357918367e-05,0.89645,0.48354643665645,0.75645,0.34354643665645,2023,5,18,124,"NULL",2023-05-04,0.818178278428351,0.33519752022519,FALSE,FALSE
"2023-05-04 10:00:00",7.446084,6.94116,6.51610628902788,5.762,6.065,6.007686244,1569,0,0,9.53333333333333,1.023146,9.665432801,3.51299147102041e-05,1.17916,0.75410628902788,0.87616,0.451106289027879,2023,5,18,124,"NULL",2023-05-04,0.818178278428351,0.33519752022519,FALSE,FALSE
"2023-05-04 11:00:00",8.5343075,7.69952,7.17121274087767,6.384,6.753,6.333321566,1811,0,0,9.5,1.076144,8.570605525,3.72172036367347e-05,1.31552,0.78721274087767,0.94652,0.41821274087767,2023,5,18,124,"NULL",2023-05-04,0.818178278428351,0.33519752022519,FALSE,FALSE
"2023-05-04 18:00:00",9.83615,9.75814,9.67416607277608,9.03,9.12,8.200322175,479.3,0,0,9.46666666666667,1.08359,7.682644781,2.17055733673469e-05,0.72814,0.644166072776081,0.63814,0.554166072776081,2023,5,18,124,"NULL",2023-05-04,0.818178278428351,0.33519752022519,FALSE,FALSE
"2023-05-05 07:00:00",-0.14863326,-0.554016,-0.740952438803525,1.491,1.459,3.066970604,372.6,0,0,9.35555555555556,0.9357332,2.148097261,1.47310370612245e-05,-2.045016,-2.23195243880353,-2.013016,-2.19995243880353,2023,5,18,125,"NULL",2023-05-05,0.818178278428351,0.33519752022519,FALSE,FALSE
"2023-05-05 08:00:00",1.6685321,1.35931,1.09339226724385,2.161,2.246,3.942404484,818,0,0,9.35555555555556,0.9481985,3.720032346,5.03054136326531e-05,-0.80169,-1.06760773275615,-0.88669,-1.15260773275615,2023,5,18,125,"NULL",2023-05-05,0.818178278428351,0.33519752022519,FALSE,FALSE
"2023-05-05 09:00:00",4.192592,3.75366,3.37291074548631,2.924,3.195,4.312109392,1129,0,0,9.34444444444444,0.8941543,7.141795985,6.7010912122449e-06,0.82966,0.44891074548631,0.55866,0.17791074548631,2023,5,18,125,"NULL",2023-05-05,0.818178278428351,0.33519752022519,FALSE,FALSE
"2023-05-05 10:00:00",5.994067,5.4187,4.98285391203059,4.253,4.649,4.815658907,1572,0,0,9.34444444444444,0.9972684,11.00626604,2.17859095306122e-05,1.1657,0.72985391203059,0.7697,0.33385391203059,2023,5,18,125,"NULL",2023-05-05,0.818178278428351,0.33519752022519,FALSE,FALSE
"2023-05-05 11:00:00",8.9622555,8.18162,7.83926927021347,5.754,6.236,6.282568909,1814,0,0,9.34444444444444,0.7999512,11.13195256,6.72245129387755e-05,2.42762,2.08526927021347,1.94562,1.60326927021347,2023,5,18,125,"NULL",2023-05-05,0.818178278428351,0.33519752022519,FALSE,FALSE
"2023-05-05 12:00:00",9.997532,9.17548,8.90282506216606,6.72,7.6,6.888927771,1943,0,0,9.34444444444444,1.040588,13.15815841,4.52314325306122e-05,2.45548,2.18282506216606,1.57548,1.30282506216606,2023,5,18,125,"NULL",2023-05-05,0.818178278428351,0.33519752022519,FALSE,FALSE
"2023-05-05 13:00:00",9.775692,9.10489,8.63429927046669,6.944,7.671,6.75191142,1961,0,0,9.33333333333333,0.833968,10.21678154,3.83569266693878e-05,2.16089,1.69029927046669,1.43389,0.963299270466689,2023,5,18,125,"NULL",2023-05-05,0.818178278428351,0.33519752022519,FALSE,FALSE
"2023-05-05 14:00:00",10.379027,9.66852,9.33200933022714,7.917,8.72,7.061029319,1846,0,0,9.34444444444444,0.9240699,13.20090068,4.10207835102041e-05,1.75152,1.41500933022714,0.948519999999998,0.612009330227139,2023,5,18,125,"NULL",2023-05-05,0.818178278428351,0.33519752022519,FALSE,FALSE
"2023-05-05 16:00:00",11.355809,10.9903,10.7144599032691,9.27,9.46,8.068725878,1335,0,0,9.33333333333333,0.9962406,11.3846998,2.15081937795918e-05,1.7203,1.4444599032691,1.5303,1.2544599032691,2023,5,18,125,"NULL",2023-05-05,0.818178278428351,0.33519752022519,FALSE,FALSE
"2023-05-05 18:00:00",9.610517,9.56845,9.50876866222684,8.53,8.58,7.556361782,487.4,0,0,9.3,0.9228239,7.888284957,2.53917734530612e-05,1.03845,0.978768662226841,0.98845,0.92876866222684,2023,5,18,125,"NULL",2023-05-05,0.818178278428351,0.33519752022519,FALSE,FALSE
"2023-05-06 07:00:00",4.923582,4.51017,4.29491395887671,5.375,5.152,7.012989867,380.9,0,0,9.22222222222222,0.7656409,2.719741782,3.50754192489796e-06,-0.86483,-1.08008604112329,-0.641830000000001,-0.85708604112329,2023,5,18,126,"NULL",2023-05-06,0.818178278428351,0.33519752022519,FALSE,FALSE
"2023-05-06 08:00:00",6.381345,6.02367,5.78168506874984,6.009,6.053,7.096923474,828,0,0,9.2,0.7282878,3.821112725,1.66514410979592e-05,0.0146699999999997,-0.22731493125016,-0.0293299999999999,-0.27131493125016,2023,5,18,126,"NULL",2023-05-06,0.818178278428351,0.33519752022519,FALSE,FALSE
"2023-05-06 09:00:00",8.703738,8.33761,8.00619696107974,6.703,6.952,7.27740212,1136,0,0,9.21111111111111,0.749283,9.30706627,1.07026456979592e-05,1.63461,1.30319696107974,1.38561,1.05419696107974,2023,5,18,126,"NULL",2023-05-06,0.818178278428351,0.33519752022519,FALSE,FALSE
"2023-05-06 10:00:00",9.603122,9.05324,8.64927110101036,7.347,7.616,7.362428829,1581,0,0,9.17777777777778,1.023133,11.97642952,4.41738424489796e-05,1.70624,1.30227110101036,1.43724,1.03327110101036,2023,5,18,126,"NULL",2023-05-06,0.818178278428351,0.33519752022519,FALSE,FALSE
"2023-05-06 11:00:00",12.45158,11.6745,11.4483177913955,8.68,9.27,8.530349213,1824,0,0,9.15555555555556,0.8965678,14.50503881,7.84995492653061e-05,2.9945,2.7683177913955,2.4045,2.1783177913955,2023,5,18,126,"NULL",2023-05-06,0.818178278428351,0.33519752022519,FALSE,FALSE
"2023-05-06 12:00:00",13.53097,12.5887,12.138570664202,9.79,10.58,9.796260275,1954,0,0,9.17777777777778,0.9410716,15.18070816,0.000134424511346939,2.7987,2.348570664202,2.0087,1.558570664202,2023,5,18,126,"NULL",2023-05-06,0.818178278428351,0.33519752022519,FALSE,FALSE
"2023-05-06 13:00:00",13.961477,13.0517,12.7026058190474,10.12,11.12,9.707976481,1968,0,0,9.14444444444444,0.8017873,11.59164596,5.72211988979592e-05,2.9317,2.5826058190474,1.9317,1.5826058190474,2023,5,18,126,"NULL",2023-05-06,0.818178278428351,0.33519752022519,FALSE,FALSE
"2023-05-06 14:00:00",13.77567,13.0349,12.7432445797777,10.58,11.48,9.435661976,1856,0,0,9.14444444444444,1.144443,15.57483906,6.09155265306123e-05,2.4549,2.1632445797777,1.5549,1.2632445797777,2023,5,18,126,"NULL",2023-05-06,0.818178278428351,0.33519752022519,FALSE,FALSE
"2023-05-06 15:00:00",14.372507,13.7898,13.5530411739384,10.78,11.37,10.13751863,1664,0,0,9.14444444444444,1.010446,11.85275734,5.90857619591837e-05,3.0098,2.7730411739384,2.4198,2.1830411739384,2023,5,18,126,"NULL",2023-05-06,0.818178278428351,0.33519752022519,FALSE,FALSE
"2023-05-06 16:00:00",14.015434,13.6742,13.3960645235623,12.21,12.45,11.4765973,1345,0,0,9.14444444444444,1.004423,13.24398901,4.86065323673469e-05,1.4642,1.1860645235623,1.2242,0.946064523562301,2023,5,18,126,"NULL",2023-05-06,0.818178278428351,0.33519752022519,FALSE,FALSE
"2023-05-06 17:00:00",12.765543,12.5249,12.2086060596085,11.75,11.7,11.18015922,944,0,0,9.14444444444444,0.9470201,7.617625712,2.07226491428571e-05,0.774900000000001,0.458606059608501,0.824900000000001,0.508606059608502,2023,5,18,126,"NULL",2023-05-06,0.818178278428351,0.33519752022519,FALSE,FALSE
"2023-05-06 18:00:00",12.306848,12.2236,12.1642686257628,11.11,11.29,10.63552441,495.7,0,0,9.15555555555556,0.9973849,6.607740964,2.50122552571429e-05,1.1136,1.0542686257628,0.9336,0.874268625762801,2023,5,18,126,"NULL",2023-05-06,0.818178278428351,0.33519752022519,FALSE,FALSE
"2023-05-07 07:00:00",7.2879233,6.92672,6.65772384214125,7.178,6.919,7.56395905,389.4,0,0,9.06666666666667,0.9211119,3.255103094,-7.39043427755102e-06,-0.25128,-0.52027615785875,0.00772000000000084,-0.26127615785875,2023,5,19,127,"NULL",2023-05-07,0.818178278428351,0.33519752022519,FALSE,FALSE
"2023-05-07 08:00:00",10.3640175,10.2098,9.8727793730217,8.45,8.31,8.445985161,839,0,0,9.03333333333333,0.9040657,5.118837426,5.5406094122449e-05,1.7598,1.4227793730217,1.8998,1.5627793730217,2023,5,19,127,"NULL",2023-05-07,0.818178278428351,0.33519752022519,FALSE,FALSE
"2023-05-07 09:00:00",12.746105,12.4044,12.0522523790231,9.69,9.77,9.394962942,1147,0,0,9.03333333333333,0.6532187,6.21328657,3.59950472204082e-05,2.7144,2.3622523790231,2.6344,2.2822523790231,2023,5,19,127,"NULL",2023-05-07,0.818178278428351,0.33519752022519,FALSE,FALSE
"2023-05-07 10:00:00",12.975008,12.3962,11.8383213719582,10.24,10.67,9.658101705,1595,0,0,9.04444444444444,0.6452007,6.975398769,4.2975899755102e-05,2.1562,1.5983213719582,1.7262,1.1683213719582,2023,5,19,127,"NULL",2023-05-07,0.818178278428351,0.33519752022519,FALSE,FALSE
"2023-05-07 11:00:00",16.03843,15.2518,14.7312150110152,11.37,12.09,10.41638586,1830,0,0,9.03333333333333,0.4205196,10.33963844,5.97059925714286e-05,3.8818,3.3612150110152,3.1618,2.6412150110152,2023,5,19,127,"NULL",2023-05-07,0.818178278428351,0.33519752022519,FALSE,FALSE
"2023-05-07 12:00:00",17.682896,16.782,16.3253572181003,13.27,14.37,11.94353891,1952,0,0,9.04444444444444,0.2683716,16.39168938,0.000282415104081633,3.512,3.0553572181003,2.412,1.9553572181003,2023,5,19,127,"NULL",2023-05-07,0.818178278428351,0.33519752022519,FALSE,FALSE
"2023-05-07 13:00:00",17.92632,16.972,16.6816203717303,14.87,15.86,13.00674668,1967,0,0,9.03333333333333,0.35213,19.00944294,0.000152679138938776,2.102,1.8116203717303,1.112,0.821620371730301,2023,5,19,127,"NULL",2023-05-07,0.818178278428351,0.33519752022519,FALSE,FALSE
"2023-05-07 14:00:00",16.961073,16.1257,15.8742327011218,14.07,15.28,12.87106717,1849,0,0,9.01111111111111,0.6457435,12.58279881,6.35750521632653e-05,2.0557,1.8042327011218,0.845699999999999,0.5942327011218,2023,5,19,127,"NULL",2023-05-07,0.818178278428351,0.33519752022519,FALSE,FALSE
"2023-05-07 15:00:00",17.087524,16.4482,15.9269787977007,14.9,15.77,13.60959654,1659,0,0,9.02222222222222,0.6777008,13.70855377,6.84811617142857e-05,1.5482,1.0269787977007,0.6782,0.156978797700701,2023,5,19,127,"NULL",2023-05-07,0.818178278428351,0.33519752022519,FALSE,FALSE
"2023-05-07 16:00:00",16.343761,15.9594,15.6314672634271,13.69,14.17,12.61807467,1319,0,0,9.02222222222222,0.6125007,6.976128927,4.14122488979592e-05,2.2694,1.9414672634271,1.7894,1.4614672634271,2023,5,19,127,"NULL",2023-05-07,0.818178278428351,0.33519752022519,FALSE,FALSE
"2023-05-07 17:00:00",16.07347,15.8825,15.8135005368312,13.8,13.74,12.36095978,944,0,0,9.01111111111111,0.6491266,7.98532687,4.00775957142857e-05,2.0825,2.0135005368312,2.1425,2.0735005368312,2023,5,19,127,"NULL",2023-05-07,0.818178278428351,0.33519752022519,FALSE,FALSE
"2023-05-07 18:00:00",14.488848,14.457,14.4460895393887,12.66,12.74,11.2549061,499.8,0,0,9.01111111111111,0.9208711,6.763013846,5.48705527755102e-05,1.797,1.7860895393887,1.717,1.7060895393887,2023,5,19,127,"NULL",2023-05-07,0.818178278428351,0.33519752022519,FALSE,FALSE
"2023-05-08 07:00:00",9.931152,9.59445,9.33357603960396,9.55,9.22,9.151952266,390.4,0,0,8.91111111111111,0.4570318,1.643324498,9.47593969795918e-06,0.0444499999999994,-0.216423960396041,0.37445,0.113576039603959,2023,5,19,128,"NULL",2023-05-08,0.818178278428351,0.33519752022519,FALSE,FALSE
"2023-05-08 08:00:00",12.825346,12.804,12.45815487073,10.27,10.21,9.693243843,841,0,0,8.9,0.4774956,3.773993937,1.99716416979592e-05,2.534,2.18815487073,2.594,2.24815487073,2023,5,19,128,"NULL",2023-05-08,0.818178278428351,0.33519752022519,FALSE,FALSE
"2023-05-08 09:00:00",14.450831,14.2188,14.0434534805399,11.3,11.39,10.8238856,1148,0,0,8.9,0.5534135,10.96463838,1.80908162734694e-05,2.9188,2.7434534805399,2.8288,2.6534534805399,2023,5,19,128,"NULL",2023-05-08,0.818178278428351,0.33519752022519,FALSE,FALSE
"2023-05-08 10:00:00",15.494619,15.0192,14.763820698387,12.08,12.43,11.71492615,1592,0,0,8.87777777777778,0.594601,13.29322999,4.72251326938775e-05,2.9392,2.683820698387,2.5892,2.333820698387,2023,5,19,128,"NULL",2023-05-08,0.818178278428351,0.33519752022519,FALSE,FALSE
"2023-05-08 11:00:00",17.52466,16.7082,16.4042319693095,12.97,13.55,12.9265028,1830,0,0,8.86666666666667,0.5799747,9.566827537,5.98738807755102e-05,3.7382,3.4342319693095,3.1582,2.8542319693095,2023,5,19,128,"NULL",2023-05-08,0.818178278428351,0.33519752022519,FALSE,FALSE
"2023-05-08 12:00:00",19.190674,18.2109,18.1235829074979,14.38,15.41,14.258034,1958,0,0,8.87777777777778,0.6371981,14.13521304,8.25073213061225e-05,3.8309,3.7435829074979,2.8009,2.7135829074979,2023,5,19,128,"NULL",2023-05-08,0.818178278428351,0.33519752022519,FALSE,FALSE
"2023-05-08 13:00:00",19.080404,18.194,17.7939618242131,15.23,16.44,14.77464821,1971,0,0,8.84444444444444,0.4803208,18.27125268,0.000115147753387755,2.964,2.5639618242131,1.754,1.3539618242131,2023,5,19,128,"NULL",2023-05-08,0.818178278428351,0.33519752022519,FALSE,FALSE
"2023-05-08 14:00:00",19.421965,18.6048,18.0501885568864,15.88,17.04,15.99387003,1856,0,0,8.85555555555555,0.7050896,12.23265835,6.48515943265306e-05,2.7248,2.1701885568864,1.5648,1.0101885568864,2023,5,19,128,"NULL",2023-05-08,0.818178278428351,0.33519752022519,FALSE,FALSE
"2023-05-08 15:00:00",17.261448,16.5734,16.2963070421109,15.74,16.62,16.27236054,1665,0,0,8.84444444444444,0.9393919,9.028975279,7.94601025306122e-05,0.833399999999999,0.5563070421109,-0.0466000000000015,-0.323692957889101,2023,5,19,128,"NULL",2023-05-08,0.818178278428351,0.33519752022519,FALSE,FALSE
"2023-05-08 16:00:00",16.709698,16.3706,16.0179318654883,15.63,16.04,15.94634881,1348,0,0,8.86666666666667,0.8296615,10.68823874,3.85686601714286e-05,0.740599999999999,0.3879318654883,0.3306,-0.0220681345116986,2023,5,19,128,"NULL",2023-05-08,0.818178278428351,0.33519752022519,FALSE,FALSE
"2023-05-08 17:00:00",15.384077,15.1737,14.6757136917272,15.09,15.11,14.3889457,946,0,0,8.85555555555555,0.7380169,6.822551736,2.91786707673469e-05,0.0837000000000003,-0.4142863082728,0.0637000000000008,-0.434286308272799,2023,5,19,128,"NULL",2023-05-08,0.818178278428351,0.33519752022519,FALSE,FALSE
"2023-05-08 18:00:00",14.109819,14.0495,14.0362942366615,14.4,14.8,13.38932738,499.4,0,0,8.84444444444444,0.5919858,7.945934123,4.32198113877551e-05,-0.3505,-0.363705763338501,-0.750500000000001,-0.763705763338502,2023,5,19,128,"NULL",2023-05-08,0.818178278428351,0.33519752022519,FALSE,FALSE
"2023-05-09 07:00:00",10.60799,10.2296,9.9454255792459,9.9,9.59,9.206244458,389.4,0,0,8.73333333333333,0.41752,2.015072549,1.5996556077551e-05,0.329599999999999,0.0454255792458991,0.6396,0.3554255792459,2023,5,19,129,"NULL",2023-05-09,0.818178278428351,0.33519752022519,FALSE,FALSE
"2023-05-09 08:00:00",13.391749,13.2162,12.9813610822719,10.93,10.85,9.967740566,839,0,0,8.72222222222222,0.5102558,4.181193347,1.86465185632653e-05,2.2862,2.0513610822719,2.3662,2.1313610822719,2023,5,19,129,"NULL",2023-05-09,0.818178278428351,0.33519752022519,FALSE,FALSE
"2023-05-09 09:00:00",14.241142,13.879,13.3999481476792,11.47,11.64,10.33611587,1146,0,0,8.7,0.6089038,8.238473462,2.95336011061225e-05,2.409,1.9299481476792,2.239,1.7599481476792,2023,5,19,129,"NULL",2023-05-09,0.818178278428351,0.33519752022519,FALSE,FALSE
"2023-05-09 10:00:00",14.929423,14.3721,13.6441681978172,11.9,12.31,10.79796578,1589,0,0,8.72222222222222,0.497079,8.915610634,3.8413746155102e-05,2.4721,1.7441681978172,2.0621,1.3341681978172,2023,5,19,129,"NULL",2023-05-09,0.818178278428351,0.33519752022519,FALSE,FALSE
"2023-05-09 11:00:00",17.113815,16.2963,15.9585453875567,12.5,13.2,11.38134052,1827,0,0,8.7,0.5033788,11.53578463,4.45757860408163e-05,3.7963,3.4585453875567,3.0963,2.7585453875567,2023,5,19,129,"NULL",2023-05-09,0.818178278428351,0.33519752022519,FALSE,FALSE
"2023-05-09 12:00:00",16.870893,15.9098,15.6648403762883,12.43,13.11,12.19460062,1955,0,0,8.68888888888889,0.7919801,12.70654239,7.03645325306123e-05,3.4798,3.2348403762883,2.7998,2.5548403762883,2023,5,19,129,"NULL",2023-05-09,0.818178278428351,0.33519752022519,FALSE,FALSE
"2023-05-09 13:00:00",17.400633,16.5129,16.1325133372161,13.08,13.87,12.53482173,1968,0,0,8.67777777777778,0.7896946,8.057890621,2.83991121387755e-05,3.4329,3.0525133372161,2.6429,2.2625133372161,2023,5,19,129,"NULL",2023-05-09,0.818178278428351,0.33519752022519,FALSE,FALSE
"2023-05-09 14:00:00",17.67626,16.8893,16.2838325390595,14.17,14.99,13.65591032,1851,0,0,8.68888888888889,1.000584,12.02474591,8.01219310204082e-05,2.7193,2.1138325390595,1.8993,1.2938325390595,2023,5,19,129,"NULL",2023-05-09,0.818178278428351,0.33519752022519,FALSE,FALSE
"2023-05-09 15:00:00",16.997387,16.4092,15.8568667823048,14.38,15.23,13.638034,1659,0,0,8.68888888888889,0.9302092,7.665835753,4.38526015510204e-05,2.0292,1.4768667823048,1.1792,0.6268667823048,2023,5,19,129,"NULL",2023-05-09,0.818178278428351,0.33519752022519,FALSE,FALSE
"2023-05-09 16:00:00",17.716354,17.3059,17.0052273986478,14.72,14.95,13.63333216,1343,0,0,8.7,1.084929,9.489422313,4.23112414693878e-05,2.5859,2.2852273986478,2.3559,2.0552273986478,2023,5,19,129,"NULL",2023-05-09,0.818178278428351,0.33519752022519,FALSE,FALSE
"2023-05-09 17:00:00",17.158657,16.9607,16.7194569370236,15.19,15.07,14.75003607,944,0,0,8.7,1.055674,8.306116424,3.53247726897959e-05,1.7707,1.5294569370236,1.8907,1.6494569370236,2023,5,19,129,"NULL",2023-05-09,0.818178278428351,0.33519752022519,FALSE,FALSE
"2023-05-09 18:00:00",16.1665,16.1221,16.2083727558178,14.14,14.25,13.80439462,499.5,0,0,8.68888888888889,1.049746,5.387865391,2.23572893755102e-05,1.9821,2.0683727558178,1.8721,1.9583727558178,2023,5,19,129,"NULL",2023-05-09,0.818178278428351,0.33519752022519,FALSE,FALSE
"2023-05-10 07:00:00",3.6684735,3.26652,3.01391198880758,4.202,3.98,5.065974473,437.7,0,0,8.57777777777778,0.8703601,4.00640851,7.5151082e-07,-0.93548,-1.18808801119242,-0.71348,-0.96608801119242,2023,5,19,130,"NULL",2023-05-10,0.818178278428351,0.33519752022519,FALSE,FALSE
"2023-05-10 08:00:00",3.3162742,2.93996,2.67728464536223,3.627,3.793,4.557732637,835,0,0,8.58888888888889,0.8595399,4.166737668,6.09117078367347e-06,-0.68704,-0.94971535463777,-0.85304,-1.11571535463777,2023,5,19,130,"NULL",2023-05-10,0.818178278428351,0.33519752022519,FALSE,FALSE
"2023-05-10 17:00:00",7.0134063,6.80744,6.50877444025221,6.704,6.883,7.61807977,946,0,0,8.53333333333333,1.143981,5.522044014,3.54381148163265e-05,0.10344,-0.19522555974779,-0.0755600000000003,-0.37422555974779,2023,5,19,130,"NULL",2023-05-10,0.818178278428351,0.33519752022519,FALSE,FALSE
"2023-05-10 18:00:00",6.390197,6.31316,6.17559467372313,6.369,6.813,7.113357053,501.4,0,0,8.52222222222222,0.9464922,5.101147433,2.4787218322449e-05,-0.0558399999999999,-0.19340532627687,-0.49984,-0.63740532627687,2023,5,19,130,"NULL",2023-05-10,0.818178278428351,0.33519752022519,FALSE,FALSE
"2023-05-11 07:00:00",5.858337,5.67106,5.30514576561748,7.673,5.344,7.194400287,405,0,0,8.41111111111111,0.4543584,5.59393585,2.83633093755102e-05,-2.00194,-2.36785423438252,0.327059999999999,-0.0388542343825202,2023,5,19,131,"NULL",2023-05-11,0.818178278428351,0.33519752022519,FALSE,FALSE
"2023-05-11 08:00:00",9.261456,9.32185,9.16580046440961,8.93,6.809,7.782611392,848,0,0,8.38888888888889,0.3771727,7.97371299,3.48344773591837e-05,0.39185,0.235800464409611,2.51285,2.35680046440961,2023,5,19,131,"NULL",2023-05-11,0.818178278428351,0.33519752022519,FALSE,FALSE
"2023-05-11 09:00:00",10.487526,10.1946,9.99301658225925,9.49,8.34,8.293805379,1154,0,0,8.4,0.5649827,9.004332378,3.95477063142857e-05,0.704599999999999,0.503016582259249,1.8546,1.65301658225925,2023,5,19,131,"NULL",2023-05-11,0.818178278428351,0.33519752022519,FALSE,FALSE
"2023-05-11 10:00:00",12.090688,11.5248,11.5925415456686,10.19,9.39,8.736296774,1591,0,0,8.41111111111111,0.6392107,9.532280551,7.08130364897959e-05,1.3348,1.4025415456686,2.1348,2.2025415456686,2023,5,19,131,"NULL",2023-05-11,0.818178278428351,0.33519752022519,FALSE,FALSE
"2023-05-11 11:00:00",12.837393,11.9587,11.3860561340559,10.73,10.88,9.174365179,1828,0,0,8.37777777777778,0.7232298,14.25259836,0.000104817767591837,1.2287,0.6560561340559,1.0787,0.5060561340559,2023,5,19,131,"NULL",2023-05-11,0.818178278428351,0.33519752022519,FALSE,FALSE
"2023-05-11 12:00:00",14.870171,13.8532,13.5341964574207,11.88,12.42,10.10952209,1950,0,0,8.38888888888889,0.6198981,18.03732574,0.000117858892571429,1.9732,1.6541964574207,1.4332,1.1141964574207,2023,5,19,131,"NULL",2023-05-11,0.818178278428351,0.33519752022519,FALSE,FALSE
"2023-05-11 13:00:00",16.133282,15.4344,15.6635349725254,11.35,12.38,9.73850258,1965,0,0,8.4,0.3758928,7.117225572,7.25959698367347e-05,4.0844,4.3135349725254,3.0544,3.2835349725254,2023,5,19,131,"NULL",2023-05-11,0.818178278428351,0.33519752022519,FALSE,FALSE
"2023-05-11 14:00:00",16.75581,15.8865,15.8632722443088,13.48,13.88,11.62452967,1852,0,0,8.4,0.5789598,10.66812529,8.97628996734694e-05,2.4065,2.3832722443088,2.0065,1.9832722443088,2023,5,19,131,"NULL",2023-05-11,0.818178278428351,0.33519752022519,FALSE,FALSE
"2023-05-11 15:00:00",16.078388,15.4505,15.257585708136,13.87,14.44,12.02316613,1657,0,0,8.37777777777778,0.4366724,8.085846237,0.000110930481387755,1.5805,1.387585708136,1.0105,0.817585708136001,2023,5,19,131,"NULL",2023-05-11,0.818178278428351,0.33519752022519,FALSE,FALSE
"2023-05-11 16:00:00",15.381395,14.951,15.0441001063533,12.74,12.86,10.94222234,1342,0,0,8.41111111111111,0.4890604,16.75214693,8.33980393061224e-05,2.211,2.3041001063533,2.091,2.1841001063533,2023,5,19,131,"NULL",2023-05-11,0.818178278428351,0.33519752022519,FALSE,FALSE
"2023-05-11 17:00:00",14.6150875,14.3794,14.3108083284799,11.75,11.78,10.26015922,950,0,0,8.41111111111111,0.49314,7.076148815,2.61596637632653e-05,2.6294,2.5608083284799,2.5994,2.5308083284799,2023,5,19,131,"NULL",2023-05-11,0.818178278428351,0.33519752022519,FALSE,FALSE
"2023-05-11 18:00:00",12.112307,12.0107,11.874619173989,10.47,10.66,9.141997717,507.5,0,0,8.41111111111111,0.5001901,3.472076515,1.19437503918367e-05,1.5407,1.404619173989,1.3507,1.214619173989,2023,5,19,131,"NULL",2023-05-11,0.818178278428351,0.33519752022519,FALSE,FALSE
"2023-05-12 07:00:00",9.519541,9.26399,8.78540962624395,10.32,8.28,9.025246255,412.2,0,0,8.3,0.17256,4.10618505,2.62686073387755e-05,-1.05601,-1.53459037375605,0.98399,0.505409626243951,2023,5,19,132,"NULL",2023-05-12,0.818178278428351,0.33519752022519,FALSE,FALSE
"2023-05-12 08:00:00",13.499182,13.6094,13.2542331923729,12.09,9.9,10.29425295,854,0,0,8.26666666666667,0.2693034,6.829012107,3.67286767142857e-05,1.5194,1.1642331923729,3.7094,3.3542331923729,2023,5,19,132,"NULL",2023-05-12,0.818178278428351,0.33519752022519,FALSE,FALSE
"2023-05-12 09:00:00",14.881124,14.617,14.7142756071004,12.43,11.18,10.17460062,1156,0,0,8.27777777777778,0.3864293,9.493847471,6.03817473061225e-05,2.187,2.2842756071004,3.437,3.5342756071004,2023,5,19,132,"NULL",2023-05-12,0.818178278428351,0.33519752022519,FALSE,FALSE
"2023-05-12 10:00:00",16.73283,16.2104,16.1946009875668,12.91,12.3,10.5377081,1593,0,0,8.26666666666667,0.5867034,12.17158712,7.08652650612245e-05,3.3004,3.2846009875668,3.9104,3.8946009875668,2023,5,19,132,"NULL",2023-05-12,0.818178278428351,0.33519752022519,FALSE,FALSE
"2023-05-12 11:00:00",17.378595,16.5003,16.5422331467929,13.81,13.82,11.4812573,1828,0,0,8.26666666666667,0.4125266,7.946079661,0.000191501921510204,2.6903,2.7322331467929,2.6803,2.7222331467929,2023,5,19,132,"NULL",2023-05-12,0.818178278428351,0.33519752022519,FALSE,FALSE
"2023-05-12 12:00:00",17.378927,16.4151,16.0509530880454,13.36,14.48,11.47365243,1955,0,0,8.27777777777778,0.4282615,9.779379763,3.66860891020408e-05,3.0551,2.6909530880454,1.9351,1.5709530880454,2023,5,19,132,"NULL",2023-05-12,0.818178278428351,0.33519752022519,FALSE,FALSE
"2023-05-12 13:00:00",18.808584,17.9607,18.1116058924818,14.76,15.54,13.23677363,1968,0,0,8.27777777777778,0.258637,11.72483773,0.000121753907469388,3.2007,3.3516058924818,2.4207,2.5716058924818,2023,5,19,132,"NULL",2023-05-12,0.818178278428351,0.33519752022519,FALSE,FALSE
"2023-05-12 14:00:00",18.378023,17.5632,17.6551449646755,14.96,15.72,13.48546386,1857,0,0,8.27777777777778,0.3919942,11.63500757,9.80927537959184e-05,2.6032,2.6951449646755,1.8432,1.9351449646755,2023,5,19,132,"NULL",2023-05-12,0.818178278428351,0.33519752022519,FALSE,FALSE
"2023-05-12 15:00:00",18.383251,17.7236,17.4896514952774,14.55,15.61,13.46980154,1664,0,0,8.28888888888889,0.8300095,11.74324138,7.71558999183673e-05,3.1736,2.9396514952774,2.1136,1.8796514952774,2023,5,19,132,"NULL",2023-05-12,0.818178278428351,0.33519752022519,FALSE,FALSE
"2023-05-12 16:00:00",17.233627,16.8572,16.5797103466613,15.13,15.57,14.10330654,1349,0,0,8.28888888888889,0.7317864,9.150929162,4.62477870204082e-05,1.7272,1.4497103466613,1.2872,1.0097103466613,2023,5,19,132,"NULL",2023-05-12,0.818178278428351,0.33519752022519,FALSE,FALSE
"2023-05-12 17:00:00",16.096615,15.8781,15.517907930921,14.31,14.43,13.11369763,956,0,0,8.27777777777778,0.6641787,9.403882776,2.83330814653061e-05,1.5681,1.207907930921,1.4481,1.087907930921,2023,5,19,132,"NULL",2023-05-12,0.818178278428351,0.33519752022519,FALSE,FALSE
"2023-05-12 18:00:00",15.537802,15.46,15.4608960547973,13.59,13.91,12.25606636,512.7,0,0,8.26666666666667,0.5482193,5.042292106,2.1731928844898e-05,1.87,1.8708960547973,1.55,1.5508960547973,2023,5,19,132,"NULL",2023-05-12,0.818178278428351,0.33519752022519,FALSE,FALSE
"2023-05-13 07:00:00",12.556576,12.2494,11.7297960507457,11.87,10.59,9.960308284,404.1,0,0,8.16666666666667,0.1039818,4.729556068,-3.51541657306122e-06,0.3794,-0.1402039492543,1.6594,1.1397960507457,2023,5,19,133,"NULL",2023-05-13,0.818178278428351,0.33519752022519,FALSE,FALSE
"2023-05-13 08:00:00",15.952484,15.8589,15.4188851966271,14.46,12.76,12.79335296,842,0,0,8.16666666666667,0.2217314,7.916593899,5.15923075102041e-05,1.3989,0.958885196627099,3.0989,2.6588851966271,2023,5,19,133,"NULL",2023-05-13,0.818178278428351,0.33519752022519,FALSE,FALSE
"2023-05-13 09:00:00",17.350769,17.0799,16.4984761819149,14.7,13.91,13.20164834,1146,0,0,8.16666666666667,0.3725178,11.03291345,5.7753496122449e-05,2.3799,1.7984761819149,3.1699,2.5884761819149,2023,5,19,133,"NULL",2023-05-13,0.818178278428351,0.33519752022519,FALSE,FALSE
"2023-05-13 10:00:00",19.067053,18.5967,18.091482897369,15.18,15.02,13.40889877,1575,0,0,8.15555555555556,0.4123424,14.18076345,0.000168807432122449,3.4167,2.911482897369,3.5767,3.071482897369,2023,5,19,133,"NULL",2023-05-13,0.818178278428351,0.33519752022519,FALSE,FALSE
"2023-05-13 11:00:00",19.3922,18.6102,18.2352833506369,15.51,15.84,14.64976805,1812,0,0,8.13333333333333,0.4078825,12.24874902,0.000133104195877551,3.1002,2.7252833506369,2.7702,2.3952833506369,2023,5,19,133,"NULL",2023-05-13,0.818178278428351,0.33519752022519,FALSE,FALSE
"2023-05-13 12:00:00",20.348194,19.4381,19.4165588260616,15.52,16.39,14.83111457,1948,0,0,8.13333333333333,0.8348826,13.20059011,7.72635935918367e-05,3.9181,3.8965588260616,3.0481,3.0265588260616,2023,5,19,133,"NULL",2023-05-13,0.818178278428351,0.33519752022519,FALSE,FALSE
"2023-05-13 13:00:00",18.745695,17.974,17.3899373730723,14.79,15.77,13.95941943,1953,0,0,8.13333333333333,0.9392748,10.14409214,4.31920964081633e-05,3.184,2.5999373730723,2.204,1.6199373730723,2023,5,19,133,"NULL",2023-05-13,0.818178278428351,0.33519752022519,FALSE,FALSE
"2023-05-13 14:00:00",18.888271,18.1655,17.7985804005976,15.25,16.12,14.12699208,1649,0,0,8.14444444444445,0.920737,10.84152256,5.87618691836735e-05,2.9155,2.5485804005976,2.0455,1.6785804005976,2023,5,19,133,"NULL",2023-05-13,0.818178278428351,0.33519752022519,FALSE,FALSE
"2023-05-13 15:00:00",19.3965,18.8839,18.2634713099187,15.89,16.85,14.68545509,1663,0,0,8.14444444444445,0.5052646,9.109786101,3.12936942e-05,2.9939,2.3734713099187,2.0339,1.4134713099187,2023,5,19,133,"NULL",2023-05-13,0.818178278428351,0.33519752022519,FALSE,FALSE
"2023-05-13 16:00:00",19.570303,19.2218,19.0174275835,16.17,16.62,14.80248952,1373,0,0,8.14444444444445,0.7949514,12.30607564,7.13108822040816e-05,3.0518,2.8474275835,2.6018,2.3974275835,2023,5,19,133,"NULL",2023-05-13,0.818178278428351,0.33519752022519,FALSE,FALSE
"2023-05-13 17:00:00",19.187977,18.9594,18.8133166113798,16.39,16.45,15.03306794,944,0,0,8.14444444444445,0.7618733,10.61062756,4.87655969795918e-05,2.5694,2.4233166113798,2.5094,2.3633166113798,2023,5,19,133,"NULL",2023-05-13,0.818178278428351,0.33519752022519,FALSE,FALSE
"2023-05-13 18:00:00",17.76892,17.6891,17.5235724570155,15.71,16.09,14.21791636,550.9,0,0,8.12222222222222,0.539217,6.294031424,3.19744443020408e-05,1.9791,1.8135724570155,1.5991,1.4335724570155,2023,5,19,133,"NULL",2023-05-13,0.818178278428351,0.33519752022519,FALSE,FALSE
"2023-05-14 07:00:00",9.293276,9.08836,8.85487903496999,8.94,8.57,4.720361655,398.5,0,0,8.05555555555556,0.9991519,2.896419356,2.03639360734694e-05,0.14836,-0.0851209650300095,0.518359999999999,0.28487903496999,2023,5,20,134,"NULL",2023-05-14,0.818178278428351,0.33519752022519,FALSE,FALSE
"2023-05-14 08:00:00",12.239379,12.1072,11.841677412575,10.81,10.63,6.313471505,828,0,0,8.04444444444444,0.7236911,5.375163808,2.50251770979592e-05,1.2972,1.031677412575,1.4772,1.211677412575,2023,5,20,134,"NULL",2023-05-14,0.818178278428351,0.33519752022519,FALSE,FALSE
"2023-05-14 09:00:00",15.717305,15.4506,15.3360988377099,12.12,12.32,7.802265823,1142,0,0,8.04444444444444,0.4842004,7.522861828,4.59567252653061e-05,3.3306,3.2160988377099,3.1306,3.0160988377099,2023,5,20,134,"NULL",2023-05-14,0.818178278428351,0.33519752022519,FALSE,FALSE
"2023-05-14 10:00:00",17.40218,16.9616,16.8219863614494,13.49,13.96,9.904640349,1571,0,0,8.02222222222222,0.7369323,9.117526809,5.34422610612245e-05,3.4716,3.3319863614494,3.0016,2.8619863614494,2023,5,20,134,"NULL",2023-05-14,0.818178278428351,0.33519752022519,FALSE,FALSE
"2023-05-14 11:00:00",17.783583,17.0184,16.605308181611,13.63,14.45,10.18679965,1806,0,0,8.03333333333333,0.5330785,7.968913176,5.53567085306122e-05,3.3884,2.975308181611,2.5684,2.155308181611,2023,5,20,134,"NULL",2023-05-14,0.818178278428351,0.33519752022519,FALSE,FALSE
"2023-05-14 13:00:00",20.43021,19.4593,19.3822744270847,15.58,16.45,10.55932802,2014,0,0,8.02222222222222,0.7614895,13.24505754,8.21675591428571e-05,3.8793,3.8022744270847,3.0093,2.9322744270847,2023,5,20,134,"NULL",2023-05-14,0.818178278428351,0.33519752022519,FALSE,FALSE
"2023-05-14 14:00:00",13.548854,13.3356,13.0262282241523,14.77,15.11,10.4276494,358.7,0,0,8.04444444444444,0.4544251,5.973807042,9.13336021632653e-05,-1.4344,-1.7437717758477,-1.7744,-2.0837717758477,2023,5,20,134,"NULL",2023-05-14,0.818178278428351,0.33519752022519,FALSE,FALSE
"2023-05-14 15:00:00",17.511034,16.9759,16.8440838089691,15.19,15.54,12.51003607,1228,0,0,8.03333333333333,0.4746961,7.743626471,5.38965460816327e-05,1.7859,1.6540838089691,1.4359,1.3040838089691,2023,5,20,134,"NULL",2023-05-14,0.818178278428351,0.33519752022519,FALSE,FALSE
"2023-05-14 16:00:00",14.976868,14.7723,14.5879691524651,15.64,15.76,11.72777223,904,0,0,8.02222222222222,0.5840278,8.043872801,2.54490298163265e-05,-0.867700000000001,-1.0520308475349,-0.9877,-1.1720308475349,2023,5,20,134,"NULL",2023-05-14,0.818178278428351,0.33519752022519,FALSE,FALSE
"2023-05-14 18:00:00",12.435226,12.3722,12.2848616393609,13.07,13.26,8.484946207,468,0,0,8.02222222222222,0.6357737,3.26152225,3.52389752897959e-05,-0.697800000000001,-0.785138360639101,-0.8878,-0.9751383606391,2023,5,20,134,"NULL",2023-05-14,0.818178278428351,0.33519752022519,FALSE,FALSE
"2023-05-15 07:00:00",10.126493,9.93432,9.79936536957788,10.04,9.68,5.031618885,399.8,0,0,7.93333333333333,1.149205,2.586408724,8.98049624489796e-06,-0.10568,-0.24063463042212,0.25432,0.11936536957788,2023,5,20,135,"NULL",2023-05-15,0.818178278428351,0.33519752022519,FALSE,FALSE
"2023-05-15 09:00:00",14.792425,14.5992,14.8186756476159,12.27,12.05,6.363063054,1154,0,0,7.93333333333333,0.8093082,10.04485845,6.32573834693878e-05,2.3292,2.5486756476159,2.5492,2.7686756476159,2023,5,20,135,"NULL",2023-05-15,0.818178278428351,0.33519752022519,FALSE,FALSE
"2023-05-15 10:00:00",16.083729,15.7055,15.649431462865,12.51,12.83,6.750896847,1571,0,0,7.94444444444444,0.961116,8.296648799,3.29803354040816e-05,3.1955,3.139431462865,2.8755,2.819431462865,2023,5,20,135,"NULL",2023-05-15,0.818178278428351,0.33519752022519,FALSE,FALSE
"2023-05-15 11:00:00",17.46487,16.8022,17.0179645184979,13.59,14.09,7.946066357,1817,0,0,7.93333333333333,1.095491,11.8970376,7.84697156326531e-05,3.2122,3.4279645184979,2.7122,2.9279645184979,2023,5,20,135,"NULL",2023-05-15,0.818178278428351,0.33519752022519,FALSE,FALSE
"2023-05-15 12:00:00",18.9565,18.2074,18.3114278063356,14.71,15.63,8.842487175,1962,0,0,7.93333333333333,0.7656174,10.77055967,7.09666055510204e-05,3.4974,3.6014278063356,2.5774,2.6814278063356,2023,5,20,135,"NULL",2023-05-15,0.818178278428351,0.33519752022519,FALSE,FALSE
"2023-05-15 13:00:00",19.221638,18.5021,18.2958516320174,15.09,15.74,9.748945703,1643,0,0,7.93333333333333,0.8433343,9.929812078,5.88430115918367e-05,3.4121,3.2058516320174,2.7621,2.5558516320174,2023,5,20,135,"NULL",2023-05-15,0.818178278428351,0.33519752022519,FALSE,FALSE
"2023-05-15 17:00:00",16.6367,16.5678,16.4217775670406,15.56,15.5,10.7865646,464.7,0,0,7.93333333333333,0.5373758,3.326579664,1.41701236285714e-05,1.0078,0.861777567040599,1.0678,0.9217775670406,2023,5,20,135,"NULL",2023-05-15,0.818178278428351,0.33519752022519,FALSE,FALSE
"2023-05-15 18:00:00",16.159178,16.0976,16.1623385784103,14.64,14.48,9.696744266,185.6,0,0,7.92222222222222,0.2198961,3.146621261,2.9706152922449e-06,1.4576,1.5223385784103,1.6176,1.6823385784103,2023,5,20,135,"NULL",2023-05-15,0.818178278428351,0.33519752022519,FALSE,FALSE
"2023-05-16 08:00:00",15.383341,15.3786,15.2947983034109,13.71,13.02,7.758546461,875,0,0,7.85555555555556,0.6978347,7.712930792,2.96822014204082e-05,1.6686,1.5847983034109,2.3586,2.2747983034109,2023,5,20,136,"NULL",2023-05-16,0.818178278428351,0.33519752022519,FALSE,FALSE
"2023-05-16 09:00:00",17.69955,17.4073,17.5349117444481,14.77,14.12,8.817649399,1164,0,0,7.85555555555556,0.6388253,16.24316392,0.000116234331061224,2.6373,2.7649117444481,3.2873,3.4149117444481,2023,5,20,136,"NULL",2023-05-16,0.818178278428351,0.33519752022519,FALSE,FALSE
"2023-05-16 10:00:00",19.2567,18.8038,19.0569255197387,15.39,15.43,9.244107274,1595,0,0,7.84444444444444,0.6021006,13.04938514,6.2439558244898e-05,3.4138,3.6669255197387,3.3738,3.6269255197387,2023,5,20,136,"NULL",2023-05-16,0.818178278428351,0.33519752022519,FALSE,FALSE
"2023-05-16 11:00:00",20.44481,19.8656,19.8305700640652,16.23,16.55,10.47323849,1945,0,0,7.84444444444444,0.7217636,14.74963873,9.98905446530612e-05,3.6356,3.6005700640652,3.3156,3.2805700640652,2023,5,20,136,"NULL",2023-05-16,0.818178278428351,0.33519752022519,FALSE,FALSE
"2023-05-16 12:00:00",16.0126,15.6252,15.4988377225191,16.79,17.59,11.55513189,1626,0,0,7.84444444444444,0.7043383,13.62984245,0.000138474032040816,-1.1648,-1.2911622774809,-1.9648,-2.0911622774809,2023,5,20,136,"NULL",2023-05-16,0.818178278428351,0.33519752022519,FALSE,FALSE
"2023-05-16 14:00:00",16.037292,15.9054,15.7536011420324,15.8,16.09,10.68142337,1201,0,0,7.83333333333333,0.3870378,5.389125337,8.53702528163265e-05,0.105399999999999,-0.0463988579676009,-0.1846,-0.3363988579676,2023,5,20,136,"NULL",2023-05-16,0.818178278428351,0.33519752022519,FALSE,FALSE
"2023-05-16 15:00:00",15.760603,15.4913,15.2352240080018,15.32,15.47,9.475394573,883,0,0,7.83333333333333,0.4959913,10.27164931,5.36534918367347e-05,0.1713,-0.0847759919981996,0.0213000000000001,-0.2347759919982,2023,5,20,136,"NULL",2023-05-16,0.818178278428351,0.33519752022519,FALSE,FALSE
"2023-05-16 17:00:00",12.183001,12.0772,11.9671182168089,12.66,12.81,6.584906101,187.6,0,0,7.82222222222222,0.5203917,2.668198659,1.74354436e-05,-0.582800000000001,-0.692881783191099,-0.732800000000001,-0.8428817831911,2023,5,20,136,"NULL",2023-05-16,0.818178278428351,0.33519752022519,FALSE,FALSE
"2023-05-16 18:00:00",11.759349,11.7241,11.7364340533286,12.7,12.58,7.36351962,133.8,0,0,7.82222222222222,0.3433751,1.575051441,2.02298773142857e-05,-0.975899999999999,-0.9635659466714,-0.8559,-0.843565946671401,2023,5,20,136,"NULL",2023-05-16,0.818178278428351,0.33519752022519,FALSE,FALSE
"2023-05-19 07:00:00",10.224421,10.0186,9.84467384948469,9.98,9.43,5.062055881,448.3,0,0,10.4888888888889,0.5082987,3.716006693,5.0379153755102e-05,0.0385999999999989,-0.13532615051531,0.5886,0.414673849484691,2023,5,20,139,"NULL",2023-05-19,0.818178278428351,0.33519752022519,FALSE,FALSE
"2023-05-19 08:00:00",11.668013,11.5718,11.3487670327416,10.63,10.38,5.808437167,882,0,0,10.4444444444444,0.5542276,5.110577378,5.95060992244898e-05,0.941799999999999,0.718767032741599,1.1918,0.968767032741599,2023,5,20,139,"NULL",2023-05-19,0.818178278428351,0.33519752022519,FALSE,FALSE
"2023-05-19 09:00:00",12.544874,12.419,12.1940555088501,10.91,10.93,6.610311439,1182,0,0,10.4222222222222,0.783507,8.489590837,7.21938511020408e-05,1.509,1.2840555088501,1.489,1.2640555088501,2023,5,20,139,"NULL",2023-05-19,0.818178278428351,0.33519752022519,FALSE,FALSE
"2023-05-19 10:00:00",13.750677,13.5175,13.0768787141374,11.46,11.73,7.667119301,1614,0,0,10.4,0.8293089,9.756402984,0.000104480564571429,2.0575,1.6168787141374,1.7875,1.3468787141374,2023,5,20,139,"NULL",2023-05-19,0.818178278428351,0.33519752022519,FALSE,FALSE
"2023-05-19 11:00:00",14.038872,13.6781,13.3382552834823,11.43,11.86,8.140161054,1872,0,0,10.3666666666667,0.6200167,7.652861392,7.71431382857143e-05,2.2481,1.9082552834823,1.8181,1.4782552834823,2023,5,20,139,"NULL",2023-05-19,0.818178278428351,0.33519752022519,FALSE,FALSE
"2023-05-19 12:00:00",15.548807,15.0463,14.522103937606,12.39,13.16,8.73658463,1935,0,0,10.3333333333333,0.5639296,14.02236741,6.56256850204082e-05,2.6563,2.132103937606,1.8863,1.362103937606,2023,5,20,139,"NULL",2023-05-19,0.818178278428351,0.33519752022519,FALSE,FALSE
"2023-05-19 13:00:00",16.995018,16.5239,16.5715516700008,13.28,14.12,10.63352856,2011,0,0,10.3111111111111,0.6910783,10.39530627,8.59858916326531e-05,3.2439,3.2915516700008,2.4039,2.4515516700008,2023,5,20,139,"NULL",2023-05-19,0.818178278428351,0.33519752022519,FALSE,FALSE
"2023-05-19 14:00:00",16.468258,15.972,15.6703513382796,13.85,14.44,11.32250627,1700,0,0,10.2888888888889,0.6135986,9.670635525,0.000105602743387755,2.122,1.8203513382796,1.532,1.2303513382796,2023,5,20,139,"NULL",2023-05-19,0.818178278428351,0.33519752022519,FALSE,FALSE
"2023-05-19 15:00:00",18.073015,17.6616,17.8183406143172,14.6,15.21,12.19359747,1717,0,0,10.2777777777778,0.5726339,12.70527273,0.000150124159265306,3.0616,3.2183406143172,2.4516,2.6083406143172,2023,5,20,139,"NULL",2023-05-19,0.818178278428351,0.33519752022519,FALSE,FALSE
"2023-05-19 16:00:00",17.626884,17.3882,17.1088852624649,14.38,14.86,11.988034,1331,0,0,10.2555555555556,0.4726329,14.01863485,7.31213996326531e-05,3.0082,2.7288852624649,2.5282,2.2488852624649,2023,5,20,139,"NULL",2023-05-19,0.818178278428351,0.33519752022519,FALSE,FALSE
"2023-05-19 17:00:00",16.837818,16.7098,16.5018654225013,15.24,15.37,12.83581699,1042,0,0,10.2444444444444,0.6116579,10.22983277,7.91387314693878e-05,1.4698,1.2618654225013,1.3398,1.1318654225013,2023,5,20,139,"NULL",2023-05-19,0.818178278428351,0.33519752022519,FALSE,FALSE
"2023-05-19 18:00:00",14.535828,14.4922,14.5069827277101,13.76,13.93,11.01982849,327.9,0,0,10.2222222222222,0.6283283,1.457760545,4.69529705714286e-05,0.732200000000001,0.746982727710099,0.562200000000001,0.576982727710099,2023,5,20,139,"NULL",2023-05-19,0.818178278428351,0.33519752022519,FALSE,FALSE
"2023-05-20 07:00:00",11.946988,11.6823,11.3902912005267,11.13,10.69,5.78315873,446.4,0,0,9.93333333333333,0.3147178,2.285741199,8.79348642857143e-06,0.552299999999999,0.2602912005267,0.9923,0.700291200526701,2023,5,20,140,"NULL",2023-05-20,0.818178278428351,0.33519752022519,FALSE,FALSE
"2023-05-20 08:00:00",13.902901,13.8139,13.7389611582386,11.99,11.72,6.951227942,889,0,0,9.92222222222222,0.3666752,3.152207513,6.1156287877551e-05,1.8239,1.7489611582386,2.0939,2.0189611582386,2023,5,20,140,"NULL",2023-05-20,0.818178278428351,0.33519752022519,FALSE,FALSE
"2023-05-20 09:00:00",15.046132,14.7819,14.5130363475222,12.28,12.51,8.812493101,1193,0,0,9.91111111111111,0.4088348,3.986572707,4.86705956326531e-05,2.5019,2.2330363475222,2.2719,2.0030363475222,2023,5,20,140,"NULL",2023-05-20,0.818178278428351,0.33519752022519,FALSE,FALSE
"2023-05-20 10:00:00",16.223934,15.8331,15.4920475627358,13.3,13.68,9.683525057,1616,0,0,9.87777777777778,0.5777345,9.762633003,5.79207395102041e-05,2.5331,2.1920475627358,2.1531,1.8120475627358,2023,5,20,140,"NULL",2023-05-20,0.818178278428351,0.33519752022519,FALSE,FALSE
"2023-05-20 11:00:00",18.496784,17.8463,17.8608590210428,14.12,14.6,11.11341406,1949,0,0,9.87777777777778,0.6938259,15.39529295,0.000178561968571429,3.7263,3.7408590210428,3.2463,3.2608590210428,2023,5,20,140,"NULL",2023-05-20,0.818178278428351,0.33519752022519,FALSE,FALSE
"2023-05-20 12:00:00",18.178831,17.6606,16.9011848876959,14.46,15.46,12.26335296,2034,0,0,9.82222222222222,0.5869125,12.69372734,0.000138951854081633,3.2006,2.4411848876959,2.2006,1.4411848876959,2023,5,20,140,"NULL",2023-05-20,0.818178278428351,0.33519752022519,FALSE,FALSE
"2023-05-20 13:00:00",18.648663,18.0638,17.9517335164974,15.02,16.06,12.68155518,2034,0,0,9.81111111111111,0.8455853,11.39189618,0.000103072661428571,3.0438,2.9317335164974,2.0038,1.8917335164974,2023,5,20,140,"NULL",2023-05-20,0.818178278428351,0.33519752022519,FALSE,FALSE
"2023-05-20 14:00:00",19.793808,19.1092,18.7181940619382,15.23,15.79,12.81464821,1844,0,0,9.8,0.4373604,14.46166452,6.16677324081633e-05,3.8792,3.4881940619382,3.3192,2.9281940619382,2023,5,20,140,"NULL",2023-05-20,0.818178278428351,0.33519752022519,FALSE,FALSE
"2023-05-20 15:00:00",18.15511,17.8053,17.5090404066749,14.92,15.23,12.66152746,906,0,0,9.8,0.5147774,5.726677557,3.24369550938775e-05,2.8853,2.5890404066749,2.5753,2.2790404066749,2023,5,20,140,"NULL",2023-05-20,0.818178278428351,0.33519752022519,FALSE,FALSE
"2023-05-20 16:00:00",18.94001,18.6391,18.3975249271986,15.63,16.01,13.28634881,1047,0,0,9.75555555555555,0.8001283,11.31798638,5.78118848979592e-05,3.0091,2.7675249271986,2.6291,2.3875249271986,2023,5,20,140,"NULL",2023-05-20,0.818178278428351,0.33519752022519,FALSE,FALSE
"2023-05-20 17:00:00",17.078571,16.9249,16.8639961054417,16.45,16.61,14.924693,1069,0,0,9.75555555555555,0.569626,8.99912548,0.000102006567102041,0.474900000000002,0.413996105441701,0.314900000000002,0.253996105441701,2023,5,20,140,"NULL",2023-05-20,0.818178278428351,0.33519752022519,FALSE,FALSE
"2023-05-20 18:00:00",15.830325,15.7353,15.6476922969791,15.98,16.2,14.71001378,566.6,0,0,9.7,0.6248685,4.831420437,3.97926753183673e-05,-0.2447,-0.3323077030209,-0.464699999999999,-0.552307703020899,2023,5,20,140,"NULL",2023-05-20,0.818178278428351,0.33519752022519,FALSE,FALSE
"2023-05-21 07:00:00",13.914316,13.6544,13.3192624572687,13.77,12.77,9.900102494,449.7,0,0,9.52222222222222,0.3295497,3.121848755,2.23729418612245e-05,-0.115599999999999,-0.4507375427313,0.884400000000001,0.5492624572687,2023,5,21,141,"NULL",2023-05-21,0.818178278428351,0.33519752022519,FALSE,FALSE
"2023-05-21 08:00:00",15.55765,15.4534,15.2501943050315,13.62,13.24,9.47660758,894,0,0,9.5,0.4482398,5.090231425,2.92692658489796e-05,1.8334,1.6301943050315,2.2134,2.0101943050315,2023,5,21,141,"NULL",2023-05-21,0.818178278428351,0.33519752022519,FALSE,FALSE
"2023-05-21 09:00:00",15.893166,15.5456,15.1252352105543,13.35,13.38,10.56361682,1196,0,0,9.46666666666667,0.7552711,11.51780841,5.69230691020408e-05,2.1956,1.7752352105543,2.1656,1.7452352105543,2023,5,21,141,"NULL",2023-05-21,0.818178278428351,0.33519752022519,FALSE,FALSE
"2023-05-21 10:00:00",16.822453,16.3011,15.7735078473576,13.28,13.71,10.09352856,1626,0,0,9.46666666666667,0.6954817,10.34227447,6.08496248571429e-05,3.0211,2.4935078473576,2.5911,2.0635078473576,2023,5,21,141,"NULL",2023-05-21,0.818178278428351,0.33519752022519,FALSE,FALSE
"2023-05-21 11:00:00",18.197184,17.5508,17.6121261401332,13.64,14.28,10.96699755,1881,0,0,9.45555555555556,0.6770387,10.49034326,5.2655729755102e-05,3.9108,3.9721261401332,3.2708,3.3321261401332,2023,5,21,141,"NULL",2023-05-21,0.818178278428351,0.33519752022519,FALSE,FALSE
"2023-05-21 12:00:00",19.076593,18.2389,17.7322839077258,14.28,15.21,11.70192969,2007,0,0,9.41111111111111,0.2216915,11.59755386,5.34355028571429e-05,3.9589,3.4522839077258,3.0289,2.5222839077258,2023,5,21,141,"NULL",2023-05-21,0.818178278428351,0.33519752022519,FALSE,FALSE
"2023-05-21 13:00:00",18.604929,17.8474,17.4633581879416,15.33,16.37,13.61662023,2022,0,0,9.4,0.6548119,11.91758115,0.000261001228489796,2.5174,2.1333581879416,1.4774,1.0933581879416,2023,5,21,141,"NULL",2023-05-21,0.818178278428351,0.33519752022519,FALSE,FALSE
"2023-05-21 14:00:00",19.64271,18.956,18.6582290116735,16.37,17.28,14.01924625,1933,0,0,9.4,0.8673484,13.44689575,7.34227282857143e-05,2.586,2.2882290116735,1.676,1.3782290116735,2023,5,21,141,"NULL",2023-05-21,0.818178278428351,0.33519752022519,FALSE,FALSE
"2023-05-21 15:00:00",19.205946,18.7293,18.3273306525537,16.35,17.15,14.41545118,1728,0,0,9.38888888888889,0.7417665,9.669548825,4.9831385755102e-05,2.3793,1.9773306525537,1.5793,1.1773306525537,2023,5,21,141,"NULL",2023-05-21,0.818178278428351,0.33519752022519,FALSE,FALSE
"2023-05-21 16:00:00",17.514408,17.1375,16.7838647286724,16.3,17.13,14.84607984,1408,0,0,9.36666666666667,0.5570346,7.655923359,4.07974548938776e-05,0.837499999999999,0.483864728672398,0.00750000000000028,-0.346135271327601,2023,5,21,141,"NULL",2023-05-21,0.818178278428351,0.33519752022519,FALSE,FALSE
"2023-05-21 17:00:00",17.183294,16.9481,16.7662612797853,16.54,16.87,14.50258181,1014,0,0,9.34444444444444,0.9298862,8.840653965,7.47922500408163e-06,0.408100000000001,0.226261279785302,0.0780999999999992,-0.1037387202147,2023,5,21,141,"NULL",2023-05-21,0.818178278428351,0.33519752022519,FALSE,FALSE
"2023-05-21 18:00:00",15.700099,15.6227,15.5579671266871,15.53,15.64,13.28246748,442.8,0,0,9.34444444444444,0.7124031,3.540788809,3.25872493102041e-05,0.0927000000000007,0.0279671266871002,-0.0173000000000005,-0.082032873312901,2023,5,21,141,"NULL",2023-05-21,0.818178278428351,0.33519752022519,FALSE,FALSE
"2023-05-22 07:00:00",13.859675,13.5383,13.2049739155757,13.18,12.55,10.01388976,437.4,0,0,9.18888888888889,0.2516164,3.124137335,1.41947825632653e-05,0.3583,0.0249739155756998,0.988299999999999,0.654973915575699,2023,5,21,142,"NULL",2023-05-22,0.818178278428351,0.33519752022519,FALSE,FALSE
"2023-05-22 08:00:00",15.7779665,15.5808,15.353650330455,13.47,13.25,10.55442477,899,0,0,9.16666666666667,0.4915211,5.17915499,3.9780217644898e-05,2.1108,1.883650330455,2.3308,2.103650330455,2023,5,21,142,"NULL",2023-05-22,0.818178278428351,0.33519752022519,FALSE,FALSE
"2023-05-22 09:00:00",17.158878,16.8892,16.7515904408599,13.99,14.17,12.02762194,1199,0,0,9.15555555555556,0.6467085,8.068598352,4.66900731428571e-05,2.8992,2.7615904408599,2.7192,2.5815904408599,2023,5,21,142,"NULL",2023-05-22,0.818178278428351,0.33519752022519,FALSE,FALSE
"2023-05-22 10:00:00",17.330479,16.897,16.3590870350206,14.05,14.42,12.22017015,1620,0,0,9.14444444444444,0.7629287,11.2060448,3.76173645959184e-05,2.847,2.3090870350206,2.477,1.9390870350206,2023,5,21,142,"NULL",2023-05-22,0.818178278428351,0.33519752022519,FALSE,FALSE
"2023-05-22 11:00:00",18.399742,17.6744,17.3603314096883,14.54,15.19,12.58906067,1879,0,0,9.12222222222222,0.7019273,10.60518704,5.96362019591837e-05,3.1344,2.8203314096883,2.4844,2.1703314096883,2023,5,21,142,"NULL",2023-05-22,0.818178278428351,0.33519752022519,FALSE,FALSE
"2023-05-22 12:00:00",19.672829,18.8434,18.354414793244,14.95,16.01,12.56447043,2001,0,0,9.11111111111111,0.6284486,12.77156469,6.60290702857143e-05,3.8934,3.404414793244,2.8334,2.344414793244,2023,5,21,142,"NULL",2023-05-22,0.818178278428351,0.33519752022519,FALSE,FALSE
"2023-05-22 13:00:00",18.764135,18.1055,17.3494076346509,15.3,16.34,13.09296225,2016,0,0,9.1,0.9496022,12.46774589,9.30472863265306e-05,2.8055,2.0494076346509,1.7655,1.0094076346509,2023,5,21,142,"NULL",2023-05-22,0.818178278428351,0.33519752022519,FALSE,FALSE
"2023-05-22 14:00:00",19.697598,18.9213,18.4838040971361,16.15,16.95,14.77895931,1905,0,0,9.08888888888889,0.7067329,11.24911558,5.15793908163265e-05,2.7713,2.3338040971361,1.9713,1.5338040971361,2023,5,21,142,"NULL",2023-05-22,0.818178278428351,0.33519752022519,FALSE,FALSE
"2023-05-22 15:00:00",19.079433,18.4614,18.0224350611532,16.97,17.77,15.85559273,1713,0,0,9.08888888888889,1.060723,11.68656115,8.84386026938775e-05,1.4914,1.0524350611532,0.691400000000002,0.2524350611532,2023,5,21,142,"NULL",2023-05-22,0.818178278428351,0.33519752022519,FALSE,FALSE
"2023-05-22 16:00:00",18.286388,17.8262,17.4470136689372,16.85,17.64,15.55837348,1401,0,0,9.07777777777778,1.049082,9.65878638,4.66150535510204e-05,0.976199999999999,0.597013668937198,0.186199999999999,-0.192986331062801,2023,5,21,142,"NULL",2023-05-22,0.818178278428351,0.33519752022519,FALSE,FALSE
"2023-05-22 17:00:00",17.8519,17.6143,17.2838001848522,17.08,17.33,15.54140983,1004,0,0,9.06666666666667,0.7417505,7.417685162,3.88636552897959e-05,0.534300000000002,0.203800184852202,0.284300000000002,-0.0461998151477978,2023,5,21,142,"NULL",2023-05-22,0.818178278428351,0.33519752022519,FALSE,FALSE
"2023-05-22 18:00:00",17.017208,16.9681,16.9001500189917,17.01,17.11,15.67488467,563.6,0,0,9.04444444444444,1.010863,7.751211786,5.30295315102041e-05,-0.0419000000000018,-0.109849981008303,-0.1419,-0.209849981008301,2023,5,21,142,"NULL",2023-05-22,0.818178278428351,0.33519752022519,FALSE,FALSE
"2023-05-23 07:00:00",14.695158,14.564,13.9410698589552,14.58,13.08,12.15206077,454.5,0,0,8.9,0.2380978,2.954541519,2.53523096040816e-05,-0.016,-0.638930141044801,1.484,0.861069858955199,2023,5,21,143,"NULL",2023-05-23,0.818178278428351,0.33519752022519,FALSE,FALSE
"2023-05-23 08:00:00",16.457357,16.3715,16.2040837330025,14.41,14.04,12.31998315,891,0,0,8.85555555555556,0.4228137,4.846783132,2.71804496653061e-05,1.9615,1.7940837330025,2.3315,2.1640837330025,2023,5,21,143,"NULL",2023-05-23,0.818178278428351,0.33519752022519,FALSE,FALSE
"2023-05-23 09:00:00",17.458012,17.1189,16.819079881492,15.13,15.13,13.17330654,1189,0,0,8.86666666666667,0.5814399,9.205229001,8.15964159591837e-05,1.9889,1.689079881492,1.9889,1.689079881492,2023,5,21,143,"NULL",2023-05-23,0.818178278428351,0.33519752022519,FALSE,FALSE
"2023-05-23 10:00:00",18.994621,18.5394,18.2735586589349,14.83,15.38,13.30303359,1610,0,0,8.85555555555556,0.495404,6.375824322,3.67268109061224e-05,3.7094,3.4435586589349,3.1594,2.8935586589349,2023,5,21,143,"NULL",2023-05-23,0.818178278428351,0.33519752022519,FALSE,FALSE
"2023-05-23 11:00:00",19.879475,19.1015,18.9502019903269,15.42,16.34,13.74793651,1862,0,0,8.82222222222222,0.6007084,10.18117671,7.81901096326531e-05,3.6815,3.5302019903269,2.7615,2.6102019903269,2023,5,21,143,"NULL",2023-05-23,0.818178278428351,0.33519752022519,FALSE,FALSE
"2023-05-23 12:00:00",19.420631,18.499,18.1085417816718,15.67,16.69,14.54208109,1985,0,0,8.82222222222222,0.6364498,8.119521643,4.30302339591837e-05,2.829,2.4385417816718,1.809,1.4185417816718,2023,5,21,143,"NULL",2023-05-23,0.818178278428351,0.33519752022519,FALSE,FALSE
"2023-05-23 13:00:00",19.523304,18.5061,18.3540409029906,16.54,17.74,15.25258181,1996,0,0,8.8,0.8434635,11.03299979,7.41924377142857e-05,1.9661,1.8140409029906,0.766100000000002,0.614040902990602,2023,5,21,143,"NULL",2023-05-23,0.818178278428351,0.33519752022519,FALSE,FALSE
"2023-05-23 14:00:00",19.311909,18.4879,18.190907282672,16.92,17.96,16.10413186,1885,0,0,8.8,0.4831752,11.35376218,6.0535074e-05,1.5679,1.270907282672,0.527899999999999,0.230907282672,2023,5,21,143,"NULL",2023-05-23,0.818178278428351,0.33519752022519,FALSE,FALSE
"2023-05-23 15:00:00",18.954937,18.2923,17.7614908384189,17.18,17.96,16.70560258,1700,0,0,8.78888888888889,0.8387868,11.86266697,6.9437313877551e-05,1.1123,0.581490838418901,0.3323,-0.1985091615811,2023,5,21,143,"NULL",2023-05-23,0.818178278428351,0.33519752022519,FALSE,FALSE
"2023-05-23 16:00:00",18.751202,18.3309,17.843651274974,17.08,17.67,16.80140983,1393,0,0,8.78888888888889,0.8548486,10.3612721,3.71736792408163e-05,1.2509,0.763651274974002,0.660899999999998,0.173651274973999,2023,5,21,143,"NULL",2023-05-23,0.818178278428351,0.33519752022519,FALSE,FALSE
"2023-05-23 17:00:00",17.8613,17.6066,17.2600518751108,17.28,17.58,16.89048692,1004,0,0,8.77777777777778,0.8680078,8.520456685,4.44710339183674e-05,0.326599999999999,-0.0199481248892006,0.026600000000002,-0.319948124889198,2023,5,21,143,"NULL",2023-05-23,0.818178278428351,0.33519752022519,FALSE,FALSE
"2023-05-23 18:00:00",16.804455,16.7081,16.552019379099,16.88,16.95,16.55508615,566.8,0,0,8.76666666666667,0.7084858,6.232760691,3.74268472285714e-05,-0.171899999999997,-0.327980620900998,-0.241899999999998,-0.397980620900999,2023,5,21,143,"NULL",2023-05-23,0.818178278428351,0.33519752022519,FALSE,FALSE
"2023-05-24 07:00:00",12.704195,12.4423,12.1426800562153,12.57,11.51,9.99835091,457.4,0,0,8.61111111111111,0.4709077,4.739965411,2.37058238040816e-05,-0.127700000000001,-0.427319943784701,0.9323,0.6326800562153,2023,5,21,144,"NULL",2023-05-24,0.818178278428351,0.33519752022519,FALSE,FALSE
"2023-05-24 08:00:00",14.48908,14.4182,14.276098759211,12.88,12.31,10.23838683,885,0,0,8.6,0.5014578,8.27530487,4.91635820408163e-05,1.5382,1.396098759211,2.1082,1.966098759211,2023,5,21,144,"NULL",2023-05-24,0.818178278428351,0.33519752022519,FALSE,FALSE
"2023-05-24 09:00:00",16.294424,16.0041,15.8611260135221,13.55,13.47,10.84542624,1191,0,0,8.6,0.6862956,10.11310448,3.08202904285714e-05,2.4541,2.3111260135221,2.5341,2.3911260135221,2023,5,21,144,"NULL",2023-05-24,0.818178278428351,0.33519752022519,FALSE,FALSE
"2023-05-24 10:00:00",16.160465,15.6919,15.1281796687853,12.64,13.21,9.825632736,1608,0,0,8.57777777777778,0.3974011,10.6267234,3.04204207510204e-05,3.0519,2.4881796687853,2.4819,1.9181796687853,2023,5,21,144,"NULL",2023-05-24,0.818178278428351,0.33519752022519,FALSE,FALSE
"2023-05-24 11:00:00",16.380268,15.6373,15.0490956243195,13.09,13.88,10.27470292,1861,0,0,8.56666666666667,0.6361603,11.77424254,5.41503775918367e-05,2.5473,1.9590956243195,1.7573,1.1690956243195,2023,5,21,144,"NULL",2023-05-24,0.818178278428351,0.33519752022519,FALSE,FALSE
"2023-05-24 12:00:00",17.522406,16.7135,16.179644663341,13.2,14.16,11.28377177,1985,0,0,8.54444444444444,0.6656082,11.15983775,3.95780663877551e-05,3.5135,2.979644663341,2.5535,2.019644663341,2023,5,21,144,"NULL",2023-05-24,0.818178278428351,0.33519752022519,FALSE,FALSE
"2023-05-24 13:00:00",18.455997,17.66,17.3194788204907,14.38,15.52,12.798034,2001,0,0,8.53333333333333,0.8304629,15.14664464,8.91123159591837e-05,3.28,2.9394788204907,2.14,1.7994788204907,2023,5,21,144,"NULL",2023-05-24,0.818178278428351,0.33519752022519,FALSE,FALSE
"2023-05-24 14:00:00",18.43305,17.7319,17.2408660682181,14.72,15.66,13.67333216,1893,0,0,8.54444444444444,0.794001,13.06129399,5.50336537959184e-05,3.0119,2.5208660682181,2.0719,1.5808660682181,2023,5,21,144,"NULL",2023-05-24,0.818178278428351,0.33519752022519,FALSE,FALSE
"2023-05-24 15:00:00",18.337965,17.6915,17.3527600162062,14.88,15.44,13.12769043,1707,0,0,8.52222222222222,1.088721,11.26442673,5.47006704081633e-05,2.8115,2.4727600162062,2.2515,1.9127600162062,2023,5,21,144,"NULL",2023-05-24,0.818178278428351,0.33519752022519,FALSE,FALSE
"2023-05-24 16:00:00",18.185627,17.7826,17.2769289534324,15.81,16.41,13.6329565,1397,0,0,8.52222222222222,0.7159383,9.565018116,4.2167081755102e-05,1.9726,1.4669289534324,1.3726,0.866928953432399,2023,5,21,144,"NULL",2023-05-24,0.818178278428351,0.33519752022519,FALSE,FALSE
"2023-05-24 17:00:00",18.206686,17.9893,17.691722144286,15.96,16.14,13.86673286,1006,0,0,8.51111111111111,0.9164436,10.33333791,4.49098373469388e-05,2.0293,1.731722144286,1.8493,1.551722144286,2023,5,21,144,"NULL",2023-05-24,0.818178278428351,0.33519752022519,FALSE,FALSE
"2023-05-24 18:00:00",17.149998,17.0808,16.9511642500823,15.51,15.6,13.68976805,564.6,0,0,8.51111111111111,1.04763,5.490691814,3.30313152367347e-05,1.5708,1.4411642500823,1.4808,1.3511642500823,2023,5,21,144,"NULL",2023-05-24,0.818178278428351,0.33519752022519,FALSE,FALSE
"2023-05-25 07:00:00",11.672517,11.3633,11.0242672026538,10.51,10.31,8.295987403,464.3,0,0,8.35555555555556,0.40209,3.234704504,1.6169620955102e-05,0.853300000000001,0.5142672026538,1.0533,0.714267202653799,2023,5,21,145,"NULL",2023-05-25,0.818178278428351,0.33519752022519,FALSE,FALSE
"2023-05-25 08:00:00",13.419161,13.2549,13.1572826036312,11.19,11.12,8.92618558,887,0,0,8.34444444444444,0.5502899,6.876868782,3.31239527959184e-05,2.0649,1.9672826036312,2.1349,2.0372826036312,2023,5,21,145,"NULL",2023-05-25,0.818178278428351,0.33519752022519,FALSE,FALSE
"2023-05-25 09:00:00",14.303082,13.9595,13.4425681674306,11.59,11.76,9.454484607,1192,0,0,8.32222222222222,0.6744201,8.773210819,3.68984489959184e-05,2.3695,1.8525681674306,2.1995,1.6825681674306,2023,5,21,145,"NULL",2023-05-25,0.818178278428351,0.33519752022519,FALSE,FALSE
"2023-05-25 10:00:00",16.263489,15.848,15.18539112456,12.77,13.11,11.49130802,1611,0,0,8.33333333333333,0.7463444,11.77514817,8.42010104489796e-05,3.078,2.41539112456,2.738,2.07539112456,2023,5,21,145,"NULL",2023-05-25,0.818178278428351,0.33519752022519,FALSE,FALSE
"2023-05-25 11:00:00",17.509027,16.7979,16.0722724544833,13.93,14.59,13.48528747,1863,0,0,8.31111111111111,0.7039642,12.2382194,5.52797674693878e-05,2.8679,2.1422724544833,2.2079,1.4822724544833,2023,5,21,145,"NULL",2023-05-25,0.818178278428351,0.33519752022519,FALSE,FALSE
"2023-05-25 12:00:00",18.279644,17.4888,17.0723378136791,14.01,14.85,13.09844756,1985,0,0,8.3,0.5826684,8.701319545,2.93387129428571e-05,3.4788,3.0623378136791,2.6388,2.2223378136791,2023,5,21,145,"NULL",2023-05-25,0.818178278428351,0.33519752022519,FALSE,FALSE
"2023-05-25 13:00:00",18.469685,17.6696,17.1334764959105,14.79,15.63,14.26941943,2001,0,0,8.28888888888889,0.9006684,10.8205459,6.56472759183673e-05,2.8796,2.3434764959105,2.0396,1.5034764959105,2023,5,21,145,"NULL",2023-05-25,0.818178278428351,0.33519752022519,FALSE,FALSE
"2023-05-25 14:00:00",18.968622,18.2689,17.8147573928237,15.24,15.88,14.51581699,1894,0,0,8.3,0.9059222,10.50977467,4.66753897142857e-05,3.0289,2.5747573928237,2.3889,1.9347573928237,2023,5,21,145,"NULL",2023-05-25,0.818178278428351,0.33519752022519,FALSE,FALSE
"2023-05-25 15:00:00",19.33485,18.8363,18.0984048314806,15.91,16.53,15.12864474,1703,0,0,8.28888888888889,0.9873136,13.17874868,6.41300608571429e-05,2.9263,2.1884048314806,2.3063,1.5684048314806,2023,5,21,145,"NULL",2023-05-25,0.818178278428351,0.33519752022519,FALSE,FALSE
"2023-05-25 16:00:00",19.028736,18.6185,18.1955752576536,16.4,16.98,16.01498877,1403,0,0,8.28888888888889,0.9680029,8.560172182,4.51952345306122e-05,2.2185,1.7955752576536,1.6385,1.2155752576536,2023,5,21,145,"NULL",2023-05-25,0.818178278428351,0.33519752022519,FALSE,FALSE
"2023-05-25 17:00:00",18.89704,18.6718,18.322029756147,16.96,17.17,16.56328688,1001,0,0,8.27777777777778,0.809725,8.333184466,2.8554205922449e-05,1.7118,1.362029756147,1.5018,1.152029756147,2023,5,21,145,"NULL",2023-05-25,0.818178278428351,0.33519752022519,FALSE,FALSE
"2023-05-25 18:00:00",18.094646,18.0322,17.924842500823,16.44,16.44,15.79273881,557.1,0,0,8.27777777777778,0.9651794,6.3935572,2.4525596155102e-05,1.5922,1.484842500823,1.5922,1.484842500823,2023,5,21,145,"NULL",2023-05-25,0.818178278428351,0.33519752022519,FALSE,FALSE
"2023-05-26 07:00:00",11.297438,10.8912,10.6761896654934,10.19,10.03,9.656296774,467.1,0,0,8.14444444444444,0.5434657,2.242316779,3.24324368244898e-05,0.7012,0.4861896654934,0.8612,0.646189665493401,2023,5,21,146,"NULL",2023-05-26,0.818178278428351,0.33519752022519,FALSE,FALSE
"2023-05-26 08:00:00",12.771487,12.3982,12.2343543566889,10.94,10.9,10.03646279,889,0,0,8.12222222222222,0.6112795,3.881840831,2.51656745428571e-05,1.4582,1.2943543566889,1.4982,1.3343543566889,2023,5,21,146,"NULL",2023-05-26,0.818178278428351,0.33519752022519,FALSE,FALSE
"2023-05-26 09:00:00",14.66852,14.2627,13.7871765009749,11.87,11.97,11.00030828,1200,0,0,8.12222222222222,0.7969153,7.562353255,4.02508366612245e-05,2.3927,1.9171765009749,2.2927,1.8171765009749,2023,5,21,146,"NULL",2023-05-26,0.818178278428351,0.33519752022519,FALSE,FALSE
"2023-05-26 10:00:00",15.614171,14.997,14.5218716188499,12.36,12.68,11.1681303,1611,0,0,8.11111111111111,0.6835563,9.277215637,4.80342405306122e-05,2.637,2.1618716188499,2.317,1.8418716188499,2023,5,21,146,"NULL",2023-05-26,0.818178278428351,0.33519752022519,FALSE,FALSE
"2023-05-26 11:00:00",16.428583,15.602,15.1196317692639,13.08,13.46,12.73482173,1864,0,0,8.11111111111111,0.7328033,7.336236792,3.15048957265306e-05,2.522,2.0396317692639,2.142,1.6596317692639,2023,5,21,146,"NULL",2023-05-26,0.818178278428351,0.33519752022519,FALSE,FALSE
"2023-05-26 12:00:00",18.036245,17.1982,16.5768940112937,13.87,14.4,13.73316613,1985,0,0,8.1,1.050835,11.30291277,6.32129014693878e-05,3.3282,2.7068940112937,2.7982,2.1768940112937,2023,5,21,146,"NULL",2023-05-26,0.818178278428351,0.33519752022519,FALSE,FALSE
"2023-05-26 14:00:00",19.19229,18.3692,18.0063364336178,15.34,15.91,15.20785222,1892,0,0,8.07777777777778,1.149121,11.04187315,4.39193110204082e-05,3.0292,2.6663364336178,2.4592,2.0963364336178,2023,5,21,146,"NULL",2023-05-26,0.818178278428351,0.33519752022519,FALSE,FALSE
"2023-05-26 15:00:00",19.909891,19.3309,19.078685662556,16.37,16.95,15.98924625,1706,0,0,8.08888888888889,1.044188,9.225578611,3.86671449836735e-05,2.9609,2.708685662556,2.3809,2.128685662556,2023,5,21,146,"NULL",2023-05-26,0.818178278428351,0.33519752022519,FALSE,FALSE
"2023-05-26 16:00:00",19.604366,19.2097,18.7064552758856,16.34,16.83,15.52356363,1402,0,0,8.08888888888889,1.077458,9.107990429,4.08567694285714e-05,2.8697,2.3664552758856,2.3797,1.8764552758856,2023,5,21,146,"NULL",2023-05-26,0.818178278428351,0.33519752022519,FALSE,FALSE
"2023-05-26 18:00:00",17.030687,16.9921,16.8621084474944,15.55,15.64,14.83519249,580.7,0,0,8.05555555555556,1.02785,4.99024679,2.42409544693878e-05,1.4421,1.3121084474944,1.3521,1.2221084474944,2023,5,21,146,"NULL",2023-05-26,0.818178278428351,0.33519752022519,FALSE,FALSE
"2023-05-27 07:00:00",10.850835,10.4712,10.2288217459674,9.92,9.79,10.99266817,462.3,0,0,7.93333333333333,0.6229251,2.607481365,1.32304315959184e-05,0.5512,0.3088217459674,0.6812,0.438821745967401,2023,5,21,147,"NULL",2023-05-27,0.818178278428351,0.33519752022519,FALSE,FALSE
"2023-05-27 08:00:00",14.142459,13.9729,13.7657801980198,11.59,11.31,12.35448461,886,0,0,7.9,0.8992065,8.766257568,4.89809655102041e-05,2.3829,2.1757801980198,2.6629,2.4557801980198,2023,5,21,147,"NULL",2023-05-27,0.818178278428351,0.33519752022519,FALSE,FALSE
"2023-05-27 09:00:00",15.639139,15.2342,14.923058352536,12.74,12.8,13.47222234,1192,0,0,7.9,0.7660039,13.20888983,5.46655094285714e-05,2.4942,2.183058352536,2.4342,2.123058352536,2023,5,21,147,"NULL",2023-05-27,0.818178278428351,0.33519752022519,FALSE,FALSE
"2023-05-27 10:00:00",16.530285,15.9577,15.5610348307209,13.17,13.54,13.99395732,1608,0,0,7.88888888888889,0.8457649,11.54836095,2.89446140204082e-05,2.7877,2.3910348307209,2.4177,2.0210348307209,2023,5,21,147,"NULL",2023-05-27,0.818178278428351,0.33519752022519,FALSE,FALSE
"2023-05-27 11:00:00",18.955034,18.1641,17.7178650502646,14.5,15.07,14.61615813,1860,0,0,7.9,0.8504253,14.37767891,3.4260783877551e-05,3.6641,3.2178650502646,3.0941,2.6478650502646,2023,5,21,147,"NULL",2023-05-27,0.818178278428351,0.33519752022519,FALSE,FALSE
"2023-05-27 12:00:00",18.873508,18.0123,17.5477505963384,14.88,15.68,14.80769043,1982,0,0,7.88888888888889,0.9636455,11.35320928,4.03367179836735e-05,3.1323,2.6677505963384,2.3323,1.8677505963384,2023,5,21,147,"NULL",2023-05-27,0.818178278428351,0.33519752022519,FALSE,FALSE
"2023-05-27 13:00:00",18.535555,17.7007,17.0756043934061,14.89,15.71,14.09864038,1996,0,0,7.87777777777778,1.065563,11.59062037,4.67523108571429e-05,2.8107,2.1856043934061,1.9907,1.3656043934061,2023,5,21,147,"NULL",2023-05-27,0.818178278428351,0.33519752022519,FALSE,FALSE
"2023-05-27 14:00:00",19.28702,18.5135,18.0902278848345,15.69,16.23,15.32498584,1889,0,0,7.88888888888889,1.093011,8.817315255,4.38043768571429e-05,2.8235,2.4002278848345,2.2835,1.8602278848345,2023,5,21,147,"NULL",2023-05-27,0.818178278428351,0.33519752022519,FALSE,FALSE
"2023-05-27 15:00:00",19.162733,18.5482,18.2198306854726,16.28,16.85,15.98237776,1705,0,0,7.87777777777778,1.099385,10.30924341,4.93431451020408e-05,2.2682,1.9398306854726,1.6982,1.3698306854726,2023,5,21,147,"NULL",2023-05-27,0.818178278428351,0.33519752022519,FALSE,FALSE
"2023-05-27 17:00:00",18.849829,18.649,18.4295688283406,17.13,17.48,17.11341996,1011,0,0,7.86666666666667,1.141105,10.92066081,5.58702544897959e-05,1.519,1.2995688283406,1.169,0.949568828340599,2023,5,21,147,"NULL",2023-05-27,0.818178278428351,0.33519752022519,FALSE,FALSE
"2023-05-27 18:00:00",17.944698,17.8581,17.7512978324175,16.53,16.6,16.34056737,575.6,0,0,7.84444444444444,0.9080669,7.021407293,2.94769255714286e-05,1.3281,1.2212978324175,1.2581,1.1512978324175,2023,5,21,147,"NULL",2023-05-27,0.818178278428351,0.33519752022519,FALSE,FALSE
"2023-05-28 07:00:00",11.590597,11.25,10.9953846377656,10.63,10.43,10.76843717,468.7,0,0,7.75555555555556,0.6357995,3.89539666,1.37320850326531e-05,0.619999999999999,0.365384637765599,0.82,0.5653846377656,2023,5,22,148,"NULL",2023-05-28,0.818178278428351,0.33519752022519,FALSE,FALSE
"2023-05-28 08:00:00",14.018748,13.807,13.5480385100403,11.91,11.69,11.69719566,884,0,0,7.74444444444444,0.7736095,8.440309934,1.99505190489796e-05,1.897,1.6380385100403,2.117,1.8580385100403,2023,5,22,148,"NULL",2023-05-28,0.818178278428351,0.33519752022519,FALSE,FALSE
"2023-05-28 09:00:00",15.439143,15.0825,14.5560437618698,12.43,12.61,11.68460062,1194,0,0,7.74444444444444,0.6852515,11.91212796,9.88564800816327e-06,2.6525,2.1260437618698,2.4725,1.9460437618698,2023,5,22,148,"NULL",2023-05-28,0.818178278428351,0.33519752022519,FALSE,FALSE
"2023-05-28 10:00:00",16.74423,16.2327,15.9747757818237,12.78,13.28,11.45101443,1610,0,0,7.72222222222222,0.6192117,12.38294368,3.78244671714286e-05,3.4527,3.1947757818237,2.9527,2.6947757818237,2023,5,22,148,"NULL",2023-05-28,0.818178278428351,0.33519752022519,FALSE,FALSE
"2023-05-28 11:00:00",18.89507,18.0734,17.6409207287736,13.88,14.59,12.57350491,1860,0,0,7.71111111111111,0.6854981,13.08839363,5.89752465306122e-05,4.1934,3.7609207287736,3.4834,3.0509207287736,2023,5,22,148,"NULL",2023-05-28,0.818178278428351,0.33519752022519,FALSE,FALSE
"2023-05-28 12:00:00",18.870016,18.0441,17.2916994074599,14.35,15.11,13.51613931,1982,0,0,7.71111111111111,0.8882987,12.62912485,5.25130660408163e-05,3.6941,2.9416994074599,2.9341,2.1816994074599,2023,5,22,148,"NULL",2023-05-28,0.818178278428351,0.33519752022519,FALSE,FALSE
"2023-05-28 13:00:00",18.917482,18.1454,17.4724867868628,15.06,15.87,14.15574083,1996,0,0,7.71111111111111,0.6567028,10.86018082,1.88395088081633e-05,3.0854,2.4124867868628,2.2754,1.6024867868628,2023,5,22,148,"NULL",2023-05-28,0.818178278428351,0.33519752022519,FALSE,FALSE
"2023-05-28 14:00:00",19.289997,18.6259,18.3190594034084,15.55,16.28,14.23519249,1888,0,0,7.7,1.031189,13.80363621,5.3495441755102e-05,3.0759,2.7690594034084,2.3459,2.0390594034084,2023,5,22,148,"NULL",2023-05-28,0.818178278428351,0.33519752022519,FALSE,FALSE
"2023-05-28 15:00:00",19.540096,18.9259,18.539500716619,16.26,16.89,15.08870219,1706,0,0,7.7,1.105677,10.47504014,5.4008762244898e-05,2.6659,2.279500716619,2.0359,1.649500716619,2023,5,22,148,"NULL",2023-05-28,0.818178278428351,0.33519752022519,FALSE,FALSE
"2023-05-28 17:00:00",17.669039,17.4084,17.144984854777,16.68,16.91,16.05148999,1016,0,0,7.7,1.033715,8.417329591,5.28263454693878e-05,0.728400000000001,0.464984854777001,0.4984,0.234984854777,2023,5,22,148,"NULL",2023-05-28,0.818178278428351,0.33519752022519,FALSE,FALSE
"2023-05-28 18:00:00",16.558392,16.5006,16.3835682915095,17.05,16.93,16.18428639,579.7,0,0,7.67777777777778,0.6581929,7.463873613,3.67581181102041e-05,-0.549400000000002,-0.666431708490499,-0.429400000000001,-0.546431708490498,2023,5,22,148,"NULL",2023-05-28,0.818178278428351,0.33519752022519,FALSE,FALSE
"2023-05-29 08:00:00",13.812215,13.5266,13.2135469170191,11.81,11.56,7.225137713,878,0,0,7.58888888888889,0.4357646,8.397140743,2.97215408816327e-05,1.7166,1.4035469170191,1.9666,1.6535469170191,2023,5,22,149,"NULL",2023-05-29,0.818178278428351,0.33519752022519,FALSE,FALSE
"2023-05-29 09:00:00",15.041002,14.6789,14.1649910080778,11.99,12.15,7.251227942,1188,0,0,7.58888888888889,0.5541184,10.73888036,3.23845658408163e-05,2.6889,2.1749910080778,2.5289,2.0149910080778,2023,5,22,149,"NULL",2023-05-29,0.818178278428351,0.33519752022519,FALSE,FALSE
"2023-05-29 10:00:00",17.212467,16.6408,16.0602272061989,13.23,13.51,9.633637638,1604,0,0,7.57777777777778,0.706867,15.36410443,3.59759329346939e-05,3.4108,2.8302272061989,3.1308,2.5502272061989,2023,5,22,149,"NULL",2023-05-29,0.818178278428351,0.33519752022519,FALSE,FALSE
"2023-05-29 11:00:00",17.74679,17.0555,16.38015446051,14.1,14.79,11.5224574,1855,0,0,7.56666666666667,0.7507175,12.39975856,0.000175889303673469,2.9555,2.28015446051,2.2655,1.59015446051,2023,5,22,149,"NULL",2023-05-29,0.818178278428351,0.33519752022519,FALSE,FALSE
"2023-05-29 12:00:00",18.436518,17.6007,17.1188649439113,14.65,15.54,12.61754628,1979,0,0,7.56666666666667,0.99334,15.47764657,7.6021898244898e-06,2.9507,2.4688649439113,2.0607,1.5788649439113,2023,5,22,149,"NULL",2023-05-29,0.818178278428351,0.33519752022519,FALSE,FALSE
"2023-05-29 13:00:00",18.965425,18.1204,17.7671408574105,15.54,16.4,13.48382679,1995,0,0,7.55555555555556,0.7860113,14.38311753,6.33230593877551e-05,2.5804,2.2271408574105,1.7204,1.3671408574105,2023,5,22,149,"NULL",2023-05-29,0.818178278428351,0.33519752022519,FALSE,FALSE
"2023-05-29 14:00:00",19.583988,18.7928,18.1919141449951,15.73,16.55,13.49087269,1887,0,0,7.55555555555556,0.9900477,13.2710249,5.43913329387755e-05,3.0628,2.4619141449951,2.2428,1.6419141449951,2023,5,22,149,"NULL",2023-05-29,0.818178278428351,0.33519752022519,FALSE,FALSE
"2023-05-29 16:00:00",17.925127,17.4079,16.8731638347978,17.02,17.8,15.4272248,1398,0,0,7.56666666666667,0.9021325,10.67040185,5.92712575102041e-05,0.387900000000002,-0.146836165202199,-0.392099999999999,-0.9268361652022,2023,5,22,149,"NULL",2023-05-29,0.818178278428351,0.33519752022519,FALSE,FALSE
"2023-05-29 17:00:00",17.906622,17.6742,17.6178372110101,16.85,17.12,15.42837348,1014,0,0,7.55555555555556,0.9732656,8.787735471,4.16047815918367e-05,0.824199999999998,0.7678372110101,0.554199999999998,0.497837211010101,2023,5,22,149,"NULL",2023-05-29,0.818178278428351,0.33519752022519,FALSE,FALSE
"2023-05-29 18:00:00",16.518894,16.4369,16.380536924869,16.41,16.5,15.04691628,578.8,0,0,7.54444444444444,0.8502681,7.256016279,3.00128643346939e-05,0.0269000000000013,-0.0294630751310017,-0.0630999999999986,-0.119463075131002,2023,5,22,149,"NULL",2023-05-29,0.818178278428351,0.33519752022519,FALSE,FALSE
"2023-05-30 08:00:00",12.941315,12.7919,12.4945119622192,10.8,10.73,6.734815474,881,0,0,7.45555555555556,0.4700873,7.203064879,1.72843834408163e-05,1.9919,1.6945119622192,2.0619,1.7645119622192,2023,5,22,150,"NULL",2023-05-30,0.818178278428351,0.33519752022519,FALSE,FALSE
"2023-05-30 09:00:00",14.929182,14.5807,14.3005426502241,11.72,11.85,7.812741821,1189,0,0,7.43333333333333,0.6415992,12.54522586,3.57803988857143e-05,2.8607,2.5805426502241,2.7307,2.4505426502241,2023,5,22,150,"NULL",2023-05-30,0.818178278428351,0.33519752022519,FALSE,FALSE
"2023-05-30 10:00:00",16.66867,16.1811,16.1265340406675,12.41,12.81,9.025581634,1602,0,0,7.43333333333333,0.7255669,12.85423891,2.25869514040816e-05,3.7711,3.7165340406675,3.3711,3.3165340406675,2023,5,22,150,"NULL",2023-05-30,0.818178278428351,0.33519752022519,FALSE,FALSE
"2023-05-30 11:00:00",16.457813,15.5973,14.8991841508192,12.98,13.69,10.39632167,1854,0,0,7.42222222222222,0.7690464,11.24165923,0.000231022298897959,2.6173,1.9191841508192,1.9073,1.2091841508192,2023,5,22,150,"NULL",2023-05-30,0.818178278428351,0.33519752022519,FALSE,FALSE
"2023-05-30 12:00:00",17.998272,17.1975,16.699086584285,14.06,15.02,11.13061568,1974,0,0,7.4,0.7900469,13.42579775,4.87642374693878e-05,3.1375,2.639086584285,2.1775,1.679086584285,2023,5,22,150,"NULL",2023-05-30,0.818178278428351,0.33519752022519,FALSE,FALSE
"2023-05-30 13:00:00",17.969994,17.2176,16.6636280696868,14.11,14.94,11.65293274,1990,0,0,7.4,0.6458533,10.63747237,5.5542688e-05,3.1076,2.5536280696868,2.2776,1.7236280696868,2023,5,22,150,"NULL",2023-05-30,0.818178278428351,0.33519752022519,FALSE,FALSE
"2023-05-30 14:00:00",19.17891,18.3412,17.981953629941,15.44,16.23,13.39052113,1880,0,0,7.38888888888889,0.8376021,17.00372247,9.03995529387755e-05,2.9012,2.541953629941,2.1112,1.751953629941,2023,5,22,150,"NULL",2023-05-30,0.818178278428351,0.33519752022519,FALSE,FALSE
"2023-05-30 15:00:00",18.939548,18.2612,17.8799812336988,15.68,16.3,14.14353024,1705,0,0,7.38888888888889,0.9225633,13.29199999,5.38378747346939e-05,2.5812,2.1999812336988,1.9612,1.5799812336988,2023,5,22,150,"NULL",2023-05-30,0.818178278428351,0.33519752022519,FALSE,FALSE
"2023-05-30 16:00:00",18.779331,18.371,17.9184275910967,16.25,16.89,15.12687434,1402,0,0,7.4,1.049877,10.90104033,5.54353217142857e-05,2.121,1.6684275910967,1.481,1.0284275910967,2023,5,22,150,"NULL",2023-05-30,0.818178278428351,0.33519752022519,FALSE,FALSE
"2023-05-30 17:00:00",18.62622,18.4435,18.2330125420982,16.29,16.66,15.46422548,1013,0,0,7.38888888888889,0.8825474,9.381085365,4.3578175877551e-05,2.1535,1.9430125420982,1.7835,1.5730125420982,2023,5,22,150,"NULL",2023-05-30,0.818178278428351,0.33519752022519,FALSE,FALSE
"2023-05-30 18:00:00",17.682415,17.6038,17.5036232154162,15.77,15.8,14.90686285,579,0,0,7.37777777777778,0.8853096,6.963001401,2.53159202612245e-05,1.8338,1.7336232154162,1.8038,1.7036232154162,2023,5,22,150,"NULL",2023-05-30,0.818178278428351,0.33519752022519,FALSE,FALSE
"2023-05-31 08:00:00",9.705412,9.27958,9.0512783011319,8.41,8.36,7.525905049,884,0,0,7.27777777777778,0.6768861,4.868338136,2.70437171469388e-05,0.869579999999999,0.6412783011319,0.91958,0.6912783011319,2023,5,22,151,"NULL",2023-05-31,0.818178278428351,0.33519752022519,FALSE,FALSE
"2023-05-31 09:00:00",12.17639,11.6564,11.2756014003191,9.13,9.25,8.568497006,1189,0,0,7.26666666666667,0.6094635,6.111444001,2.66821265020408e-05,2.5264,2.1456014003191,2.4064,2.0256014003191,2023,5,22,151,"NULL",2023-05-31,0.818178278428351,0.33519752022519,FALSE,FALSE
"2023-05-31 10:00:00",13.31777,12.7777,12.2109489326682,10.63,10.92,10.17843717,1605,0,0,7.26666666666667,0.8652214,10.39023355,6.85982406938776e-05,2.1477,1.5809489326682,1.8577,1.2909489326682,2023,5,22,151,"NULL",2023-05-31,0.818178278428351,0.33519752022519,FALSE,FALSE
"2023-06-01 07:00:00",5.595211,5.27673,4.95973932642881,5.239,5.032,4.988370293,465.9,0,0,7.14444444444444,0.7057956,5.418493417,1.33793137469388e-05,0.0377299999999998,-0.27926067357119,0.24473,-0.0722606735711899,2023,6,22,152,"NULL",2023-06-01,0.69926722832853,0.302553251465944,FALSE,FALSE
"2023-06-01 08:00:00",8.556675,8.42094,7.73140808234788,7.053,6.553,6.047109449,884,0,0,7.14444444444444,0.4601894,10.4132482,4.22141707346939e-05,1.36794,0.67840808234788,1.86794,1.17840808234788,2023,6,22,152,"NULL",2023-06-01,0.69926722832853,0.302553251465944,FALSE,FALSE
"2023-06-01 09:00:00",10.567535,10.2726,9.91831419260085,7.671,7.711,6.692963201,1174,0,0,7.15555555555556,0.6514983,11.87012171,4.28566686938776e-05,2.6016,2.24731419260085,2.5616,2.20731419260085,2023,6,22,152,"NULL",2023-06-01,0.69926722832853,0.302553251465944,FALSE,FALSE
"2023-06-01 10:00:00",11.47022,10.9709,10.6477028793902,8.09,8.48,6.997841527,1615,0,0,7.14444444444444,0.5876509,14.60562355,3.89024186285714e-05,2.8809,2.5577028793902,2.4909,2.1677028793902,2023,6,22,152,"NULL",2023-06-01,0.69926722832853,0.302553251465944,FALSE,FALSE
"2023-06-01 11:00:00",12.0520115,11.5398,10.8012730695602,8.82,9.54,7.867662696,1818,0,0,7.15555555555556,0.591035,14.46801864,3.9778765522449e-05,2.7198,1.9812730695602,1.9998,1.2612730695602,2023,6,22,152,"NULL",2023-06-01,0.69926722832853,0.302553251465944,FALSE,FALSE
"2023-06-01 12:00:00",13.723341,12.9033,12.3797034311615,10.12,10.93,8.987976481,1966,0,0,7.14444444444444,0.7843518,16.14342369,6.67512368979592e-05,2.7833,2.2597034311615,1.9733,1.4497034311615,2023,6,22,152,"NULL",2023-06-01,0.69926722832853,0.302553251465944,FALSE,FALSE
"2023-06-01 13:00:00",13.207949,12.5331,12.2216699830341,9.94,10.76,8.949111295,1834,0,0,7.13333333333333,0.3060214,14.78352335,3.93170442367347e-05,2.5931,2.2816699830341,1.7731,1.4616699830341,2023,6,22,152,"NULL",2023-06-01,0.69926722832853,0.302553251465944,FALSE,FALSE
"2023-06-01 14:00:00",14.595139,13.8302,13.2856682130106,11.08,11.88,9.939111561,1693,0,0,7.13333333333333,0.4050691,12.49329038,5.71683308571429e-05,2.7502,2.2056682130106,1.9502,1.4056682130106,2023,6,22,152,"NULL",2023-06-01,0.69926722832853,0.302553251465944,FALSE,FALSE
"2023-06-01 15:00:00",14.673248,14.1328,13.7675649996202,11.68,12.52,10.20625964,1523,0,0,7.11111111111111,0.7531292,10.24306567,3.3855776244898e-05,2.4528,2.0875649996202,1.6128,1.2475649996202,2023,6,22,152,"NULL",2023-06-01,0.69926722832853,0.302553251465944,FALSE,FALSE
"2023-06-01 16:00:00",14.703166,14.3236,13.8592316553139,11.85,12.26,9.971896716,1147,0,0,7.12222222222222,0.9675608,11.12097021,4.0816951755102e-05,2.4736,2.0092316553139,2.0636,1.5992316553139,2023,6,22,152,"NULL",2023-06-01,0.69926722832853,0.302553251465944,FALSE,FALSE
"2023-06-01 17:00:00",13.157715,12.9191,12.676314588134,12.4,12.67,10.51608039,657.3,0,0,7.12222222222222,0.9784608,12.31121404,3.62317095877551e-05,0.5191,0.276314588133999,0.2491,0.00631458813399988,2023,6,22,152,"NULL",2023-06-01,0.69926722832853,0.302553251465944,FALSE,FALSE
"2023-06-01 18:00:00",11.942114,11.8079,11.6917199463169,11.68,11.69,10.24625964,311.5,0,0,7.12222222222222,0.8987041,6.570518533,1.96835870163265e-05,0.1279,0.0117199463168998,0.117900000000001,0.00171994631689998,2023,6,22,152,"NULL",2023-06-01,0.69926722832853,0.302553251465944,FALSE,FALSE
"2023-06-02 07:00:00",8.597319,8.51069,8.03759455876022,8.77,7.647,6.129233484,453.6,0,0,7.03333333333333,0.1761314,4.988478456,4.54174709795918e-06,-0.259309999999999,-0.732405441239779,0.86369,0.39059455876022,2023,6,22,153,"NULL",2023-06-02,0.69926722832853,0.302553251465944,FALSE,FALSE
"2023-06-02 08:00:00",11.555792,11.5521,11.408131437796,10.85,9.2,7.38814642,875,0,0,7.03333333333333,0.5390272,9.040559118,5.94026490612245e-05,0.7021,0.558131437796,2.3521,2.208131437796,2023,6,22,153,"NULL",2023-06-02,0.69926722832853,0.302553251465944,FALSE,FALSE
"2023-06-02 09:00:00",13.705214,13.4125,13.7240387024892,11.44,10.44,7.639141897,1185,0,0,7.04444444444444,0.5203811,13.58966119,6.3022688244898e-05,1.9725,2.2840387024892,2.9725,3.2840387024892,2023,6,22,153,"NULL",2023-06-02,0.69926722832853,0.302553251465944,FALSE,FALSE
"2023-06-02 10:00:00",14.586241,14.1375,14.4233149831607,12.39,11.75,8.65658463,1598,0,0,7.03333333333333,0.5117729,13.42283279,7.39484239183673e-05,1.7475,2.0333149831607,2.3875,2.6733149831607,2023,6,22,153,"NULL",2023-06-02,0.69926722832853,0.302553251465944,FALSE,FALSE
"2023-06-02 11:00:00",16.483887,15.6463,15.8630878225418,13.19,13.15,9.463827907,1874,0,0,7.03333333333333,0.5375631,13.41463111,5.67656777959184e-05,2.4563,2.6730878225418,2.4963,2.7130878225418,2023,6,22,153,"NULL",2023-06-02,0.69926722832853,0.302553251465944,FALSE,FALSE
"2023-06-02 12:00:00",17.512737,16.6998,16.8596076574409,12.96,13.41,9.226689578,1431,0,0,7.04444444444444,0.5107009,15.49078628,-1.58010835836735e-05,3.7398,3.8996076574409,3.2898,3.4496076574409,2023,6,22,153,"NULL",2023-06-02,0.69926722832853,0.302553251465944,FALSE,FALSE
"2023-06-02 13:00:00",15.650464,15.218,15.2207619609531,13.58,14.22,9.915897599,1378,0,0,7.02222222222222,0.464811,12.58246601,6.31801323673469e-05,1.638,1.6407619609531,0.997999999999999,1.0007619609531,2023,6,22,153,"NULL",2023-06-02,0.69926722832853,0.302553251465944,FALSE,FALSE
"2023-06-02 14:00:00",16.437859,16.0394,16.1718160466942,14.91,15.39,11.12055889,1607,0,0,7.02222222222222,0.4667146,17.90030539,8.50883593877551e-05,1.1294,1.2618160466942,0.6494,0.7818160466942,2023,6,22,153,"NULL",2023-06-02,0.69926722832853,0.302553251465944,FALSE,FALSE
"2023-06-02 15:00:00",15.155905,14.8987,14.847301410448,14.6,14.45,10.64359747,418.9,0,0,7.02222222222222,0.50589,13.41941191,3.25463405020408e-05,0.2987,0.247301410448001,0.448700000000001,0.397301410448001,2023,6,22,153,"NULL",2023-06-02,0.69926722832853,0.302553251465944,FALSE,FALSE
"2023-06-02 16:00:00",17.122486,16.8427,16.6988567800258,14.37,14.28,10.28739639,905,0,0,7.02222222222222,0.2491859,12.76011406,6.10467817959184e-05,2.4727,2.3288567800258,2.5627,2.4188567800258,2023,6,22,153,"NULL",2023-06-02,0.69926722832853,0.302553251465944,FALSE,FALSE
"2023-06-02 17:00:00",16.60905,16.3886,16.1587716391076,14.4,14.83,10.82932738,1081,0,0,7.02222222222222,0.6271496,11.13823906,1.02722877061224e-05,1.9886,1.7587716391076,1.5586,1.3287716391076,2023,6,22,153,"NULL",2023-06-02,0.69926722832853,0.302553251465944,FALSE,FALSE
"2023-06-02 18:00:00",16.09959,16.0578,15.9923789445696,14.04,14.17,10.99973058,583.4,0,0,7.01111111111111,0.6999767,7.61017442,4.03960616979592e-05,2.0178,1.9523789445696,1.8878,1.8223789445696,2023,6,22,153,"NULL",2023-06-02,0.69926722832853,0.302553251465944,FALSE,FALSE
"2023-06-03 07:00:00",13.417913,13.1588,12.6823600871085,11.8,11.06,10.27596131,461.7,0,0,6.95555555555556,0.1647134,4.038099366,3.97832698612245e-06,1.3588,0.882360087108498,2.0988,1.6223600871085,2023,6,22,154,"NULL",2023-06-03,0.69926722832853,0.302553251465944,FALSE,FALSE
"2023-06-03 08:00:00",15.866402,15.8884,15.5091936137348,12.62,12.21,10.62638161,878,0,0,6.94444444444444,0.4432471,6.733880704,2.83165124857143e-05,3.2684,2.8891936137348,3.6784,3.2991936137348,2023,6,22,154,"NULL",2023-06-03,0.69926722832853,0.302553251465944,FALSE,FALSE
"2023-06-03 09:00:00",18.039736,17.7591,17.6118073029298,13.64,13.39,11.45699755,1183,0,0,6.93333333333333,0.3091586,12.43858901,6.01773892244898e-05,4.1191,3.9718073029298,4.3691,4.2218073029298,2023,6,22,154,"NULL",2023-06-03,0.69926722832853,0.302553251465944,FALSE,FALSE
"2023-06-03 10:00:00",17.776829,17.3781,16.5955103162746,13.99,14.32,11.86762194,1590,0,0,6.94444444444444,0.4396605,13.45977544,4.95229819183673e-05,3.3881,2.6055103162746,3.0581,2.2755103162746,2023,6,22,154,"NULL",2023-06-03,0.69926722832853,0.302553251465944,FALSE,FALSE
"2023-06-03 11:00:00",19.218967,18.4685,17.8361875591907,15.01,15.61,12.84052437,1845,0,0,6.96666666666667,0.6560231,14.75303055,5.20129137959184e-05,3.4585,2.8261875591907,2.8585,2.2261875591907,2023,6,22,154,"NULL",2023-06-03,0.69926722832853,0.302553251465944,FALSE,FALSE
"2023-06-03 12:00:00",19.46685,18.5532,18.061758193006,15.5,16.61,13.33842792,1967,0,0,6.95555555555556,0.6710287,15.37065084,6.79383695102041e-05,3.0532,2.561758193006,1.9432,1.451758193006,2023,6,22,154,"NULL",2023-06-03,0.69926722832853,0.302553251465944,FALSE,FALSE
"2023-06-03 13:00:00",19.599056,18.5171,17.9237124889215,16.24,17.28,14.1150531,1786,0,0,6.94444444444444,0.5152459,14.51062117,8.82358380408163e-05,2.2771,1.6837124889215,1.2371,0.643712488921498,2023,6,22,154,"NULL",2023-06-03,0.69926722832853,0.302553251465944,FALSE,FALSE
"2023-06-03 14:00:00",20.112213,19.1468,19.2110862348383,17.1,18.08,15.11619321,1949,0,0,6.94444444444444,0.3355115,12.48080369,7.21635110612245e-05,2.0468,2.1110862348383,1.0668,1.1310862348383,2023,6,22,154,"NULL",2023-06-03,0.69926722832853,0.302553251465944,FALSE,FALSE
"2023-06-03 15:00:00",19.039602,18.2425,18.0739447595655,16.98,17.75,15.54790544,1705,0,0,6.95555555555556,0.9665866,11.92088088,3.32793306816327e-05,1.2625,1.0939447595655,0.4925,0.323944759565499,2023,6,22,154,"NULL",2023-06-03,0.69926722832853,0.302553251465944,FALSE,FALSE
"2023-06-03 16:00:00",19.40181,18.85,18.7776639132967,16.71,17.52,15.38785655,1403,0,0,6.95555555555556,0.7662427,11.31715928,3.87630229714286e-05,2.14,2.0676639132967,1.33,1.2576639132967,2023,6,22,154,"NULL",2023-06-03,0.69926722832853,0.302553251465944,FALSE,FALSE
"2023-06-03 17:00:00",17.534348,17.2188,16.748851718113,16.96,17.4,15.36328688,1022,0,0,6.94444444444444,0.7459111,9.103530927,4.0176435877551e-05,0.258800000000001,-0.211148281887002,-0.181199999999997,-0.651148281887,2023,6,22,154,"NULL",2023-06-03,0.69926722832853,0.302553251465944,FALSE,FALSE
"2023-06-03 18:00:00",16.588068,16.4746,16.3446160922742,16.82,17.1,15.68172209,592.8,0,0,6.94444444444444,0.7627774,7.826786721,7.19611468163265e-05,-0.345400000000001,-0.475383907725799,-0.625400000000003,-0.7553839077258,2023,6,22,154,"NULL",2023-06-03,0.69926722832853,0.302553251465944,FALSE,FALSE
"2023-06-04 07:00:00",16.254887,16.2409,15.7280894355676,15.31,13.55,13.26417525,460.2,0,0,6.86666666666667,0.2860795,7.399803738,2.36265126979592e-05,0.930899999999999,0.4180894355676,2.6909,2.1780894355676,2023,6,23,155,"NULL",2023-06-04,0.69926722832853,0.302553251465944,FALSE,FALSE
"2023-06-04 08:00:00",17.841549,17.8695,17.6887618444709,16.47,15.02,14.01862144,871,0,0,6.86666666666667,0.3968193,10.23102294,3.38718808653061e-05,1.3995,1.2187618444709,2.8495,2.6687618444709,2023,6,23,155,"NULL",2023-06-04,0.69926722832853,0.302553251465944,FALSE,FALSE
"2023-06-04 09:00:00",19.58617,19.2852,19.2867213567648,17.33,16.37,14.78318946,1186,0,0,6.87777777777778,0.5109134,12.16670878,-4.61111364897959e-06,1.9552,1.9567213567648,2.9152,2.9167213567648,2023,6,23,155,"NULL",2023-06-04,0.69926722832853,0.302553251465944,FALSE,FALSE
"2023-06-04 10:00:00",19.418354,18.8621,18.5087291433491,18.24,17.57,15.43521275,1625,0,0,6.87777777777778,0.5516449,12.98970668,7.8116505755102e-05,0.622100000000003,0.268729143349102,1.2921,0.9387291433491,2023,6,23,155,"NULL",2023-06-04,0.69926722832853,0.302553251465944,FALSE,FALSE
"2023-06-04 11:00:00",16.225328,15.9558,15.7205213668937,16.06,16.29,12.98339906,446.6,0,0,6.86666666666667,0.26805,7.450365432,3.13666887959184e-05,-0.104199999999999,-0.3394786331063,-0.334199999999999,-0.5694786331063,2023,6,23,155,"NULL",2023-06-04,0.69926722832853,0.302553251465944,FALSE,FALSE
"2023-06-04 12:00:00",19.010162,18.4652,17.7961048213517,17.47,17.91,15.34968423,1078,0,0,6.86666666666667,0.419551,15.28899418,0.000119324644163265,0.995200000000001,0.326104821351702,0.555199999999999,-0.113895178648299,2023,6,23,155,"NULL",2023-06-04,0.69926722832853,0.302553251465944,FALSE,FALSE
"2023-06-04 13:00:00",22.93365,22.0572,22.130776103416,19.23,19.43,17.72872445,2034,0,0,6.87777777777778,0.4020063,12.64658741,5.11981966530612e-05,2.8272,2.900776103416,2.6272,2.700776103416,2023,6,23,155,"NULL",2023-06-04,0.69926722832853,0.302553251465944,FALSE,FALSE
"2023-06-04 14:00:00",17.461452,17.1238,16.8547313413183,18.65,19.13,16.81278432,814,0,0,6.88888888888889,0.7166965,9.715430522,5.13863427755102e-05,-1.5262,-1.7952686586817,-2.0062,-2.2752686586817,2023,6,23,155,"NULL",2023-06-04,0.69926722832853,0.302553251465944,FALSE,FALSE
"2023-06-04 15:00:00",21.77468,21.0664,20.2561931503381,19.66,19.5,18.47530643,1391,0,0,6.9,0.3869444,8.357253,6.49446626938776e-05,1.4064,0.596193150338099,1.5664,0.756193150338099,2023,6,23,155,"NULL",2023-06-04,0.69926722832853,0.302553251465944,FALSE,FALSE
"2023-06-04 16:00:00",21.666304,21.1672,20.8231467701502,21,21.2,20.56895,1545,0,0,6.9,0.3917679,10.51714184,0.000168612182163265,0.167200000000001,-0.176853229849801,-0.0327999999999982,-0.3768532298498,2023,6,23,155,"NULL",2023-06-04,0.69926722832853,0.302553251465944,FALSE,FALSE
"2023-06-04 17:00:00",20.784159,20.5451,20.3989564001924,19.51,20.06,19.0420923,1041,0,0,6.9,0.6650681,8.793241522,6.01826911836735e-05,1.0351,0.888956400192399,0.485100000000003,0.338956400192401,2023,6,23,155,"NULL",2023-06-04,0.69926722832853,0.302553251465944,FALSE,FALSE
"2023-06-04 18:00:00",17.686718,17.6302,17.597231440075,18.01,18.11,16.86340307,216.8,0,0,6.88888888888889,0.4867181,3.990324113,2.1181355155102e-05,-0.379800000000003,-0.412768559925002,-0.479800000000001,-0.512768559925,2023,6,23,155,"NULL",2023-06-04,0.69926722832853,0.302553251465944,FALSE,FALSE
"2023-06-05 08:00:00",19.03791,18.8909,18.936222121496,16.6,16.33,14.46480948,860,0,0,6.8,0.3781028,6.198199868,2.65184984734694e-05,2.2909,2.336222121496,2.5609,2.606222121496,2023,6,23,156,"NULL",2023-06-05,0.69926722832853,0.302553251465944,FALSE,FALSE
"2023-06-05 09:00:00",20.361782,20.0133,19.6317609151452,16.45,16.63,14.294693,1187,0,0,6.78888888888889,0.401257,5.616334203,2.0138797122449e-05,3.5633,3.1817609151452,3.3833,3.0017609151452,2023,6,23,156,"NULL",2023-06-05,0.69926722832853,0.302553251465944,FALSE,FALSE
"2023-06-05 10:00:00",20.478456,20.0598,19.5213680965283,16.64,17.18,14.6930958,1583,0,0,6.81111111111111,0.595207,9.355558456,4.47570473061225e-05,3.4198,2.8813680965283,2.8798,2.3413680965283,2023,6,23,156,"NULL",2023-06-05,0.69926722832853,0.302553251465944,FALSE,FALSE
"2023-06-05 11:00:00",19.779459,19.0179,18.4076059228685,17.38,18.17,15.26606612,1810,0,0,6.81111111111111,0.8220134,14.60944411,7.13816739183674e-05,1.6379,1.0276059228685,0.847899999999999,0.237605922868497,2023,6,23,156,"NULL",2023-06-05,0.69926722832853,0.302553251465944,FALSE,FALSE
"2023-06-05 12:00:00",20.159374,19.2242,18.6136783469651,17.67,18.6,16.08420561,1938,0,0,6.81111111111111,0.6616275,9.646229256,4.85752824897959e-05,1.5542,0.943678346965097,0.624199999999998,0.0136783469650972,2023,6,23,156,"NULL",2023-06-05,0.69926722832853,0.302553251465944,FALSE,FALSE
"2023-06-05 13:00:00",21.569382,20.7958,20.7140638702489,18.22,18.99,17.08881639,1753,0,0,6.81111111111111,0.6968839,11.89206856,6.39536347755102e-05,2.5758,2.4940638702489,1.8058,1.7240638702489,2023,6,23,156,"NULL",2023-06-05,0.69926722832853,0.302553251465944,FALSE,FALSE
"2023-06-05 14:00:00",21.518272,20.7271,19.997884512927,18.78,19.57,17.38899373,1877,0,0,6.8,0.909541,12.640213,5.237936e-05,1.9471,1.217884512927,1.1571,0.427884512927001,2023,6,23,156,"NULL",2023-06-05,0.69926722832853,0.302553251465944,FALSE,FALSE
"2023-06-05 15:00:00",21.52725,20.9749,20.5337808791877,18.97,19.55,18.25879851,1464,0,0,6.8,0.9464998,11.53762683,3.9620780755102e-05,2.0049,1.5637808791877,1.4249,0.983780879187698,2023,6,23,156,"NULL",2023-06-05,0.69926722832853,0.302553251465944,FALSE,FALSE
"2023-06-05 16:00:00",20.648724,20.1747,19.8321810513788,19.12,19.46,19.1258238,1106,0,0,6.8,0.9141649,9.477353704,3.90262212979592e-05,1.0547,0.712181051378799,0.714700000000001,0.372181051378799,2023,6,23,156,"NULL",2023-06-05,0.69926722832853,0.302553251465944,FALSE,FALSE
"2023-06-06 07:00:00",14.0071125,13.6924,13.4362381757869,12.16,12,10.75969218,266.1,0,0,6.7,0.45827,3.063235396,1.64651269346939e-05,1.5324,1.2762381757869,1.6924,1.4362381757869,2023,6,23,157,"NULL",2023-06-06,0.69926722832853,0.302553251465944,FALSE,FALSE
"2023-06-06 08:00:00",14.993631,14.7243,14.5511222202527,13.19,13.24,11.56382791,706.6,0,0,6.7,0.7560518,9.348937115,3.46092433795918e-05,1.5343,1.3611222202527,1.4843,1.3111222202527,2023,6,23,157,"NULL",2023-06-06,0.69926722832853,0.302553251465944,FALSE,FALSE
"2023-06-06 09:00:00",16.97981,16.5924,16.2062516117596,13.83,14.04,11.66187,1261,0,0,6.7,0.9300805,11.41631477,4.05266182612245e-05,2.7624,2.3762516117596,2.5524,2.1662516117596,2023,6,23,157,"NULL",2023-06-06,0.69926722832853,0.302553251465944,FALSE,FALSE
"2023-06-06 10:00:00",18.384869,17.944,17.5408185004178,15,15.47,13.51949981,1390,0,0,6.7,0.9378853,11.31428626,5.40923526938775e-05,2.944,2.5408185004178,2.474,2.0708185004178,2023,6,23,157,"NULL",2023-06-06,0.69926722832853,0.302553251465944,FALSE,FALSE
"2023-06-06 12:00:00",20.370129,19.5983,18.9834737003368,16.46,17.14,15.21665388,2000,0,0,6.68888888888889,0.9618369,15.1671539,6.16672987755102e-05,3.1383,2.5234737003368,2.4583,1.8434737003368,2023,6,23,157,"NULL",2023-06-06,0.69926722832853,0.302553251465944,FALSE,FALSE
"2023-06-06 13:00:00",21.347912,20.5486,20.3080583474716,16.8,17.47,16.12732183,1995,0,0,6.67777777777778,0.9485875,10.38113837,4.36594643265306e-05,3.7486,3.5080583474716,3.0786,2.8380583474716,2023,6,23,157,"NULL",2023-06-06,0.69926722832853,0.302553251465944,FALSE,FALSE
"2023-06-06 14:00:00",19.488247,18.629,18.0804159378086,17.63,18.23,17.30307571,1890,0,0,6.67777777777778,0.9488664,7.983637207,2.86061224979592e-05,0.999000000000002,0.4504159378086,0.399000000000001,-0.149584062191401,2023,6,23,157,"NULL",2023-06-06,0.69926722832853,0.302553251465944,FALSE,FALSE
"2023-06-07 07:00:00",8.675517,8.27429,8.01546110430225,8.09,7.994,5.047841527,464.1,0,0,6.6,0.6315674,4.022340592,2.35820350081633e-05,0.184290000000001,-0.0745388956977493,0.280290000000001,0.0214611043022508,2023,6,23,158,"NULL",2023-06-07,0.69926722832853,0.302553251465944,FALSE,FALSE
"2023-06-07 08:00:00",10.823092,10.4914,10.1068444432909,8.74,8.71,5.77623093,879,0,0,6.61111111111111,0.5181089,5.522686791,2.27692784081633e-05,1.7514,1.3668444432909,1.7814,1.3968444432909,2023,6,23,158,"NULL",2023-06-07,0.69926722832853,0.302553251465944,FALSE,FALSE
"2023-06-07 09:00:00",12.466166,12.0489,11.5282118609303,9.65,9.83,6.5125785,1183,0,0,6.6,0.6349524,9.437131809,5.21547128979592e-05,2.3989,1.8782118609303,2.2189,1.6982118609303,2023,6,23,158,"NULL",2023-06-07,0.69926722832853,0.302553251465944,FALSE,FALSE
"2023-06-07 10:00:00",14.131228,13.6339,13.283730120787,10.58,11.05,7.765661976,1592,0,0,6.58888888888889,0.4951624,9.374252984,2.72855907020408e-05,3.0539,2.703730120787,2.5839,2.233730120787,2023,6,23,158,"NULL",2023-06-07,0.69926722832853,0.302553251465944,FALSE,FALSE
"2023-06-07 11:00:00",15.6221695,14.8506,14.5078171988554,11.41,11.99,8.812215073,1845,0,0,6.58888888888889,0.4379655,11.84590587,7.78006097959184e-05,3.4406,3.0978171988554,2.8606,2.5178171988554,2023,6,23,158,"NULL",2023-06-07,0.69926722832853,0.302553251465944,FALSE,FALSE
"2023-06-07 12:00:00",17.608742,16.6754,16.451059411005,12.91,13.85,11.1477081,1969,0,0,6.6,0.7371056,14.5923147,2.78029267755102e-05,3.7654,3.541059411005,2.8254,2.601059411005,2023,6,23,158,"NULL",2023-06-07,0.69926722832853,0.302553251465944,FALSE,FALSE
"2023-06-07 13:00:00",18.101198,17.3036,16.7560197488035,13.75,14.6,12.97956035,1993,0,0,6.58888888888889,0.8658918,17.21082313,8.56071743673469e-05,3.5536,3.0060197488035,2.7036,2.1560197488035,2023,6,23,158,"NULL",2023-06-07,0.69926722832853,0.302553251465944,FALSE,FALSE
"2023-06-07 14:00:00",18.720968,17.8432,17.5633431009597,14.66,15.56,14.60835442,1892,0,0,6.6,0.8403989,13.79384757,7.97663588571429e-05,3.1832,2.9033431009597,2.2832,2.0033431009597,2023,6,23,158,"NULL",2023-06-07,0.69926722832853,0.302553251465944,FALSE,FALSE
"2023-06-07 15:00:00",18.084793,17.5601,17.2086132865716,14.23,14.93,13.42910353,1695,0,0,6.61111111111111,0.7894782,8.304730197,4.20147874285714e-05,3.3301,2.9786132865716,2.6301,2.2786132865716,2023,6,23,158,"NULL",2023-06-07,0.69926722832853,0.302553251465944,FALSE,FALSE
"2023-06-07 16:00:00",18.346556,17.9695,17.6425327796207,15.15,15.84,13.81552459,1397,0,0,6.61111111111111,0.6608602,8.687932345,4.30600813061224e-05,2.8195,2.4925327796207,2.1295,1.8025327796207,2023,6,23,158,"NULL",2023-06-07,0.69926722832853,0.302553251465944,FALSE,FALSE
"2023-06-07 17:00:00",17.675133,17.4606,17.2088257197843,15.45,15.99,14.611823,1027,0,0,6.61111111111111,0.7327539,6.957732928,2.4258052877551e-05,2.0106,1.7588257197843,1.4706,1.2188257197843,2023,6,23,158,"NULL",2023-06-07,0.69926722832853,0.302553251465944,FALSE,FALSE
"2023-06-07 18:00:00",17.361124,17.273,17.1329048112228,15.24,15.24,14.50581699,599.1,0,0,6.58888888888889,0.8704501,8.245259031,3.10917779061224e-05,2.033,1.8929048112228,2.033,1.8929048112228,2023,6,23,158,"NULL",2023-06-07,0.69926722832853,0.302553251465944,FALSE,FALSE
"2023-06-08 07:00:00",10.325334,9.93837,9.62820646830924,9.19,9.07,7.055625632,461.1,0,0,6.52222222222222,0.4262279,3.505822802,7.83716695510204e-06,0.748370000000001,0.438206468309241,0.868370000000001,0.55820646830924,2023,6,23,159,"NULL",2023-06-08,0.69926722832853,0.302553251465944,FALSE,FALSE
"2023-06-08 08:00:00",12.252733,12.0785,11.8196970180547,9.95,9.94,7.177340146,874,0,0,6.53333333333333,0.4476202,7.366072407,5.20379214693878e-06,2.1285,1.8696970180547,2.1385,1.8796970180547,2023,6,23,159,"NULL",2023-06-08,0.69926722832853,0.302553251465944,FALSE,FALSE
"2023-06-08 09:00:00",13.294317,13.0002,12.5446809551543,10.25,10.46,5.936477481,1179,0,0,6.52222222222222,0.5066708,9.695731812,3.43853681265306e-05,2.7502,2.2946809551543,2.5402,2.0846809551543,2023,6,23,159,"NULL",2023-06-08,0.69926722832853,0.302553251465944,FALSE,FALSE
"2023-06-08 10:00:00",14.911903,14.4619,14.09551850295,11.51,11.98,7.302154618,1590,0,0,6.52222222222222,0.58013,16.51027245,4.8868676e-05,2.9519,2.58551850295,2.4819,2.11551850295,2023,6,23,159,"NULL",2023-06-08,0.69926722832853,0.302553251465944,FALSE,FALSE
"2023-06-08 11:00:00",16.360968,15.5928,15.2444936187992,12.45,13.33,9.123641616,1850,0,0,6.52222222222222,0.3399063,13.33943808,4.90530057959184e-05,3.1428,2.7944936187992,2.2628,1.9144936187992,2023,6,23,159,"NULL",2023-06-08,0.69926722832853,0.302553251465944,FALSE,FALSE
"2023-06-08 12:00:00",18.124453,17.2238,17.2992611151908,13.28,14.45,10.46352856,1972,0,0,6.52222222222222,0.6738533,15.67213502,-2.67857611061225e-05,3.9438,4.0192611151908,2.7738,2.8492611151908,2023,6,23,159,"NULL",2023-06-08,0.69926722832853,0.302553251465944,FALSE,FALSE
"2023-06-08 13:00:00",18.636395,17.811,17.3124970372996,14.45,15.57,12.47266686,1981,0,0,6.51111111111111,0.7018405,15.07088698,6.51580054285714e-05,3.361,2.8624970372996,2.241,1.7424970372996,2023,6,23,159,"NULL",2023-06-08,0.69926722832853,0.302553251465944,FALSE,FALSE
"2023-06-08 14:00:00",17.958256,17.2478,16.8277948190727,15.58,16.61,13.36932802,1863,0,0,6.53333333333333,0.8776326,12.15643396,-2.96737107020408e-05,1.6678,1.2477948190727,0.637800000000002,0.217794819072701,2023,6,23,159,"NULL",2023-06-08,0.69926722832853,0.302553251465944,FALSE,FALSE
"2023-06-08 15:00:00",19.308626,18.7533,18.5448734243245,15.81,16.61,13.0829565,1666,0,0,6.52222222222222,0.9547474,12.51173271,2.41037062e-05,2.9433,2.7348734243245,2.1433,1.9348734243245,2023,6,23,159,"NULL",2023-06-08,0.69926722832853,0.302553251465944,FALSE,FALSE
"2023-06-08 17:00:00",18.870039,18.6564,18.3776124737282,16.03,16.38,13.86833047,940,0,0,6.55555555555556,0.9071116,10.59190329,2.67297634244898e-05,2.6264,2.3476124737282,2.2764,1.9976124737282,2023,6,23,159,"NULL",2023-06-08,0.69926722832853,0.302553251465944,FALSE,FALSE
"2023-06-08 18:00:00",16.554771,16.482,16.3658466840546,15.74,15.94,13.79236054,522.7,0,0,6.53333333333333,0.9081572,7.035878989,2.97305911673469e-05,0.741999999999999,0.625846684054599,0.542,0.4258466840546,2023,6,23,159,"NULL",2023-06-08,0.69926722832853,0.302553251465944,FALSE,FALSE
"2023-06-09 07:00:00",10.720034,10.4501,10.2081021949305,9.83,9.71,8.708914107,395.1,0,0,6.46666666666667,0.4316429,4.066702437,1.73527826408163e-05,0.620100000000001,0.3781021949305,0.7401,0.4981021949305,2023,6,23,160,"NULL",2023-06-09,0.69926722832853,0.302553251465944,FALSE,FALSE
"2023-06-09 08:00:00",11.550765,11.192,11.0009071054164,10.66,10.63,10.61416263,730.8,0,0,6.46666666666667,0.5147185,6.80978134,4.17216636326531e-05,0.532,0.340907105416401,0.561999999999999,0.3709071054164,2023,6,23,160,"NULL",2023-06-09,0.69926722832853,0.302553251465944,FALSE,FALSE
"2023-06-09 09:00:00",13.613832,13.3698,12.9128646425768,11.22,11.27,11.66276881,944,0,0,6.45555555555556,0.5684621,10.35530621,3.19451151346939e-05,2.1498,1.6928646425768,2.0998,1.6428646425768,2023,6,23,160,"NULL",2023-06-09,0.69926722832853,0.302553251465944,FALSE,FALSE
"2023-06-09 10:00:00",15.973349,15.4705,15.1615684535717,12.33,12.59,12.7097253,1683,0,0,6.44444444444444,0.9469194,11.9101173,8.93772226938775e-05,3.1405,2.8315684535717,2.8805,2.5715684535717,2023,6,23,160,"NULL",2023-06-09,0.69926722832853,0.302553251465944,FALSE,FALSE
"2023-06-09 11:00:00",13.506823,13.2903,13.0484741156213,11.89,12.23,12.09874126,679.5,0,0,6.45555555555556,0.742249,17.69391411,7.21457232244898e-05,1.4003,1.1584741156213,1.0603,0.818474115621299,2023,6,23,160,"NULL",2023-06-09,0.69926722832853,0.302553251465944,FALSE,FALSE
"2023-06-09 12:00:00",13.620554,13.3365,12.9590384138158,11.75,12,12.08015922,780,0,0,6.45555555555556,0.5443777,12.34669761,3.00647655102041e-05,1.5865,1.2090384138158,1.3365,0.959038413815801,2023,6,23,160,"NULL",2023-06-09,0.69926722832853,0.302553251465944,FALSE,FALSE
"2023-06-09 13:00:00",14.014021,13.6903,13.3063658251247,11.67,11.86,11.93715236,745.2,0,0,6.45555555555556,0.4775185,10.40003417,3.89631206285714e-05,2.0203,1.6363658251247,1.8303,1.4463658251247,2023,6,23,160,"NULL",2023-06-09,0.69926722832853,0.302553251465944,FALSE,FALSE
"2023-06-09 14:00:00",17.988277,17.2797,17.0720067230508,13.27,14.07,13.44353891,1835,0,0,6.45555555555556,0.7168556,17.48249385,6.36659946938776e-05,4.0097,3.8020067230508,3.2097,3.0020067230508,2023,6,23,160,"NULL",2023-06-09,0.69926722832853,0.302553251465944,FALSE,FALSE
"2023-06-09 15:00:00",17.763393,17.1418,16.9136615279431,14.1,14.72,14.2024574,1616,0,0,6.44444444444444,0.8337067,13.39750684,5.82853135510204e-05,3.0418,2.8136615279431,2.4218,2.1936615279431,2023,6,23,160,"NULL",2023-06-09,0.69926722832853,0.302553251465944,FALSE,FALSE
"2023-06-09 16:00:00",18.218975,17.7826,17.741230120787,14.08,14.75,13.94152461,1417,0,0,6.45555555555556,0.6637343,9.053937455,3.25890209591837e-05,3.7026,3.661230120787,3.0326,2.991230120787,2023,6,23,160,"NULL",2023-06-09,0.69926722832853,0.302553251465944,FALSE,FALSE
"2023-06-09 17:00:00",16.279203,16.027,15.7395403534983,14.66,15.37,14.54835442,1040,0,0,6.45555555555556,0.7574795,10.48859181,4.35926864081633e-05,1.367,1.0795403534983,0.657000000000002,0.369540353498301,2023,6,23,160,"NULL",2023-06-09,0.69926722832853,0.302553251465944,FALSE,FALSE
"2023-06-09 18:00:00",16.761728,16.7326,16.6021062140741,14.99,15.06,14.90848148,610.6,0,0,6.44444444444444,0.8059941,8.49475445,5.41075052653061e-05,1.7426,1.6121062140741,1.6726,1.5421062140741,2023,6,23,160,"NULL",2023-06-09,0.69926722832853,0.302553251465944,FALSE,FALSE
"2023-06-10 07:00:00",13.709439,13.3485,13.0834328100073,12.35,12.06,12.02865649,466.3,0,0,6.38888888888889,0.3139755,4.164920791,1.00190271755102e-05,0.9985,0.733432810007301,1.2885,1.0234328100073,2023,6,23,161,"NULL",2023-06-10,0.69926722832853,0.302553251465944,FALSE,FALSE
"2023-06-10 08:00:00",16.006739,15.907,15.6309940315515,13.61,13.36,12.74642134,880,0,0,6.37777777777778,0.3618827,6.994862681,1.01105001959184e-05,2.297,2.0209940315515,2.547,2.2709940315515,2023,6,23,161,"NULL",2023-06-10,0.69926722832853,0.302553251465944,FALSE,FALSE
"2023-06-10 09:00:00",17.194332,16.9019,16.7844092476767,14.04,14.2,13.23973058,1183,0,0,6.38888888888889,0.3856415,9.793830382,4.56636900408163e-05,2.8619,2.7444092476767,2.7019,2.5844092476767,2023,6,23,161,"NULL",2023-06-10,0.69926722832853,0.302553251465944,FALSE,FALSE
"2023-06-10 10:00:00",18.555454,18.1357,17.8548328935707,14.69,15.25,14.08081565,1597,0,0,6.38888888888889,0.4976476,9.472796647,3.91433201755102e-05,3.4457,3.1648328935707,2.8857,2.6048328935707,2023,6,23,161,"NULL",2023-06-10,0.69926722832853,0.302553251465944,FALSE,FALSE
"2023-06-10 11:00:00",19.73703,18.9604,18.5822896381454,14.97,15.66,14.3264635,1850,0,0,6.37777777777778,0.7042131,10.11844642,3.35964162e-05,3.9904,3.6122896381454,3.3004,2.9222896381454,2023,6,23,161,"NULL",2023-06-10,0.69926722832853,0.302553251465944,FALSE,FALSE
"2023-06-10 12:00:00",20.733898,19.8846,19.1784155706363,15.81,16.59,15.8929565,1974,0,0,6.37777777777778,0.5810789,9.235676034,3.83796458204082e-05,4.0746,3.3684155706363,3.2946,2.5884155706363,2023,6,23,161,"NULL",2023-06-10,0.69926722832853,0.302553251465944,FALSE,FALSE
"2023-06-10 13:00:00",19.76943,19.0318,18.102276217366,16.48,17.26,16.20059569,1991,0,0,6.4,0.8096212,13.04667891,4.30891423673469e-05,2.5518,1.622276217366,1.7718,0.842276217365999,2023,6,23,161,"NULL",2023-06-10,0.69926722832853,0.302553251465944,FALSE,FALSE
"2023-06-10 14:00:00",19.380007,18.4875,18.0563625079132,16.81,17.48,16.23951856,1889,0,0,6.41111111111111,0.9150012,10.76724904,5.27275828571429e-05,1.6775,1.2463625079132,1.0075,0.576362507913199,2023,6,23,161,"NULL",2023-06-10,0.69926722832853,0.302553251465944,FALSE,FALSE
"2023-06-12 07:00:00",6.392885,5.99439,5.73361802309387,6.205,6.096,6.495004045,469.3,0,0,6.26666666666667,0.8400427,3.750515287,5.72550804489796e-05,-0.21061,-0.47138197690613,-0.10161,-0.36238197690613,2023,6,24,163,"NULL",2023-06-12,0.69926722832853,0.302553251465944,FALSE,FALSE
"2023-06-12 08:00:00",9.709503,9.62484,9.36463986174065,7.57,7.433,7.220615172,881,0,0,6.26666666666667,0.6064282,10.31925343,4.07938398367347e-05,2.05484,1.79463986174065,2.19184,1.93163986174065,2023,6,24,163,"NULL",2023-06-12,0.69926722832853,0.302553251465944,FALSE,FALSE
"2023-06-12 09:00:00",11.017926,10.6834,10.4547309817427,7.995,8.15,7.808041647,1185,0,0,6.27777777777778,0.8868468,10.2832579,1.95720741183673e-05,2.6884,2.4597309817427,2.5334,2.3047309817427,2023,6,24,163,"NULL",2023-06-12,0.69926722832853,0.302553251465944,FALSE,FALSE
"2023-06-12 10:00:00",12.250704,11.8646,11.3481682877111,9.08,9.5,8.979351437,1606,0,0,6.27777777777778,0.7349253,10.8312642,2.59567078816327e-05,2.7846,2.2681682877111,2.3646,1.8481682877111,2023,6,24,163,"NULL",2023-06-12,0.69926722832853,0.302553251465944,FALSE,FALSE
"2023-06-12 12:00:00",13.987183,13.0631,12.5450781773062,10.45,11.34,9.415032828,1976,0,0,6.26666666666667,0.852348,12.7217826,3.29080183020408e-05,2.6131,2.0950781773062,1.7231,1.2050781773062,2023,6,24,163,"NULL",2023-06-12,0.69926722832853,0.302553251465944,FALSE,FALSE
"2023-06-12 14:00:00",15.668615,14.8691,14.3743177052999,12.38,13.1,10.96709436,1899,0,0,6.27777777777778,0.9594429,15.3424017,5.04976437959184e-05,2.4891,1.9943177052999,1.7691,1.2743177052999,2023,6,24,163,"NULL",2023-06-12,0.69926722832853,0.302553251465944,FALSE,FALSE
"2023-06-12 16:00:00",15.974768,15.5471,15.1932021042769,13.3,13.89,12.06352506,1427,0,0,6.28888888888889,0.9994447,10.57656262,3.59853918326531e-05,2.2471,1.8932021042769,1.6571,1.3032021042769,2023,6,24,163,"NULL",2023-06-12,0.69926722832853,0.302553251465944,FALSE,FALSE
"2023-06-13 07:00:00",10.211468,10.0129,9.39868582816338,8.78,8.18,6.656910158,472.5,0,0,6.23333333333333,0.2357142,7.241554761,-7.99638886530612e-06,1.2329,0.618685828163381,1.8329,1.21868582816338,2023,6,24,164,"NULL",2023-06-13,0.69926722832853,0.302553251465944,FALSE,FALSE
"2023-06-13 08:00:00",12.216478,12.1314,11.8188290934643,10.46,9.78,8.533512779,884,0,0,6.24444444444444,0.5622606,9.245105904,3.47343496081633e-05,1.6714,1.3588290934643,2.3514,2.0388290934643,2023,6,24,164,"NULL",2023-06-13,0.69926722832853,0.302553251465944,FALSE,FALSE
"2023-06-13 09:00:00",14.14032,13.8457,13.7229468334557,10.73,10.62,8.744365179,1187,0,0,6.25555555555556,0.2308713,13.20664278,0.00010119135844898,3.1157,2.9929468334557,3.2257,3.1029468334557,2023,6,24,164,"NULL",2023-06-13,0.69926722832853,0.302553251465944,FALSE,FALSE
"2023-06-13 10:00:00",15.638794,15.135,14.9934054771973,12.35,12.24,9.458656486,1599,0,0,6.24444444444444,0.3348158,15.39621216,0.000315809189673469,2.785,2.6434054771973,2.895,2.7534054771973,2023,6,24,164,"NULL",2023-06-13,0.69926722832853,0.302553251465944,FALSE,FALSE
"2023-06-13 11:00:00",17.889637,17.1024,17.2632190195234,13.77,14.12,10.01010249,1849,0,0,6.24444444444444,0.4701406,11.59422615,0.00012303314244898,3.3324,3.4932190195234,2.9824,3.1432190195234,2023,6,24,164,"NULL",2023-06-13,0.69926722832853,0.302553251465944,FALSE,FALSE
"2023-06-13 12:00:00",19.666409,18.8497,19.039373520549,15.23,16.2,11.15464821,1968,0,0,6.24444444444444,0.490871,14.58337258,6.82924479591837e-05,3.6197,3.809373520549,2.6497,2.839373520549,2023,6,24,164,"NULL",2023-06-13,0.69926722832853,0.302553251465944,FALSE,FALSE
"2023-06-13 14:00:00",18.13815,17.0416,16.9291813349877,16.43,17.29,12.99079129,1894,0,0,6.25555555555556,0.5469445,11.70157476,0.000202083624244898,0.611599999999999,0.4991813349877,-0.2484,-0.3608186650123,2023,6,24,164,"NULL",2023-06-13,0.69926722832853,0.302553251465944,FALSE,FALSE
"2023-06-13 15:00:00",17.74011,16.9194,16.2609863893039,16.72,17.56,15.22999226,1723,0,0,6.26666666666667,0.4631931,12.24857057,4.51073673061224e-05,0.199400000000001,-0.4590136106961,-0.640599999999999,-1.2990136106961,2023,6,24,164,"NULL",2023-06-13,0.69926722832853,0.302553251465944,FALSE,FALSE
"2023-06-13 16:00:00",17.626743,17.043,16.7923205945659,16.1,17.09,15.04024901,1429,0,0,6.27777777777778,0.7555034,13.60162688,7.58575277959184e-05,0.942999999999998,0.692320594565899,-0.0470000000000006,-0.297679405434099,2023,6,24,164,"NULL",2023-06-13,0.69926722832853,0.302553251465944,FALSE,FALSE
"2023-06-13 17:00:00",16.12997,15.8489,15.3919217517915,15.41,16.41,13.96665374,1057,0,0,6.27777777777778,0.4990194,9.645037979,3.6119234722449e-05,0.4389,-0.0180782482085,-0.5611,-1.0180782482085,2023,6,24,164,"NULL",2023-06-13,0.69926722832853,0.302553251465944,FALSE,FALSE
"2023-06-13 18:00:00",15.301163,15.2238,15.1034530601909,15.1,15.24,14.32002651,633.7,0,0,6.27777777777778,0.6263725,6.841967408,2.28005971510204e-05,0.123800000000001,0.00345306019089975,-0.0161999999999995,-0.136546939809101,2023,6,24,164,"NULL",2023-06-13,0.69926722832853,0.302553251465944,FALSE,FALSE
"2023-06-14 07:00:00",13.383977,13.1756,12.755702423337,11.75,11.48,10.24015922,474.3,0,0,6.21111111111111,0.2880788,4.531362252,1.29727321836735e-05,1.4256,1.005702423337,1.6956,1.275702423337,2023,6,24,165,"NULL",2023-06-14,0.69926722832853,0.302553251465944,FALSE,FALSE
"2023-06-14 08:00:00",15.85407,15.6961,15.4164681345117,13.14,12.77,12.08419421,886,0,0,6.21111111111111,0.3617513,7.436139395,3.87637353795918e-05,2.5561,2.2764681345117,2.9261,2.6464681345117,2023,6,24,165,"NULL",2023-06-14,0.69926722832853,0.302553251465944,FALSE,FALSE
"2023-06-14 09:00:00",18.267437,17.9919,17.7815841153681,14.06,14.1,13.34061568,1186,0,0,6.2,0.6140653,11.45649833,6.18145169795918e-05,3.9319,3.7215841153681,3.8919,3.6815841153681,2023,6,24,165,"NULL",2023-06-14,0.69926722832853,0.302553251465944,FALSE,FALSE
"2023-06-14 10:00:00",19.306698,18.8476,18.5212042718594,15.37,15.56,14.58158622,1599,0,0,6.23333333333333,0.4456048,13.29191731,3.80746179591837e-05,3.4776,3.1512042718594,3.2876,2.9612042718594,2023,6,24,165,"NULL",2023-06-14,0.69926722832853,0.302553251465944,FALSE,FALSE
"2023-06-14 11:00:00",20.696667,19.923,19.60651804715,15.97,16.69,15.23837005,1853,0,0,6.22222222222222,0.369436,10.69259269,5.59208474285714e-05,3.953,3.63651804715,3.233,2.91651804715,2023,6,24,165,"NULL",2023-06-14,0.69926722832853,0.302553251465944,FALSE,FALSE
"2023-06-14 12:00:00",19.822495,18.7126,18.1944251829531,16.98,17.98,17.04790544,1978,0,0,6.22222222222222,0.7497756,13.13757124,6.15546949387755e-05,1.7326,1.2144251829531,0.732599999999998,0.2144251829531,2023,6,24,165,"NULL",2023-06-14,0.69926722832853,0.302553251465944,FALSE,FALSE
"2023-06-14 13:00:00",19.709187,18.6176,18.0289487984604,17.04,18.05,17.04192566,1998,0,0,6.22222222222222,0.6234854,9.55555409,3.95449729918367e-05,1.5776,0.988948798460402,0.567599999999999,-0.0210512015395992,2023,6,24,165,"NULL",2023-06-14,0.69926722832853,0.302553251465944,FALSE,FALSE
"2023-06-14 15:00:00",19.783155,18.9896,18.3974661796359,17.97,18.68,17.01130389,1725,0,0,6.22222222222222,0.90907,10.51861498,3.41044292e-05,1.0196,0.4274661796359,0.3096,-0.282533820364101,2023,6,24,165,"NULL",2023-06-14,0.69926722832853,0.302553251465944,FALSE,FALSE
"2023-06-15 07:00:00",13.287355,12.9266,12.6883598718695,11.69,11.44,12.15537223,471.6,0,0,6.2,0.802568,1.75177446,2.97958080734694e-05,1.2366,0.9983598718695,1.4866,1.2483598718695,2023,6,24,166,"NULL",2023-06-15,0.69926722832853,0.302553251465944,FALSE,FALSE
"2023-06-15 08:00:00",14.770086,14.5319,14.1578769517105,12.52,12.23,12.6104587,881,0,0,6.18888888888889,0.7089665,5.711617656,3.15926598938775e-05,2.0119,1.6378769517105,2.3019,1.9278769517105,2023,6,24,166,"NULL",2023-06-15,0.69926722832853,0.302553251465944,FALSE,FALSE
"2023-06-15 09:00:00",17.170898,16.7753,16.4039206680003,13.21,13.33,13.17372134,1187,0,0,6.18888888888889,0.8973299,9.631499046,5.04142006530612e-05,3.5653,3.1939206680003,3.4453,3.0739206680003,2023,6,24,166,"NULL",2023-06-15,0.69926722832853,0.302553251465944,FALSE,FALSE
"2023-06-15 10:00:00",18.217424,17.6848,17.2776673292649,14.1,14.38,13.6124574,1602,0,0,6.18888888888889,0.6616857,11.48721769,5.23362106530612e-05,3.5848,3.1776673292649,3.3048,2.8976673292649,2023,6,24,166,"NULL",2023-06-15,0.69926722832853,0.302553251465944,FALSE,FALSE
"2023-06-15 11:00:00",19.391024,18.5296,18.0495123876326,15.12,15.8,14.63220693,1784,0,0,6.17777777777778,0.7776949,11.8255285,5.14400235510204e-05,3.4096,2.9295123876326,2.7296,2.2495123876326,2023,6,24,166,"NULL",2023-06-15,0.69926722832853,0.302553251465944,FALSE,FALSE
"2023-06-15 12:00:00",19.454048,18.5932,18.1640301309159,15.62,16.56,15.18493181,1820,0,0,6.17777777777778,0.9014657,14.80935932,4.12137647346939e-05,2.9732,2.5440301309159,2.0332,1.6040301309159,2023,6,24,166,"NULL",2023-06-15,0.69926722832853,0.302553251465944,FALSE,FALSE
"2023-06-15 14:00:00",21.2365,20.4368,20.0503996277633,16.15,16.75,15.46895931,1900,0,0,6.17777777777778,0.9817916,12.36234113,5.36753690204082e-05,4.2868,3.9003996277633,3.6868,3.3003996277633,2023,6,24,166,"NULL",2023-06-15,0.69926722832853,0.302553251465944,FALSE,FALSE
"2023-06-15 15:00:00",19.59592,18.8285,18.3224365754222,17.6,18.25,16.95480247,1725,0,0,6.17777777777778,0.9768977,11.18175638,3.82868348244898e-05,1.2285,0.722436575422197,0.578499999999998,0.0724365754221985,2023,6,24,166,"NULL",2023-06-15,0.69926722832853,0.302553251465944,FALSE,FALSE
"2023-06-15 17:00:00",19.083073,18.8031,18.556335514421,18.58,19.04,18.68842141,1030,0,0,6.2,0.9772578,11.2725089,6.1558043755102e-05,0.223100000000002,-0.0236644855789976,-0.236899999999999,-0.483664485578998,2023,6,24,166,"NULL",2023-06-15,0.69926722832853,0.302553251465944,FALSE,FALSE
"2023-06-16 07:00:00",13.676082,13.3772,13.0711534501532,12.55,12.4,12.25917743,465.5,0,0,6.16666666666667,0.8654547,5.100489328,1.75507076408163e-05,0.827199999999999,0.5211534501532,0.9772,0.6711534501532,2023,6,24,167,"NULL",2023-06-16,0.69926722832853,0.302553251465944,FALSE,FALSE
"2023-06-16 08:00:00",15.864801,15.585,15.3901507482718,13.44,13.37,12.73414482,874,0,0,6.16666666666667,0.8298917,9.720376997,1.6579627522449e-05,2.145,1.9501507482718,2.215,2.0201507482718,2023,6,24,167,"NULL",2023-06-16,0.69926722832853,0.302553251465944,FALSE,FALSE
"2023-06-16 09:00:00",16.863886,16.4042,15.9343404775772,13.76,13.96,12.24982849,1174,0,0,6.15555555555556,0.6024815,7.735694995,3.28010974693878e-05,2.6442,2.1743404775772,2.4442,1.9743404775772,2023,6,24,167,"NULL",2023-06-16,0.69926722832853,0.302553251465944,FALSE,FALSE
"2023-06-16 10:00:00",18.451572,17.9869,17.606865987187,14.64,14.96,12.46674427,1578,0,0,6.13333333333333,0.9328012,12.60228337,2.78836000244898e-05,3.3469,2.966865987187,3.0269,2.646865987187,2023,6,24,167,"NULL",2023-06-16,0.69926722832853,0.302553251465944,FALSE,FALSE
"2023-06-17 07:00:00",15.703375,15.3422,15.0921209693348,13.84,13.65,13.21218519,455.7,0,0,6.1,0.6622137,2.420050807,-4.04676188285714e-07,1.5022,1.2521209693348,1.6922,1.4421209693348,2023,6,24,168,"NULL",2023-06-17,0.69926722832853,0.302553251465944,FALSE,FALSE
"2023-06-17 08:00:00",17.691326,17.4843,17.2763603352663,14.9,14.7,14.25959654,872,0,0,6.11111111111111,0.7520057,5.806410238,4.60353781632653e-05,2.5843,2.3763603352663,2.7843,2.5763603352663,2023,6,24,168,"NULL",2023-06-17,0.69926722832853,0.302553251465944,FALSE,FALSE
"2023-06-17 09:00:00",18.819302,18.3988,18.0086860499861,15.78,15.78,15.16837655,1175,0,0,6.1,0.6680211,4.798019915,1.19118618857143e-05,2.6188,2.2286860499861,2.6188,2.2286860499861,2023,6,24,168,"NULL",2023-06-17,0.69926722832853,0.302553251465944,FALSE,FALSE
"2023-06-17 10:00:00",20.123758,19.6464,18.9889712871287,16.66,16.89,16.0072794,1583,0,0,6.1,0.5044249,11.97432919,7.87106595102041e-05,2.9864,2.3289712871287,2.7564,2.0989712871287,2023,6,24,168,"NULL",2023-06-17,0.69926722832853,0.302553251465944,FALSE,FALSE
"2023-06-17 11:00:00",20.880291,20.0132,19.7259002633511,17.28,17.91,17.19048692,1835,0,0,6.12222222222222,0.599857,7.842246164,3.40241992489796e-05,2.7332,2.4459002633511,2.1032,1.8159002633511,2023,6,24,168,"NULL",2023-06-17,0.69926722832853,0.302553251465944,FALSE,FALSE
"2023-06-17 12:00:00",21.343922,20.2612,19.6959358258844,18.09,19.15,18.20794682,1959,0,0,6.12222222222222,0.7415438,9.354093187,5.15710595918367e-05,2.1712,1.6059358258844,1.1112,0.545935825884403,2023,6,24,168,"NULL",2023-06-17,0.69926722832853,0.302553251465944,FALSE,FALSE
"2023-06-17 18:00:00",18.907753,18.812,18.5914352941176,19.3,19.41,18.58650402,623.9,0,0,6.15555555555556,0.8934396,8.959367164,3.5175104444898e-05,-0.488,-0.708564705882402,-0.597999999999999,-0.818564705882402,2023,6,24,168,"NULL",2023-06-17,0.69926722832853,0.302553251465944,FALSE,FALSE
"2023-06-18 07:00:00",16.580196,16.2615,16.0343179256033,15.13,14.9,13.10330654,435,0,0,6.1,0.5345463,2.479107278,1.17640271265306e-05,1.1315,0.9043179256033,1.3615,1.1343179256033,2023,6,25,169,"NULL",2023-06-18,0.69926722832853,0.302553251465944,FALSE,FALSE
"2023-06-18 08:00:00",18.874907,18.638,18.3673096097845,16.15,15.89,14.36895931,840,0,0,6.08888888888889,0.605082,6.901934419,3.53747746530612e-05,2.488,2.2173096097845,2.748,2.4773096097845,2023,6,25,169,"NULL",2023-06-18,0.69926722832853,0.302553251465944,FALSE,FALSE
"2023-06-18 09:00:00",19.105064,18.6218,17.9311855840571,17.11,17.06,15.41859523,1155,0,0,6.1,0.5895439,9.77009065,3.62062656693878e-05,1.5118,0.821185584057101,1.5618,0.871185584057102,2023,6,25,169,"NULL",2023-06-18,0.69926722832853,0.302553251465944,FALSE,FALSE
"2023-06-18 10:00:00",20.303537,19.7791,19.3483665594692,18.01,18.36,16.40340307,1564,0,0,6.08888888888889,0.6249856,10.82700878,3.92019498e-05,1.7691,1.3383665594692,1.4191,0.988366559469199,2023,6,25,169,"NULL",2023-06-18,0.69926722832853,0.302553251465944,FALSE,FALSE
"2023-06-18 11:00:00",21.412643,20.5744,20.1822786761541,17.88,18.39,16.30450026,1765,0,0,6.08888888888889,0.981509,10.00795113,3.73476779265306e-05,2.6944,2.3022786761541,2.1844,1.7922786761541,2023,6,25,169,"NULL",2023-06-18,0.69926722832853,0.302553251465944,FALSE,FALSE
"2023-06-18 12:00:00",21.839392,20.9487,20.6345404016105,18.72,19.24,17.44751025,1669,0,0,6.08888888888889,0.9811931,15.33358379,6.55804305714286e-05,2.2287,1.9145404016105,1.7087,1.3945404016105,2023,6,25,169,"NULL",2023-06-18,0.69926722832853,0.302553251465944,FALSE,FALSE
"2023-06-18 13:00:00",21.574436,20.8549,20.4510480337292,18.21,18.46,16.7556291,1059,0,0,6.1,0.7798077,9.00879843,2.46958006734694e-05,2.6449,2.2410480337292,2.3949,1.9910480337292,2023,6,25,169,"NULL",2023-06-18,0.69926722832853,0.302553251465944,FALSE,FALSE
"2023-06-19 09:00:00",19.442236,19.0834,18.7203605783596,16.27,16.39,14.83053666,1187,0,0,6.05555555555556,0.9400696,16.00610284,5.18720495102041e-05,2.8134,2.4503605783596,2.6934,2.3303605783596,2023,6,25,170,"NULL",2023-06-19,0.69926722832853,0.302553251465944,FALSE,FALSE
"2023-06-19 18:00:00",18.023724,17.8947,17.6429249221342,18.17,18.17,16.2729525,274,0,0,6.05555555555556,0.7542889,3.770807535,6.82788382040816e-06,-0.275300000000001,-0.527075077865803,-0.275300000000001,-0.527075077865803,2023,6,25,170,"NULL",2023-06-19,0.69926722832853,0.302553251465944,FALSE,FALSE
"2023-06-20 07:00:00",13.827047,13.6048,13.4074729913145,12.66,12.5,9.524906101,404,0,0,6.01111111111111,0.5146914,3.103411698,-1.27996717306122e-05,0.944799999999999,0.747472991314499,1.1048,0.907472991314499,2023,6,25,171,"NULL",2023-06-20,0.69926722832853,0.302553251465944,FALSE,FALSE
"2023-06-20 08:00:00",17.110462,17.1097,16.8598440758654,14.3,14,11.60310229,853,0,0,6.02222222222222,0.7014466,6.49713623,2.2267049555102e-05,2.8097,2.5598440758654,3.1097,2.8598440758654,2023,6,25,171,"NULL",2023-06-20,0.69926722832853,0.302553251465944,FALSE,FALSE
"2023-06-20 09:00:00",18.745611,18.5148,18.2287476159125,15.24,15.22,13.03581699,1166,0,0,6.02222222222222,0.7329289,8.304145825,5.2465434244898e-05,3.2748,2.9887476159125,3.2948,3.0087476159125,2023,6,25,171,"NULL",2023-06-20,0.69926722832853,0.302553251465944,FALSE,FALSE
"2023-06-20 10:00:00",19.952625,19.5077,19.1076474791725,16.26,16.48,14.41870219,1579,0,0,6.02222222222222,0.9203896,8.65204979,4.65807318367347e-05,3.2477,2.8476474791725,3.0277,2.6276474791725,2023,6,25,171,"NULL",2023-06-20,0.69926722832853,0.302553251465944,FALSE,FALSE
"2023-06-20 11:00:00",19.136509,18.3464,17.7912296143425,17.04,17.59,15.39192566,1837,0,0,6.01111111111111,0.8858752,11.12341281,4.90435013469388e-05,1.3064,0.751229614342503,0.756399999999999,0.201229614342502,2023,6,25,171,"NULL",2023-06-20,0.69926722832853,0.302553251465944,FALSE,FALSE
"2023-06-20 14:00:00",22.078747,21.4396,21.2242780532273,19.15,19.78,18.85743292,1733,0,0,6.01111111111111,0.9558926,12.42108994,4.49671131836735e-05,2.2896,2.0742780532273,1.6596,1.4442780532273,2023,6,25,171,"NULL",2023-06-20,0.69926722832853,0.302553251465944,FALSE,FALSE
"2023-06-20 15:00:00",21.086582,20.4143,19.8322389582437,19.55,20.3,19.4087793,1741,0,0,6.04444444444444,0.7509847,10.00450319,4.18101967755102e-05,0.8643,0.282238958243699,0.1143,-0.467761041756301,2023,6,25,171,"NULL",2023-06-20,0.69926722832853,0.302553251465944,FALSE,FALSE
"2023-06-20 17:00:00",20.823479,20.5648,20.2784227165683,20.22,20.58,20.4268362,1068,0,0,6.03333333333333,0.6108915,7.571325193,2.11747589142857e-05,0.344800000000003,0.0584227165683018,-0.0151999999999965,-0.301577283431698,2023,6,25,171,"NULL",2023-06-20,0.69926722832853,0.302553251465944,FALSE,FALSE
"2023-06-20 18:00:00",19.65482,19.5811,19.4932961358284,19.91,19.93,19.92455075,637.4,0,0,6.03333333333333,0.7338468,5.596126865,2.47602024734694e-05,-0.328900000000001,-0.416703864171602,-0.3489,-0.436703864171601,2023,6,25,171,"NULL",2023-06-20,0.69926722832853,0.302553251465944,FALSE,FALSE
"2023-06-21 07:00:00",16.034986,15.7643,15.5470847357626,14.27,14.19,12.29135243,324.7,0,0,5.98888888888889,0.583902,2.816046015,7.54257992653061e-06,1.4943,1.2770847357626,1.5743,1.3570847357626,2023,6,25,172,"NULL",2023-06-21,0.69926722832853,0.302553251465944,FALSE,FALSE
"2023-06-21 08:00:00",18.029507,17.75,17.4632358512066,15.19,15.11,13.18003607,882,0,0,5.97777777777778,0.4178471,4.946005709,1.90877134408163e-05,2.56,2.2732358512066,2.64,2.3532358512066,2023,6,25,172,"NULL",2023-06-21,0.69926722832853,0.302553251465944,FALSE,FALSE
"2023-06-21 09:00:00",19.902592,19.5411,19.227330257527,16.09,16.24,14.13852667,1191,0,0,5.97777777777778,0.8384616,11.62119223,3.81662940244898e-05,3.4511,3.137330257527,3.3011,2.987330257527,2023,6,25,172,"NULL",2023-06-21,0.69926722832853,0.302553251465944,FALSE,FALSE
"2023-06-21 10:00:00",20.381933,19.9482,19.3436008634879,16.86,17.13,15.51060422,1491,0,0,5.96666666666667,0.8758839,13.83702536,0.000103855294040816,3.0882,2.4836008634879,2.8182,2.2136008634879,2023,6,25,172,"NULL",2023-06-21,0.69926722832853,0.302553251465944,FALSE,FALSE
"2023-06-21 11:00:00",20.638338,19.9138,19.2659715302221,17.58,18.07,16.45932225,1681,0,0,5.98888888888889,0.8378941,12.31103157,6.08152015510204e-05,2.3338,1.6859715302221,1.8438,1.1959715302221,2023,6,25,172,"NULL",2023-06-21,0.69926722832853,0.302553251465944,FALSE,FALSE
"2023-06-21 12:00:00",21.233139,20.3747,19.5661645944646,18.28,18.96,17.18809273,2044,0,0,5.97777777777778,0.8214067,11.77776939,3.64756666081633e-05,2.0947,1.2861645944646,1.4147,0.606164594464598,2023,6,25,172,"NULL",2023-06-21,0.69926722832853,0.302553251465944,FALSE,FALSE
"2023-06-21 13:00:00",20.26796,19.566,18.7947869438606,18.96,19.56,17.55505711,1607,0,0,5.98888888888889,0.8611366,13.86288803,3.81689352653061e-05,0.605999999999998,-0.1652130561394,0.00600000000000023,-0.765213056139398,2023,6,25,172,"NULL",2023-06-21,0.69926722832853,0.302553251465944,FALSE,FALSE
"2023-06-21 14:00:00",21.62691,20.9179,20.5006464333646,19.74,20.28,18.87973406,1845,0,0,5.98888888888889,0.9809564,12.98647463,6.28013171836735e-05,1.1779,0.760646433364602,0.637899999999998,0.2206464333646,2023,6,25,172,"NULL",2023-06-21,0.69926722832853,0.302553251465944,FALSE,FALSE
"2023-06-21 15:00:00",22.798729,22.0827,21.7151655136613,19.8,20.14,19.40588192,1429,0,0,6,0.9513649,12.13404111,4.29806664081633e-05,2.2827,1.9151655136613,1.9427,1.5751655136613,2023,6,25,172,"NULL",2023-06-21,0.69926722832853,0.302553251465944,FALSE,FALSE
"2023-06-21 16:00:00",22.221493,21.8806,21.6096452356233,19.99,20.37,19.4305428,986,0,0,6.01111111111111,0.9862362,12.38419192,4.10381545714286e-05,1.8906,1.6196452356233,1.5106,1.2396452356233,2023,6,25,172,"NULL",2023-06-21,0.69926722832853,0.302553251465944,FALSE,FALSE
"2023-06-21 17:00:00",20.697659,20.492,20.1727720316021,20.15,20.49,19.36404203,1017,0,0,6,0.9242356,9.512422473,3.02295239142857e-05,0.342000000000002,0.0227720316021021,0.00200000000000244,-0.317227968397898,2023,6,25,172,"NULL",2023-06-21,0.69926722832853,0.302553251465944,FALSE,FALSE
"2023-06-21 18:00:00",17.80966,17.671,17.5112007723279,18.43,18.51,16.9874321,181,0,0,6,0.7860802,3.389671516,1.65576971510204e-05,-0.759,-0.9187992276721,-0.839000000000002,-0.998799227672102,2023,6,25,172,"NULL",2023-06-21,0.69926722832853,0.302553251465944,FALSE,FALSE
"2023-06-22 07:00:00",16.568127,16.2185,15.9910219872882,14.83,14.7,14.30303359,472.2,0,0,5.94444444444444,0.4113588,2.686785146,3.80348306816327e-06,1.3885,1.1610219872882,1.5185,1.2910219872882,2023,6,25,173,"NULL",2023-06-22,0.69926722832853,0.302553251465944,FALSE,FALSE
"2023-06-22 08:00:00",18.08575,17.75095,17.4343679699172,15.57,15.47,15.0179431,887,0,0,5.95555555555556,0.485043,6.118036269,2.65709947632653e-05,2.18095,1.8643679699172,2.28095,1.9643679699172,2023,6,25,173,"NULL",2023-06-22,0.69926722832853,0.302553251465944,FALSE,FALSE
"2023-06-22 09:00:00",19.510042,19.1159,18.8028871717607,16.03,16.2,14.96833047,1195,0,0,5.95555555555556,0.5837237,7.098928345,2.46208982693878e-05,3.0859,2.7728871717607,2.9159,2.6028871717607,2023,6,25,173,"NULL",2023-06-22,0.69926722832853,0.302553251465944,FALSE,FALSE
"2023-06-22 10:00:00",20.380482,19.7343,19.1786040009116,16.6,16.9,15.86480948,1613,0,0,5.95555555555556,0.4937891,6.708383371,1.80019373183673e-05,3.1343,2.5786040009116,2.8343,2.2786040009116,2023,6,25,173,"NULL",2023-06-22,0.69926722832853,0.302553251465944,FALSE,FALSE
"2023-06-22 11:00:00",20.40839,19.5914,18.8729555265757,17.61,18.16,17.67755316,1869,0,0,5.96666666666667,0.7699347,11.45204905,5.8218728e-05,1.9814,1.2629555265757,1.4314,0.712955526575701,2023,6,25,173,"NULL",2023-06-22,0.69926722832853,0.302553251465944,FALSE,FALSE
"2023-06-22 12:00:00",21.96033,20.8803,20.3864323136917,19.15,19.96,19.20743292,1997,0,0,5.95555555555556,0.9219716,11.841437,6.51375222040816e-05,1.7303,1.2364323136917,0.920299999999997,0.426432313691699,2023,6,25,173,"NULL",2023-06-22,0.69926722832853,0.302553251465944,FALSE,FALSE
"2023-06-22 13:00:00",22.830645,21.9645,21.7272585449849,18.98,19.63,17.73254743,2111,0,0,5.96666666666667,0.9612555,10.01517381,3.64646996204082e-05,2.9845,2.7472585449849,2.3345,2.0972585449849,2023,6,25,173,"NULL",2023-06-22,0.69926722832853,0.302553251465944,FALSE,FALSE
"2023-06-23 07:00:00",14.660612,14.3425,14.1410821174445,13.06,12.98,12.75507637,440.3,0,0,5.88888888888889,0.8126956,3.517923433,1.37878889183673e-05,1.2825,1.0810821174445,1.3625,1.1610821174445,2023,6,25,174,"NULL",2023-06-23,0.69926722832853,0.302553251465944,FALSE,FALSE
"2023-06-23 08:00:00",15.6838665,15.4233,15.1990572763414,13.43,13.42,12.42406307,871,0,0,5.88888888888889,0.7604428,5.931423867,2.97009282326531e-05,1.9933,1.7690572763414,2.0033,1.7790572763414,2023,6,25,174,"NULL",2023-06-23,0.69926722832853,0.302553251465944,FALSE,FALSE
"2023-06-23 09:00:00",17.924734,17.4247,16.9419602035907,14.26,14.43,13.65078118,1185,0,0,5.9,0.615508,7.855373145,5.83948075918367e-05,3.1647,2.6819602035907,2.9947,2.5119602035907,2023,6,25,174,"NULL",2023-06-23,0.69926722832853,0.302553251465944,FALSE,FALSE
"2023-06-23 10:00:00",20.30251,19.8065,19.4049323719328,15.96,16.38,16.35673286,1603,0,0,5.9,0.6957746,9.646895966,3.01705754612245e-05,3.8465,3.4449323719328,3.4265,3.0249323719328,2023,6,25,174,"NULL",2023-06-23,0.69926722832853,0.302553251465944,FALSE,FALSE
"2023-06-23 11:00:00",20.24994,19.3318,18.7748760401104,17.06,17.67,17.80665399,1860,0,0,5.88888888888889,0.8006757,9.488926699,4.06753169306122e-05,2.2718,1.7148760401104,1.6618,1.1048760401104,2023,6,25,174,"NULL",2023-06-23,0.69926722832853,0.302553251465944,FALSE,FALSE
"2023-06-23 12:00:00",21.653597,20.535,20.1502423919374,18.39,19.27,19.30411408,1987,0,0,5.9,0.8343867,11.52715381,4.88900554285714e-05,2.145,1.7602423919374,1.265,0.880242391937401,2023,6,25,174,"NULL",2023-06-23,0.69926722832853,0.302553251465944,FALSE,FALSE
"2023-06-23 13:00:00",21.860884,20.8227,20.50165416424,18.5,19.35,18.95102108,2010,0,0,5.92222222222222,0.7541929,9.291337712,4.21669355918367e-05,2.3227,2.00165416424,1.4727,1.15165416424,2023,6,25,174,"NULL",2023-06-23,0.69926722832853,0.302553251465944,FALSE,FALSE
"2023-06-23 14:00:00",21.510586,20.5544,20.1445357473855,18.94,19.72,19.42759685,1917,0,0,5.92222222222222,0.7333254,9.635880834,2.91148358204082e-05,1.6144,1.2045357473855,0.834400000000002,0.424535747385502,2023,6,25,174,"NULL",2023-06-23,0.69926722832853,0.302553251465944,FALSE,FALSE
"2023-06-23 15:00:00",22.27181,21.5084,21.0494334278696,19.91,20.63,20.67455075,1748,0,0,5.93333333333333,0.8904595,9.985175701,4.48265014285714e-05,1.5984,1.1394334278696,0.878400000000003,0.419433427869603,2023,6,25,174,"NULL",2023-06-23,0.69926722832853,0.302553251465944,FALSE,FALSE
"2023-06-23 17:00:00",21.10975,20.8093,20.3848530374009,20.2,20.55,21.11742667,1088,0,0,5.94444444444444,0.9995408,7.679274322,3.59470795755102e-05,0.609300000000001,0.184853037400902,0.2593,-0.165146962599099,2023,6,25,174,"NULL",2023-06-23,0.69926722832853,0.302553251465944,FALSE,FALSE
"2023-06-23 18:00:00",19.999289,19.9524,19.877548838976,19.61,19.51,20.31404158,659.8,0,0,5.93333333333333,0.8836382,6.07748092,2.68130998612245e-05,0.342400000000001,0.267548838976001,0.442399999999999,0.367548838975999,2023,6,25,174,"NULL",2023-06-23,0.69926722832853,0.302553251465944,FALSE,FALSE
"2023-06-24 07:00:00",17.019278,16.6703,16.4239486870426,15.33,15.18,15.99662023,468.1,0,0,5.86666666666667,0.7111604,3.915072681,3.75752533918367e-05,1.3403,1.0939486870426,1.4903,1.2439486870426,2023,6,25,175,"NULL",2023-06-24,0.69926722832853,0.302553251465944,FALSE,FALSE
"2023-06-24 08:00:00",18.84503,18.6789,18.4279685472639,16.02,15.91,16.41665405,882,0,0,5.87777777777778,0.6555302,6.781814352,3.85120547714286e-05,2.6589,2.4079685472639,2.7689,2.5179685472639,2023,6,25,175,"NULL",2023-06-24,0.69926722832853,0.302553251465944,FALSE,FALSE
"2023-06-24 09:00:00",20.451744,20.0994,19.5884954571928,16.59,16.75,17.44275473,1186,0,0,5.88888888888889,0.6211264,7.669490814,3.69327489061225e-05,3.5094,2.9984954571928,3.3494,2.8384954571928,2023,6,25,175,"NULL",2023-06-24,0.69926722832853,0.302553251465944,FALSE,FALSE
"2023-06-24 10:00:00",21.741627,21.2065,20.9535359828822,18.26,18.55,19.73163819,1600,0,0,5.88888888888889,0.7360565,9.357666551,1.66087401306122e-05,2.9465,2.6935359828822,2.6565,2.4035359828822,2023,6,25,175,"NULL",2023-06-24,0.69926722832853,0.302553251465944,FALSE,FALSE
"2023-06-24 11:00:00",22.85311,21.9532,21.4303013977868,18.76,19.39,20.4318028,1851,0,0,5.87777777777778,0.8680543,6.461098773,2.81275845346939e-05,3.1932,2.6703013977868,2.5632,2.0403013977868,2023,6,25,175,"NULL",2023-06-24,0.69926722832853,0.302553251465944,FALSE,FALSE
"2023-06-24 12:00:00",24.153381,23.1894,22.9203571851814,20.6,21.74,22.78170433,1972,0,0,5.86666666666667,0.3727329,9.484914289,4.68918790612245e-05,2.5894,2.3203571851814,1.4494,1.1803571851814,2023,6,25,175,"NULL",2023-06-24,0.69926722832853,0.302553251465944,FALSE,FALSE
"2023-06-24 13:00:00",23.281265,22.2695,21.5028705401231,20.97,22.07,23.30295146,1985,0,0,5.88888888888889,0.6850376,8.440697763,4.19739593877551e-05,1.2995,0.532870540123103,0.1995,-0.567129459876899,2023,6,25,175,"NULL",2023-06-24,0.69926722832853,0.302553251465944,FALSE,FALSE
"2023-06-24 14:00:00",23.509005,22.6254,21.7899035932238,21.06,21.88,23.46117004,1881,0,0,5.87777777777778,0.5881107,7.819337162,2.0309270155102e-05,1.5654,0.729903593223803,0.7454,-0.0900964067761976,2023,6,25,175,"NULL",2023-06-24,0.69926722832853,0.302553251465944,FALSE,FALSE
"2023-06-24 15:00:00",24.208603,23.6054,23.2019132840394,21.91,22.6,24.52001609,1691,0,0,5.91111111111111,0.7747769,7.901384367,3.14922672367347e-05,1.6954,1.2919132840394,1.0054,0.601913284039398,2023,6,25,175,"NULL",2023-06-24,0.69926722832853,0.302553251465944,FALSE,FALSE
"2023-06-24 16:00:00",24.239407,23.7448,23.4024412650984,21.93,22.45,24.06225739,1381,0,0,5.92222222222222,0.890046,7.207830589,4.45475373877551e-05,1.8148,1.4724412650984,1.2948,0.9524412650984,2023,6,25,175,"NULL",2023-06-24,0.69926722832853,0.302553251465944,FALSE,FALSE
"2023-06-24 17:00:00",22.954983,22.7111,22.2602959687017,21.78,22.11,23.41128486,1024,0,0,5.92222222222222,0.8989627,4.868932052,1.85542968571429e-05,0.931099999999997,0.4802959687017,0.601099999999999,0.150295968701702,2023,6,25,175,"NULL",2023-06-24,0.69926722832853,0.302553251465944,FALSE,FALSE
"2023-06-24 18:00:00",21.624052,21.5152,21.3231855840571,21.48,21.49,23.05509871,592.2,0,0,5.92222222222222,0.9621596,3.339740086,1.64291934857143e-05,0.0351999999999997,-0.1568144159429,0.0252000000000017,-0.166814415942898,2023,6,25,175,"NULL",2023-06-24,0.69926722832853,0.302553251465944,FALSE,FALSE
"2023-06-25 07:00:00",18.787748,18.4085,18.0981729938467,18.34,18.1,15.45763122,420.6,0,0,5.86666666666667,0.710124,2.187039794,7.00920335102041e-06,0.0685000000000002,-0.241827006153301,0.308499999999999,-0.00182700615330234,2023,6,26,176,"NULL",2023-06-25,0.69926722832853,0.302553251465944,FALSE,FALSE
"2023-06-25 08:00:00",20.970964,20.8331,20.4382636980578,19.61,19.26,17.51404158,839,0,0,5.86666666666667,0.6151837,4.875184908,1.47551068530612e-05,1.2231,0.8282636980578,1.5731,1.1782636980578,2023,6,26,176,"NULL",2023-06-25,0.69926722832853,0.302553251465944,FALSE,FALSE
"2023-06-25 09:00:00",22.826456,22.3947,21.9376876933985,20.41,20.34,19.12781998,1152,0,0,5.87777777777778,0.6854863,8.647901303,3.97074655428571e-05,1.9847,1.5276876933985,2.0547,1.5976876933985,2023,6,26,176,"NULL",2023-06-25,0.69926722832853,0.302553251465944,FALSE,FALSE
"2023-06-25 10:00:00",24.091944,23.5851,22.867586538705,21.39,21.52,20.91372804,1560,0,0,5.86666666666667,0.5544904,7.686471362,3.48548205836735e-05,2.1951,1.477586538705,2.0651,1.347586538705,2023,6,26,176,"NULL",2023-06-25,0.69926722832853,0.302553251465944,FALSE,FALSE
"2023-06-25 11:00:00",25.442106,24.5759,24.0447613152364,22.42,23.03,22.57300264,1815,0,0,5.86666666666667,0.4139083,8.857902071,5.15182534693878e-05,2.1559,1.6247613152364,1.5459,1.0147613152364,2023,6,26,176,"NULL",2023-06-25,0.69926722832853,0.302553251465944,FALSE,FALSE
"2023-06-25 12:00:00",26.137676,25.1399,24.4368034564838,23.08,24.19,23.72504377,1942,0,0,5.85555555555556,0.3317564,7.912365144,5.76607385306122e-05,2.0599,1.3568034564838,0.9499,0.2468034564838,2023,6,26,176,"NULL",2023-06-25,0.69926722832853,0.302553251465944,FALSE,FALSE
"2023-06-25 13:00:00",26.127481,25.1755,24.5312732344078,23.53,24.61,24.45582349,1972,0,0,5.87777777777778,0.679754,8.787899644,4.03056259265306e-05,1.6455,1.0012732344078,0.5655,-0.0787267655922008,2023,6,26,176,"NULL",2023-06-25,0.69926722832853,0.302553251465944,FALSE,FALSE
"2023-06-25 14:00:00",27.102192,26.1915,25.8612334506596,23.61,24.42,24.12657873,1869,0,0,5.87777777777778,0.7758788,6.485742574,3.09394795428571e-05,2.5815,2.2512334506596,1.7715,1.4412334506596,2023,6,26,176,"NULL",2023-06-25,0.69926722832853,0.302553251465944,FALSE,FALSE
"2023-06-25 15:00:00",25.475971,24.7376,24.1658718188954,23.62,24.2,24.47421486,1708,0,0,5.91111111111111,0.8362797,7.019143428,3.83411846816327e-05,1.1176,0.545871818895399,0.537600000000001,-0.0341281811045988,2023,6,26,176,"NULL",2023-06-25,0.69926722832853,0.302553251465944,FALSE,FALSE
"2023-06-25 17:00:00",24.61087,24.3084,24.0661063077663,24.24,24.87,25.55595402,1033,0,0,5.9,0.8901251,4.97281166,1.30726991714286e-05,0.0684000000000005,-0.173893692233698,-0.561600000000002,-0.8038936922337,2023,6,26,176,"NULL",2023-06-25,0.69926722832853,0.302553251465944,FALSE,FALSE
"2023-06-25 18:00:00",23.435303,23.3598,23.2154180344889,23.49,23.66,23.91566796,596.4,0,0,5.9,0.6525815,3.688582558,1.87598040040816e-05,-0.130199999999999,-0.2745819655111,-0.3002,-0.444581965511102,2023,6,26,176,"NULL",2023-06-25,0.69926722832853,0.302553251465944,FALSE,FALSE
"2023-06-26 07:00:00",20.306177,20.1295,19.9649372920412,20.34,20.06,18.96396352,293.3,0,0,5.84444444444444,0.5604268,1.748987579,3.38201895673469e-06,-0.2105,-0.375062707958801,0.0695000000000014,-0.0950627079587996,2023,6,26,177,"NULL",2023-06-26,0.69926722832853,0.302553251465944,FALSE,FALSE
"2023-06-26 08:00:00",21.720448,21.4968,21.2589628168443,21.11,20.86,19.87824764,788.8,0,0,5.84444444444444,0.6823032,5.595496458,2.30171226081633e-05,0.386800000000001,0.1489628168443,0.636800000000001,0.3989628168443,2023,6,26,177,"NULL",2023-06-26,0.69926722832853,0.302553251465944,FALSE,FALSE
"2023-06-26 09:00:00",23.121628,22.8447,22.4703376718746,21.8,21.79,20.85330308,947,0,0,5.85555555555556,0.5849751,7.801329832,3.42171907714286e-05,1.0447,0.670337671874599,1.0547,0.6803376718746,2023,6,26,177,"NULL",2023-06-26,0.69926722832853,0.302553251465944,FALSE,FALSE
"2023-06-26 10:00:00",25.46722,25.0634,24.5246891063787,22.14,22.48,21.3428761,1374,0,0,5.83333333333333,0.5359241,9.855357213,3.67473480693878e-05,2.9234,2.3846891063787,2.5834,2.0446891063787,2023,6,26,177,"NULL",2023-06-26,0.69926722832853,0.302553251465944,FALSE,FALSE
"2023-06-26 11:00:00",26.01648,25.3256,24.7027004026234,22.68,23.25,22.3164395,1589,0,0,5.83333333333333,0.5370829,8.976158048,3.04897347102041e-05,2.6456,2.0227004026234,2.0756,1.4527004026234,2023,6,26,177,"NULL",2023-06-26,0.69926722832853,0.302553251465944,FALSE,FALSE
"2023-06-26 12:00:00",27.224232,26.3039,25.7990638955711,23.25,23.87,23.36782756,1765,0,0,5.83333333333333,0.7708548,10.25093177,6.17296549795918e-05,3.0539,2.5490638955711,2.4339,1.9290638955711,2023,6,26,177,"NULL",2023-06-26,0.69926722832853,0.302553251465944,FALSE,FALSE
"2023-06-26 13:00:00",27.057804,26.2589,25.6624483325315,23.99,24.61,24.3733142,1657,0,0,5.83333333333333,0.8455445,11.30771711,5.97032360816327e-05,2.2689,1.6724483325315,1.6489,1.0524483325315,2023,6,26,177,"NULL",2023-06-26,0.69926722832853,0.302553251465944,FALSE,FALSE
"2023-06-26 14:00:00",27.92635,27.1141,26.8028611430453,24.61,25.21,25.77682738,1812,0,0,5.85555555555556,0.8583875,8.512939148,5.47592255510204e-05,2.5041,2.1928611430453,1.9041,1.5928611430453,2023,6,26,177,"NULL",2023-06-26,0.69926722832853,0.302553251465944,FALSE,FALSE
"2023-06-26 15:00:00",27.24878,26.5791,26.2264571877137,25.07,25.61,26.72186257,1657,0,0,5.84444444444444,0.7625568,8.054834581,2.80764513877551e-05,1.5091,1.1564571877137,0.969100000000001,0.616457187713699,2023,6,26,177,"NULL",2023-06-26,0.69926722832853,0.302553251465944,FALSE,FALSE
"2023-06-26 16:00:00",26.922031,26.4426,26.0657181459067,25.39,26.11,27.11595505,1343,0,0,5.87777777777778,0.9836388,7.698246578,3.88108746653061e-05,1.0526,0.6757181459067,0.332599999999999,-0.044281854093299,2023,6,26,177,"NULL",2023-06-26,0.69926722832853,0.302553251465944,FALSE,FALSE
"2023-06-26 17:00:00",25.475517,25.1659,24.6169800156998,25.7,26.29,27.59065851,1004,0,0,5.86666666666667,0.6073361,5.454384414,3.37125642734694e-05,-0.534099999999999,-1.0830199843002,-1.1241,-1.6730199843002,2023,6,26,177,"NULL",2023-06-26,0.69926722832853,0.302553251465944,FALSE,FALSE
"2023-06-26 18:00:00",24.028769,23.899,23.6994255172065,23.99,24.33,24.7033142,592.9,0,0,5.86666666666667,0.7720312,4.243581122,1.92128535714286e-05,-0.0909999999999975,-0.290574482793499,-0.430999999999997,-0.630574482793499,2023,6,26,177,"NULL",2023-06-26,0.69926722832853,0.302553251465944,FALSE,FALSE
"2023-06-27 08:00:00",19.938,19.6029,19.3851447367755,18.72,18.61,16.57751025,842,0,0,5.8,0.8922315,7.283028584,2.15257249959184e-05,0.882900000000003,0.665144736775503,0.992900000000002,0.775144736775502,2023,6,26,178,"NULL",2023-06-27,0.69926722832853,0.302553251465944,FALSE,FALSE
"2023-06-27 09:00:00",21.052803,20.5417,20.0600498822517,19.25,19.29,17.29662336,1156,0,0,5.8,0.903101,8.324187168,3.1286168277551e-05,1.2917,0.8100498822517,1.2517,0.770049882251701,2023,6,26,178,"NULL",2023-06-27,0.69926722832853,0.302553251465944,FALSE,FALSE
"2023-06-27 10:00:00",22.999546,22.42,21.946869674103,20.17,20.37,18.66337204,1560,0,0,5.8,0.9989449,10.08392061,3.55034983469388e-05,2.25,1.776869674103,2.05,1.576869674103,2023,6,26,178,"NULL",2023-06-27,0.69926722832853,0.302553251465944,FALSE,FALSE
"2023-06-27 11:00:00",24.723099,23.8863,23.6652708718442,20.68,21.09,19.57210844,1817,0,0,5.78888888888889,0.9153746,11.47495886,5.20919558367347e-05,3.2063,2.9852708718442,2.7963,2.5752708718442,2023,6,26,178,"NULL",2023-06-27,0.69926722832853,0.302553251465944,FALSE,FALSE
"2023-06-27 12:00:00",24.68088,23.7994,23.4436591957661,21.49,22.13,20.92084869,1946,0,0,5.8,1.001343,9.971248333,5.11835712244898e-05,2.3094,1.9536591957661,1.6694,1.3136591957661,2023,6,26,178,"NULL",2023-06-27,0.69926722832853,0.302553251465944,FALSE,FALSE
"2023-06-27 16:00:00",24.73795,24.2488,23.8553300194981,23.54,24.24,24.66338548,1384,0,0,5.81111111111111,0.9696956,7.468881592,3.61767144081633e-05,0.7088,0.315330019498102,0.00880000000000081,-0.384669980501897,2023,6,26,178,"NULL",2023-06-27,0.69926722832853,0.302553251465944,FALSE,FALSE
"2023-06-27 17:00:00",23.508715,23.1673,22.7113613203008,23.07,23.7,23.32790297,1049,0,0,5.82222222222222,0.8085724,6.278749598,2.6874567077551e-05,0.0973000000000006,-0.358638679699201,-0.532699999999998,-0.9886386796992,2023,6,26,178,"NULL",2023-06-27,0.69926722832853,0.302553251465944,FALSE,FALSE
"2023-06-27 18:00:00",22.431465,22.32,22.0896107670102,22.31,22.56,21.96142054,625.8,0,0,5.83333333333333,0.8651729,4.751783397,1.82029440857143e-05,0.0100000000000016,-0.220389232989799,-0.239999999999998,-0.470389232989799,2023,6,26,178,"NULL",2023-06-27,0.69926722832853,0.302553251465944,FALSE,FALSE
"2023-06-28 08:00:00",19.13044,18.9058,18.6771179078777,17,16.93,12.24255141,843,0,0,5.75555555555556,0.9139594,7.629212034,5.35884635102041e-05,1.9058,1.6771179078777,1.9758,1.7471179078777,2023,6,26,179,"NULL",2023-06-28,0.69926722832853,0.302553251465944,FALSE,FALSE
"2023-06-28 09:00:00",20.675587,20.2763,20.1173669747537,17.01,17.15,11.30488467,1154,0,0,5.75555555555556,0.991601,9.49530947,5.43001451020408e-05,3.2663,3.1073669747537,3.1263,2.9673669747537,2023,6,26,179,"NULL",2023-06-28,0.69926722832853,0.302553251465944,FALSE,FALSE
"2023-06-28 16:00:00",24.18258,23.7552,23.5142421209896,22.6,22.88,20.08243646,1114,0,0,5.77777777777778,0.8123193,8.048602039,2.40607876612245e-05,1.1552,0.914242120989599,0.8752,0.634242120989601,2023,6,26,179,"NULL",2023-06-28,0.69926722832853,0.302553251465944,FALSE,FALSE
"2023-06-28 18:00:00",21.6465,21.522,21.3480725507078,21.48,21.72,18.90509871,623.4,0,0,5.77777777777778,0.9347435,4.392843694,2.81686220530612e-05,0.041999999999998,-0.131927449292199,-0.198,-0.371927449292198,2023,6,26,179,"NULL",2023-06-28,0.69926722832853,0.302553251465944,FALSE,FALSE
"2023-06-29 07:00:00",17.207142,16.8804,16.6406851105315,15.46,15.33,11.43313123,440.6,0,0,5.72222222222222,0.7233271,2.747632192,9.83843546530612e-05,1.4204,1.1806851105315,1.5504,1.3106851105315,2023,6,26,180,"NULL",2023-06-29,0.69926722832853,0.302553251465944,FALSE,FALSE
"2023-06-29 08:00:00",19.163378,18.9602,18.6239055405029,16.56,16.34,12.36663083,860,0,0,5.71111111111111,0.6110558,7.101671448,7.17857028979592e-05,2.4002,2.0639055405029,2.6202,2.2839055405029,2023,6,26,180,"NULL",2023-06-29,0.69926722832853,0.302553251465944,FALSE,FALSE
"2023-06-29 09:00:00",20.949398,20.6934,20.2910738320124,17.05,17.25,12.81428639,1170,0,0,5.73333333333333,0.682348,8.557924744,0.000134573901673469,3.6434,3.2410738320124,3.4434,3.0410738320124,2023,6,26,180,"NULL",2023-06-29,0.69926722832853,0.302553251465944,FALSE,FALSE
"2023-06-29 10:00:00",20.915895,20.4137,19.91790009116,16.46,16.84,10.93665388,1582,0,0,5.72222222222222,0.4299214,7.002327624,9.96998536326531e-05,3.9537,3.45790009116,3.5737,3.07790009116,2023,6,26,180,"NULL",2023-06-29,0.69926722832853,0.302553251465944,FALSE,FALSE
"2023-06-29 11:00:00",20.616772,19.8246,18.978665589628,17.77,18.38,12.27252621,1840,0,0,5.71111111111111,0.6772684,9.509637824,1.47974814285714e-05,2.0546,1.208665589628,1.4446,0.598665589628002,2023,6,26,180,"NULL",2023-06-29,0.69926722832853,0.302553251465944,FALSE,FALSE
"2023-06-29 12:00:00",21.470736,20.6276,19.8555451469955,18.71,19.41,13.29395571,1967,0,0,5.72222222222222,0.8488485,11.78399554,5.93752028979592e-05,1.9176,1.1455451469955,1.2176,0.445545146995499,2023,6,26,180,"NULL",2023-06-29,0.69926722832853,0.302553251465944,FALSE,FALSE
"2023-06-29 18:00:00",20.442028,20.3286,20.155216499962,20.76,20.98,20.46303315,648.2,0,0,5.75555555555556,0.9618762,6.051745207,3.5012253844898e-05,-0.4314,-0.604783500038003,-0.651399999999999,-0.824783500038002,2023,6,26,180,"NULL",2023-06-29,0.69926722832853,0.302553251465944,FALSE,FALSE
"2023-06-30 07:00:00",18.354708,18.0709,17.6612343394698,17.13,15.59,17.17341996,445.3,0,0,5.64444444444444,0.194868,4.657753098,1.00905407591837e-05,0.940900000000003,0.531234339469801,2.4809,2.0712343394698,2023,6,26,181,"NULL",2023-06-30,0.69926722832853,0.302553251465944,FALSE,FALSE
"2023-06-30 08:00:00",18.390232,18.4382,18.0204095464789,19.09,16.91,18.56428283,855,0,0,5.65555555555556,0.4288009,7.745783945,3.79261863428571e-05,-0.651800000000001,-1.0695904535211,1.5282,1.1104095464789,2023,6,26,181,"NULL",2023-06-30,0.69926722832853,0.302553251465944,FALSE,FALSE
"2023-06-30 09:00:00",19.478,19.0902,19.1374017320402,19.35,17.75,18.73657556,1166,0,0,5.66666666666667,0.5023448,5.718968254,4.87215136326531e-05,-0.259800000000002,-0.212598267959802,1.3402,1.3874017320402,2023,6,26,181,"NULL",2023-06-30,0.69926722832853,0.302553251465944,FALSE,FALSE
"2023-06-30 10:00:00",22.163523,21.581,21.8919579499126,19.84,19.31,19.44347004,1579,0,0,5.66666666666667,0.5471499,12.39908176,9.53019569795918e-05,1.741,2.0519579499126,2.271,2.5819579499126,2023,6,26,181,"NULL",2023-06-30,0.69926722832853,0.302553251465944,FALSE,FALSE
"2023-06-30 11:00:00",23.125628,22.1852,22.0828556582512,20.18,20.77,19.96804896,1836,0,0,5.67777777777778,0.4248256,9.286247447,6.79849426122449e-05,2.0052,1.9028556582512,1.4152,1.3128556582512,2023,6,26,181,"NULL",2023-06-30,0.69926722832853,0.302553251465944,FALSE,FALSE
"2023-06-30 12:00:00",24.443848,23.4811,24.0018562735813,21.99,22.48,22.65918804,1966,0,0,5.67777777777778,0.4251797,8.24919723,7.14752655102041e-05,1.4911,2.0118562735813,1.0011,1.5218562735813,2023,6,26,181,"NULL",2023-06-30,0.69926722832853,0.302553251465944,FALSE,FALSE
"2023-06-30 13:00:00",25.015177,24.0286,24.0269236104429,22.02,23.14,22.82776985,1992,0,0,5.68888888888889,0.3936257,12.12305397,4.78712386122449e-05,2.0086,2.0069236104429,0.8886,0.886923610442899,2023,6,26,181,"NULL",2023-06-30,0.69926722832853,0.302553251465944,FALSE,FALSE
"2023-06-30 14:00:00",25.655615,24.6853,24.6194287989669,21.88,23.14,22.96171863,1899,0,0,5.68888888888889,0.5768543,11.96662265,5.47936630204082e-05,2.8053,2.7394287989669,1.5453,1.4794287989669,2023,6,26,181,"NULL",2023-06-30,0.69926722832853,0.302553251465944,FALSE,FALSE
"2023-06-30 15:00:00",24.558859,23.7598,23.6612916487301,22.07,23.1,24.19891246,1738,0,0,5.7,0.7348961,6.913351785,1.99688490244898e-05,1.6898,1.5912916487301,0.659799999999997,0.561291648730098,2023,6,26,181,"NULL",2023-06-30,0.69926722832853,0.302553251465944,FALSE,FALSE
"2023-06-30 16:00:00",23.846745,23.3121,23.1352853358993,22.28,23.31,24.79208228,1412,0,0,5.72222222222222,0.3604372,7.374321391,4.75007573061225e-05,1.0321,0.8552853358993,0.00210000000000221,-0.174714664100698,2023,6,26,181,"NULL",2023-06-30,0.69926722832853,0.302553251465944,FALSE,FALSE
"2023-06-30 17:00:00",22.45434,22.095,21.846975989466,21.87,22.78,24.12563666,1078,0,0,5.72222222222222,0.7175102,7.614353587,3.40984881510204e-05,0.224999999999998,-0.0230240105340016,-0.685000000000002,-0.933024010534002,2023,6,26,181,"NULL",2023-06-30,0.69926722832853,0.302553251465944,FALSE,FALSE
"2023-06-30 18:00:00",21.241684,21.173,21.0390194981135,20.76,21.19,22.26303315,654.8,0,0,5.72222222222222,0.5653356,4.91820958,1.71681736040816e-05,0.412999999999997,0.279019498113499,-0.017000000000003,-0.150980501886501,2023,6,26,181,"NULL",2023-06-30,0.69926722832853,0.302553251465944,FALSE,FALSE
"2023-07-01 07:00:00",17.709133,17.5271,17.0114149198552,18.28,17.29,16.95809273,429,0,0,5.64444444444444,0.5036417,2.392326721,8.71684097142857e-06,-0.7529,-1.2685850801448,0.237100000000002,-0.278585080144801,2023,7,26,182,"NULL",2023-07-01,0.528378176278626,0.183854298485324,FALSE,FALSE
"2023-07-01 08:00:00",20.195251,20.1391,19.7957325314629,20.11,19.02,19.29547725,841,0,0,5.62222222222222,0.4281535,5.61730764,2.77914598734694e-05,0.0290999999999997,-0.3142674685371,1.1191,0.7757325314629,2023,7,26,182,"NULL",2023-07-01,0.528378176278626,0.183854298485324,FALSE,FALSE
"2023-07-01 09:00:00",22.34658,21.9787,22.0024709326176,21.38,20.03,21.19806224,1158,0,0,5.63333333333333,0.652391,7.23139252,7.05972963265306e-05,0.598700000000001,0.622470932617603,1.9487,1.9724709326176,2023,7,26,182,"NULL",2023-07-01,0.528378176278626,0.183854298485324,FALSE,FALSE
"2023-07-01 10:00:00",23.947403,23.3756,23.4329808108177,22.52,21.57,23.08900124,1569,0,0,5.63333333333333,0.59289,5.363769051,6.56136307755102e-05,0.855599999999999,0.9129808108177,1.8056,1.8629808108177,2023,7,26,182,"NULL",2023-07-01,0.528378176278626,0.183854298485324,FALSE,FALSE
"2023-07-01 11:00:00",24.407774,23.4798,23.4296142083006,22.77,22.96,23.6178742,1826,0,0,5.63333333333333,0.6198786,6.92846719,8.40610762040816e-05,0.709800000000001,0.659614208300599,0.5198,0.469614208300598,2023,7,26,182,"NULL",2023-07-01,0.528378176278626,0.183854298485324,FALSE,FALSE
"2023-07-01 15:00:00",26.912333,26.2138,26.4309585677749,25.24,25.58,28.07682802,1709,0,0,5.67777777777778,0.577994,4.070420677,2.83348931061224e-05,0.973800000000001,1.1909585677749,0.633800000000001,0.850958567774903,2023,7,26,182,"NULL",2023-07-01,0.528378176278626,0.183854298485324,FALSE,FALSE
"2023-07-01 18:00:00",22.971403,22.8461,23.034786607075,24.08,23.9,25.78558151,619.3,0,0,5.68888888888889,0.57072,5.503984611,3.44849070204082e-05,-1.2339,-1.045213392925,-1.0539,-0.865213392925,2023,7,26,182,"NULL",2023-07-01,0.528378176278626,0.183854298485324,FALSE,FALSE
"2023-07-02 07:00:00",17.946943,17.8499,17.7086608518397,19.35,18.81,18.23657556,223.6,0,0,5.62222222222222,0.4173719,2.45041118,1.08246635306122e-05,-1.5001,-1.6413391481603,-0.960099999999997,-1.1013391481603,2023,7,27,183,"NULL",2023-07-02,0.528378176278626,0.183854298485324,FALSE,FALSE
"2023-07-02 08:00:00",22.343655,22.3922,22.1431709072953,21.53,20.32,21.24393304,862,0,0,5.61111111111111,0.5521621,3.358131577,1.66015663918367e-05,0.862199999999998,0.613170907295299,2.0722,1.8231709072953,2023,7,27,183,"NULL",2023-07-02,0.528378176278626,0.183854298485324,FALSE,FALSE
"2023-07-02 09:00:00",23.414349,23.0387,22.940635081411,23,21.92,23.37817086,1152,0,0,5.63333333333333,0.6342171,6.121818025,4.07376027142857e-05,0.0386999999999986,-0.0593649185890008,1.1187,1.020635081411,2023,7,27,183,"NULL",2023-07-02,0.528378176278626,0.183854298485324,FALSE,FALSE
"2023-07-02 12:00:00",24.390833,23.9305,23.6132135499228,24.95,25.63,26.89419887,1884,0,0,5.62222222222222,0.6053367,5.853339121,0.000160530947265306,-1.0195,-1.3367864500772,-1.6995,-2.0167864500772,2023,7,27,183,"NULL",2023-07-02,0.528378176278626,0.183854298485324,FALSE,FALSE
"2023-07-02 13:00:00",26.28096,25.3908,25.1389597933706,22.61,23.5,22.62915575,1573,0,0,5.62222222222222,0.3908803,4.752815619,5.37309593877551e-05,2.7808,2.5289597933706,1.8908,1.6389597933706,2023,7,27,183,"NULL",2023-07-02,0.528378176278626,0.183854298485324,FALSE,FALSE
"2023-07-02 14:00:00",27.068527,26.3067,26.5617848066648,24.25,24.53,25.36418325,1455,0,0,5.63333333333333,0.6421001,7.045041677,9.39867693469388e-05,2.0567,2.3117848066648,1.7767,2.0317848066648,2023,7,27,183,"NULL",2023-07-02,0.528378176278626,0.183854298485324,FALSE,FALSE
"2023-07-02 18:00:00",23.387014,23.2633,23.2611081157732,24.79,24.69,26.94285171,625.6,0,0,5.66666666666667,0.7038875,5.074486171,4.48927767346939e-05,-1.5267,-1.5288918842268,-1.4267,-1.4288918842268,2023,7,27,183,"NULL",2023-07-02,0.528378176278626,0.183854298485324,FALSE,FALSE
"2023-07-03 07:00:00",20.69055,20.4526,20.1307346332076,20.41,19.83,19.05781998,425.3,0,0,5.6,0.7061418,2.765949652,2.07564983877551e-05,0.0426000000000002,-0.279265366792401,0.622600000000002,0.3007346332076,2023,7,27,184,"NULL",2023-07-03,0.528378176278626,0.183854298485324,FALSE,FALSE
"2023-07-03 09:00:00",23.399588,23.0409,22.7281644273379,23.11,22.33,23.04652056,1150,0,0,5.58888888888889,0.704163,3.260618288,3.34391198857143e-05,-0.0690999999999988,-0.381835572662098,0.710900000000002,0.398164427337903,2023,7,27,184,"NULL",2023-07-03,0.528378176278626,0.183854298485324,FALSE,FALSE
"2023-07-03 11:00:00",25.898733,25.02,24.8682159479375,24.38,24.66,25.50203362,1822,0,0,5.6,0.6917939,5.444930673,4.19061490612245e-05,0.640000000000001,0.488215947937501,0.359999999999999,0.2082159479375,2023,7,27,184,"NULL",2023-07-03,0.528378176278626,0.183854298485324,FALSE,FALSE
"2023-07-04 07:00:00",19.64487,19.3872,18.8713280696868,19.7,19.12,17.85245803,463.4,0,0,5.56666666666667,0.4203423,4.634221691,4.16074380408163e-05,-0.312799999999999,-0.828671930313199,0.267199999999999,-0.248671930313201,2023,7,27,185,"NULL",2023-07-04,0.528378176278626,0.183854298485324,FALSE,FALSE
"2023-07-04 08:00:00",21.177265,21.1061,20.6126960649262,20.94,19.5,19.2270271,823,0,0,5.57777777777778,0.3882135,5.462813032,4.31930250204082e-05,0.1661,-0.3273039350738,1.6061,1.1126960649262,2023,7,27,185,"NULL",2023-07-04,0.528378176278626,0.183854298485324,FALSE,FALSE
"2023-07-04 09:00:00",22.339598,21.9524,21.9371059912385,21.69,20.47,19.98762568,1145,0,0,5.57777777777778,0.5992951,6.073923649,4.0132349522449e-05,0.2624,0.247105991238499,1.4824,1.4671059912385,2023,7,27,185,"NULL",2023-07-04,0.528378176278626,0.183854298485324,FALSE,FALSE
"2023-07-04 10:00:00",23.619143,23.0558,22.6774656731914,22.07,21.49,20.97891246,1554,0,0,5.58888888888889,0.4333493,5.459068773,4.54166427755102e-05,0.985800000000001,0.607465673191399,1.5658,1.1874656731914,2023,7,27,185,"NULL",2023-07-04,0.528378176278626,0.183854298485324,FALSE,FALSE
"2023-07-04 12:00:00",26.85,26.0462,26.0120691246107,24.2,24.87,24.74313251,1945,0,0,5.58888888888889,0.5123615,4.757456346,4.91163895510204e-05,1.8462,1.8120691246107,1.1762,1.1420691246107,2023,7,27,185,"NULL",2023-07-04,0.528378176278626,0.183854298485324,FALSE,FALSE
"2023-07-04 13:00:00",26.291214,25.398,24.6222009875668,24.13,25.46,24.7260615,1972,0,0,5.58888888888889,0.2692196,8.006335669,2.86839202653061e-05,1.268,0.4922009875668,-0.0620000000000012,-0.837799012433202,2023,7,27,185,"NULL",2023-07-04,0.528378176278626,0.183854298485324,FALSE,FALSE
"2023-07-04 14:00:00",26.586554,25.6027,25.3578036084171,24.83,25.89,26.23795314,1880,0,0,5.6,0.6654124,7.460833432,7.71879303265306e-05,0.7727,0.527803608417102,-0.287300000000002,-0.5321963915829,2023,7,27,185,"NULL",2023-07-04,0.528378176278626,0.183854298485324,FALSE,FALSE
"2023-07-04 16:00:00",25.001247,24.4513,24.0578850345648,24.71,25.63,26.02311793,1336,0,0,5.61111111111111,0.5734606,8.861324998,5.04227306530612e-05,-0.258700000000001,-0.652114965435199,-1.1787,-1.5721149654352,2023,7,27,185,"NULL",2023-07-04,0.528378176278626,0.183854298485324,FALSE,FALSE
"2023-07-04 17:00:00",24.325508,23.993,24.2552188827834,24.2,24.64,25.05313251,1061,0,0,5.62222222222222,0.7082852,8.012005155,5.07806346122449e-05,-0.207000000000001,0.0552188827834001,-0.647000000000002,-0.384781117216601,2023,7,27,185,"NULL",2023-07-04,0.528378176278626,0.183854298485324,FALSE,FALSE
"2023-07-04 18:00:00",22.911875,22.7758,22.7044168012965,23.28,23.27,23.00976874,634.7,0,0,5.61111111111111,0.6706948,7.847144955,4.12355317959184e-05,-0.504200000000001,-0.575583198703502,-0.494199999999999,-0.5655831987035,2023,7,27,185,"NULL",2023-07-04,0.528378176278626,0.183854298485324,FALSE,FALSE
"2023-07-05 07:00:00",18.69122,18.3015,17.8241462409157,18.33,18.04,15.25435657,415.1,0,0,5.53333333333333,0.3570139,5.454172287,9.31242007755102e-07,-0.0284999999999975,-0.5058537590843,0.261500000000002,-0.2158537590843,2023,7,27,186,"NULL",2023-07-05,0.528378176278626,0.183854298485324,FALSE,FALSE
"2023-07-05 08:00:00",21.328228,21.2385,20.7021482742903,19.46,18.73,16.47140699,826,0,0,5.52222222222222,0.3624991,8.21673139,1.54323046204082e-05,1.7785,1.2421482742903,2.5085,1.9721482742903,2023,7,27,186,"NULL",2023-07-05,0.528378176278626,0.183854298485324,FALSE,FALSE
"2023-07-05 09:00:00",22.69797,22.3806,22.0725691980451,20.5,20.15,17.9619284,1147,0,0,5.54444444444444,0.4286483,11.03076715,0.000129695877959184,1.8806,1.5725691980451,2.2306,1.9225691980451,2023,7,27,186,"NULL",2023-07-05,0.528378176278626,0.183854298485324,FALSE,FALSE
"2023-07-05 10:00:00",24.418135,23.8602,23.8175088830366,22.85,21.66,21.03309067,1554,0,0,5.54444444444444,0.5034413,5.637717856,5.44772860408163e-05,1.0102,0.967508883036597,2.2002,2.1575088830366,2023,7,27,186,"NULL",2023-07-05,0.528378176278626,0.183854298485324,FALSE,FALSE
"2023-07-05 11:00:00",25.512213,24.6699,24.6758190524423,23.37,23.08,21.9660866,1813,0,0,5.55555555555556,0.5637782,5.14107774,8.35159488571429e-05,1.2999,1.3058190524423,1.5899,1.5958190524423,2023,7,27,186,"NULL",2023-07-05,0.528378176278626,0.183854298485324,FALSE,FALSE
"2023-07-05 12:00:00",26.647366,25.8202,25.9831025727381,23.49,24.17,22.20566796,1948,0,0,5.56666666666667,0.6708483,11.10671607,9.13153793877551e-05,2.3302,2.4931025727381,1.6502,1.8131025727381,2023,7,27,186,"NULL",2023-07-05,0.528378176278626,0.183854298485324,FALSE,FALSE
"2023-07-05 13:00:00",26.877026,26.1556,26.353324453673,24.59,25.29,24.19968582,1973,0,0,5.56666666666667,0.7071604,7.081560162,4.39919410612245e-05,1.5656,1.763324453673,0.865600000000001,1.063324453673,2023,7,27,186,"NULL",2023-07-05,0.528378176278626,0.183854298485324,FALSE,FALSE
"2023-07-05 14:00:00",27.20171,26.2906,26.0929254235142,25.34,25.69,25.64932914,1882,0,0,5.56666666666667,0.5306355,8.137575011,4.33692989387755e-05,0.950600000000001,0.752925423514199,0.6006,0.402925423514198,2023,7,27,186,"NULL",2023-07-05,0.528378176278626,0.183854298485324,FALSE,FALSE
"2023-07-05 15:00:00",26.113708,25.267,25.7312504545339,24.86,25.94,25.28438205,1721,0,0,5.57777777777778,0.3625429,6.693400339,4.31862351020408e-05,0.407,0.8712504545339,-0.673000000000002,-0.208749545466102,2023,7,27,186,"NULL",2023-07-05,0.528378176278626,0.183854298485324,FALSE,FALSE
"2023-07-05 16:00:00",24.81928,24.2418,24.1078354637766,24.05,25.09,24.08140727,1329,0,0,5.58888888888889,0.2581807,7.701318948,7.38983016326531e-05,0.191800000000001,0.0578354637765983,-0.848199999999999,-0.982164536223401,2023,7,27,186,"NULL",2023-07-05,0.528378176278626,0.183854298485324,FALSE,FALSE
"2023-07-05 17:00:00",24.271847,23.906,23.8138477906358,23.67,24.4,24.11253487,1069,0,0,5.58888888888889,0.3031381,7.147866559,3.97279818122449e-05,0.235999999999997,0.1438477906358,-0.494,-0.586152209364197,2023,7,27,186,"NULL",2023-07-05,0.528378176278626,0.183854298485324,FALSE,FALSE
"2023-07-05 18:00:00",23.123842,23.0092,23.2122126332582,23.57,23.6,23.91612699,640.6,0,0,5.58888888888889,0.5159084,5.86881668,3.40116779510204e-05,-0.5608,-0.3577873667418,-0.590800000000002,-0.387787366741801,2023,7,27,186,"NULL",2023-07-05,0.528378176278626,0.183854298485324,FALSE,FALSE
"2023-07-06 07:00:00",20.170465,19.7318,19.4485900863488,19.97,19.65,17.35149757,413.1,0,0,5.51111111111111,0.4149192,2.767252414,5.13103683265306e-06,-0.238199999999999,-0.521409913651198,0.0818000000000012,-0.201409913651197,2023,7,27,187,"NULL",2023-07-06,0.528378176278626,0.183854298485324,FALSE,FALSE
"2023-07-06 08:00:00",22.063293,21.869,21.3361390443392,20.66,20.34,18.18195868,825,0,0,5.5,0.4994526,4.827100825,2.45184614244898e-05,1.209,0.676139044339198,1.529,0.996139044339198,2023,7,27,187,"NULL",2023-07-06,0.528378176278626,0.183854298485324,FALSE,FALSE
"2023-07-06 09:00:00",24.077204,23.7165,23.2263273150845,21.3,21.37,19.57303788,1145,0,0,5.5,0.3390244,7.309889738,3.59102453428571e-05,2.4165,1.9263273150845,2.3465,1.8563273150845,2023,7,27,187,"NULL",2023-07-06,0.528378176278626,0.183854298485324,FALSE,FALSE
"2023-07-06 10:00:00",25.415268,24.8937,24.3487355220177,22.7,22.68,21.29002923,1550,0,0,5.51111111111111,0.313058,11.21935744,1.70150542938776e-05,2.1937,1.6487355220177,2.2137,1.6687355220177,2023,7,27,187,"NULL",2023-07-06,0.528378176278626,0.183854298485324,FALSE,FALSE
"2023-07-06 11:00:00",27.45105,26.6253,26.535302651237,24.08,24.47,23.37558151,1805,0,0,5.52222222222222,0.2037993,14.68726365,2.79711005102041e-05,2.5453,2.455302651237,2.1553,2.065302651237,2023,7,27,187,"NULL",2023-07-06,0.528378176278626,0.183854298485324,FALSE,FALSE
"2023-07-06 12:00:00",26.873135,25.8722,25.1997913524601,25.01,25.85,24.92785301,1902,0,0,5.53333333333333,0.3657881,13.23154403,6.94475673061224e-05,0.862199999999998,0.189791352460098,0.022199999999998,-0.650208647539902,2023,7,27,187,"NULL",2023-07-06,0.528378176278626,0.183854298485324,FALSE,FALSE
"2023-07-06 13:00:00",27.825836,26.8919,26.7583259451521,24.58,25.87,24.08112958,1937,0,0,5.53333333333333,0.6398499,6.825233387,4.9833802122449e-05,2.3119,2.1783259451521,1.0219,0.888325945152101,2023,7,27,187,"NULL",2023-07-06,0.528378176278626,0.183854298485324,FALSE,FALSE
"2023-07-06 14:00:00",27.588863,26.7054,26.0822830822213,24.95,26.11,25.10419887,1854,0,0,5.55555555555556,0.3917141,8.447034463,3.63927080734694e-05,1.7554,1.1322830822213,0.595400000000001,-0.0277169177787009,2023,7,27,187,"NULL",2023-07-06,0.528378176278626,0.183854298485324,FALSE,FALSE
"2023-07-06 17:00:00",26.153843,25.8825,25.6659366108734,24.8,25.49,25.21161239,1041,0,0,5.56666666666667,0.5769193,5.323151155,3.60841988734694e-06,1.0825,0.865936610873398,0.392500000000002,0.1759366108734,2023,7,27,187,"NULL",2023-07-06,0.528378176278626,0.183854298485324,FALSE,FALSE
"2023-07-06 18:00:00",24.577168,24.4908,24.3399967587552,24.58,24.95,24.33112958,623.8,0,0,5.55555555555556,0.4400994,5.947629723,3.19050379836735e-05,-0.0891999999999982,-0.2400032412448,-0.459199999999999,-0.610003241244801,2023,7,27,187,"NULL",2023-07-06,0.528378176278626,0.183854298485324,FALSE,FALSE
"2023-07-07 07:00:00",20.01539,19.7581,19.5768400217771,17.44,17.25,15.22174855,391.9,0,0,5.48888888888889,0.5742335,1.004071618,3.70536698489796e-05,2.3181,2.1368400217771,2.5081,2.3268400217771,2023,7,27,188,"NULL",2023-07-07,0.528378176278626,0.183854298485324,FALSE,FALSE
"2023-07-07 08:00:00",21.16042,20.8153,20.3188457294067,19.16,18.9,17.10131778,807,0,0,5.5,0.6513883,3.498544928,7.29389988571429e-06,1.6553,1.1588457294067,1.9153,1.4188457294067,2023,7,27,188,"NULL",2023-07-07,0.528378176278626,0.183854298485324,FALSE,FALSE
"2023-07-07 09:00:00",23.331375,22.9781,22.5164518675141,20.32,20.3,18.12436238,1131,0,0,5.5,0.5991605,7.017362931,2.46702735877551e-06,2.6581,2.1964518675141,2.6781,2.2164518675141,2023,7,27,188,"NULL",2023-07-07,0.528378176278626,0.183854298485324,FALSE,FALSE
"2023-07-07 10:00:00",23.020105,22.6146,22.2567157099086,20.92,21.13,18.71645202,1370,0,0,5.48888888888889,0.5460721,8.166307861,3.37111097959184e-05,1.6946,1.3367157099086,1.4846,1.1267157099086,2023,7,27,188,"NULL",2023-07-07,0.528378176278626,0.183854298485324,FALSE,FALSE
"2023-07-07 11:00:00",25.66629,24.8095,24.3141215416171,22.48,22.89,19.90249594,1784,0,0,5.48888888888889,0.3113587,9.727675723,6.12037899591837e-05,2.3295,1.8341215416171,1.9195,1.4241215416171,2023,7,27,188,"NULL",2023-07-07,0.528378176278626,0.183854298485324,FALSE,FALSE
"2023-07-07 12:00:00",25.81814,24.8664,24.1851298143881,23.6,24.62,21.90895189,1913,0,0,5.48888888888889,0.3307661,8.365789742,5.59200120408163e-05,1.2664,0.5851298143881,0.246399999999998,-0.434870185611899,2023,7,27,188,"NULL",2023-07-07,0.528378176278626,0.183854298485324,FALSE,FALSE
"2023-07-07 13:00:00",27.122293,26.1304,25.8808549897445,23.48,24.54,22.53815217,1975,0,0,5.48888888888889,0.6725043,8.365928064,2.8153069644898e-05,2.6504,2.4008549897445,1.5904,1.3408549897445,2023,7,27,188,"NULL",2023-07-07,0.528378176278626,0.183854298485324,FALSE,FALSE
"2023-07-07 15:00:00",25.70077,24.9899,24.3126109569269,23.69,24.48,22.18792798,1688,0,0,5.5,0.616459,7.031817929,2.93805543387755e-05,1.2999,0.622610956926898,0.509899999999998,-0.167389043073101,2023,7,27,188,"NULL",2023-07-07,0.528378176278626,0.183854298485324,FALSE,FALSE
"2023-07-07 17:00:00",24.523548,24.1863,23.8659230634828,24.3,24.94,23.96547269,1045,0,0,5.52222222222222,0.6063835,7.032377875,2.74001014e-05,-0.113700000000001,-0.434076936517201,-0.753700000000002,-1.0740769365172,2023,7,27,188,"NULL",2023-07-07,0.528378176278626,0.183854298485324,FALSE,FALSE
"2023-07-07 18:00:00",23.78892,23.681,23.4913315641539,23.68,24.11,22.69022677,628.2,0,0,5.52222222222222,0.6571945,5.375479828,2.62707444040816e-05,0.00100000000000122,-0.1886684358461,-0.428999999999998,-0.6186684358461,2023,7,27,188,"NULL",2023-07-07,0.528378176278626,0.183854298485324,FALSE,FALSE
"2023-07-08 07:00:00",18.295677,17.9044,17.5907903117166,17.81,17.65,11.11405336,393.1,0,0,5.47777777777778,0.6484354,2.144352074,-3.21638158489796e-05,0.0944000000000003,-0.219209688283399,0.2544,-0.0592096882833992,2023,7,27,189,"NULL",2023-07-08,0.528378176278626,0.183854298485324,FALSE,FALSE
"2023-07-08 08:00:00",20.78398,20.6538,20.2676385151047,18.49,18.17,12.10762918,644.6,0,0,5.46666666666667,0.5226167,4.283951052,-4.06812264040816e-06,2.1638,1.7776385151047,2.4838,2.0976385151047,2023,7,27,189,"NULL",2023-07-08,0.528378176278626,0.183854298485324,FALSE,FALSE
"2023-07-08 09:00:00",22.245,21.817,21.2453088805044,20.05,19.81,13.60786777,1160,0,0,5.46666666666667,0.7043118,9.765610643,6.35046633469388e-06,1.767,1.1953088805044,2.007,1.4353088805044,2023,7,27,189,"NULL",2023-07-08,0.528378176278626,0.183854298485324,FALSE,FALSE
"2023-07-08 10:00:00",22.52651,21.9833,21.3283579043326,20.39,20.58,14.09810659,1521,0,0,5.45555555555556,0.5544231,10.59915071,3.59873376408163e-05,1.5933,0.938357904332598,1.4033,0.7483579043326,2023,7,27,189,"NULL",2023-07-08,0.528378176278626,0.183854298485324,FALSE,FALSE
"2023-07-08 11:00:00",24.879072,24.031,23.669185525816,21.27,21.88,15.69629191,1778,0,0,5.46666666666667,0.4974503,11.86100901,5.0144363755102e-05,2.761,2.399185525816,2.151,1.789185525816,2023,7,27,189,"NULL",2023-07-08,0.528378176278626,0.183854298485324,FALSE,FALSE
"2023-07-08 12:00:00",26.849375,25.9669,25.7193679142083,23.03,23.84,19.35943035,2032,0,0,5.46666666666667,0.4398631,11.2557398,2.15212260367347e-05,2.9369,2.6893679142083,2.1269,1.8793679142083,2023,7,27,189,"NULL",2023-07-08,0.528378176278626,0.183854298485324,FALSE,FALSE
"2023-07-08 13:00:00",26.839497,25.9452,25.6865932414981,24.01,24.79,20.89930742,1783,0,0,5.48888888888889,0.5321843,14.26640679,9.6805530244898e-05,1.9352,1.6765932414981,1.1552,0.896593241498103,2023,7,27,189,"NULL",2023-07-08,0.528378176278626,0.183854298485324,FALSE,FALSE
"2023-07-08 14:00:00",25.802328,24.8875,24.6422595806639,23.66,24.78,20.82485227,1886,0,0,5.5,0.5943807,9.108698325,-2.82893217632653e-06,1.2275,0.9822595806639,0.107499999999998,-0.137740419336101,2023,7,27,189,"NULL",2023-07-08,0.528378176278626,0.183854298485324,FALSE,FALSE
"2023-07-08 15:00:00",26.14707,25.3666,25.5589954875794,23.58,24.45,20.92372602,1690,0,0,5.5,0.3406542,9.695032467,5.42225145714286e-05,1.7866,1.9789954875794,0.916599999999999,1.1089954875794,2023,7,27,189,"NULL",2023-07-08,0.528378176278626,0.183854298485324,FALSE,FALSE
"2023-07-08 16:00:00",25.583899,25,24.4862103643868,24.57,25.5,22.55258303,1378,0,0,5.5,0.6533353,7.579549513,2.41284033183673e-05,0.43,-0.0837896356132006,-0.5,-1.0137896356132,2023,7,27,189,"NULL",2023-07-08,0.528378176278626,0.183854298485324,FALSE,FALSE
"2023-07-08 18:00:00",23.2922,23.1489,22.9193223190094,23.45,23.78,20.73566014,618,0,0,5.51111111111111,0.5244437,5.114858171,2.60416883673469e-05,-0.301099999999998,-0.5306776809906,-0.6311,-0.860677680990602,2023,7,27,189,"NULL",2023-07-08,0.528378176278626,0.183854298485324,FALSE,FALSE
"2023-07-09 07:00:00",18.086067,17.7286,17.1865349269454,17.42,17.2,12.2064931,344.7,0,0,5.43333333333333,0.1589209,2.856903729,-9.20674515510204e-06,0.308599999999998,-0.233465073054603,0.528600000000001,-0.0134650730546007,2023,7,28,190,"NULL",2023-07-09,0.528378176278626,0.183854298485324,FALSE,FALSE
"2023-07-09 08:00:00",18.048004,17.9316,17.5963663315692,17.96,17.8,11.37829704,433.2,0,0,5.43333333333333,0.1731711,4.819760629,7.04564565306122e-06,-0.0284000000000013,-0.363633668430801,0.131599999999999,-0.2036336684308,2023,7,28,190,"NULL",2023-07-09,0.528378176278626,0.183854298485324,FALSE,FALSE
"2023-07-09 09:00:00",22.399992,22.0779,21.657186060115,19.45,18.73,13.18729302,903,0,0,5.43333333333333,0.3315285,6.828177192,3.26910004122449e-05,2.6279,2.207186060115,3.3479,2.927186060115,2023,7,28,190,"NULL",2023-07-09,0.528378176278626,0.183854298485324,FALSE,FALSE
"2023-07-09 10:00:00",23.538763,23.0213,23.0513035172571,22.06,20.69,17.61266663,1469,0,0,5.44444444444444,0.4468883,9.013779534,6.12035691020408e-05,0.961300000000001,0.991303517257101,2.3313,2.3613035172571,2023,7,28,190,"NULL",2023-07-09,0.528378176278626,0.183854298485324,FALSE,FALSE
"2023-07-09 11:00:00",24.475185,23.6714,23.6221949001038,22.88,22.74,18.64394477,1748,0,0,5.43333333333333,0.4618831,6.083094483,5.77465037959184e-05,0.791399999999999,0.742194900103801,0.9314,0.882194900103801,2023,7,28,190,"NULL",2023-07-09,0.528378176278626,0.183854298485324,FALSE,FALSE
"2023-07-09 12:00:00",24.321499,23.7611,23.7939605631663,22.41,23.15,17.28645125,1791,0,0,5.44444444444444,0.3369702,10.24027475,1.8153843444898e-05,1.3511,1.3839605631663,0.6111,0.643960563166303,2023,7,28,190,"NULL",2023-07-09,0.528378176278626,0.183854298485324,FALSE,FALSE
"2023-07-09 13:00:00",24.034595,23.5769,23.4845173457243,23.52,23.48,19.30827074,1074,0,0,5.45555555555556,0.2520718,13.77053702,8.59764186530612e-05,0.0568999999999988,-0.0354826542757003,0.096899999999998,0.00451734572429885,2023,7,28,190,"NULL",2023-07-09,0.528378176278626,0.183854298485324,FALSE,FALSE
"2023-07-09 15:00:00",23.286364,22.9356,22.8048849332759,23.84,23.57,20.13456623,901,0,0,5.45555555555556,0.5242174,9.475101509,6.07064112653061e-05,-0.904399999999999,-1.0351150667241,-0.634399999999999,-0.7651150667241,2023,7,28,190,"NULL",2023-07-09,0.528378176278626,0.183854298485324,FALSE,FALSE
"2023-07-09 16:00:00",22.360199,22.1371,22.0581590843483,23.14,23.08,18.60807906,479.1,0,0,5.46666666666667,0.5569512,6.427896055,3.32789822489796e-05,-1.0029,-1.0818409156517,-0.942899999999998,-1.0218409156517,2023,7,28,190,"NULL",2023-07-09,0.528378176278626,0.183854298485324,FALSE,FALSE
"2023-07-09 18:00:00",23.067688,22.9509,22.6830826416145,22.17,22.23,16.47184794,583.9,0,0,5.45555555555556,0.6439092,5.987498545,1.89897348204082e-05,0.780899999999999,0.513082641614499,0.7209,0.4530826416145,2023,7,28,190,"NULL",2023-07-09,0.528378176278626,0.183854298485324,FALSE,FALSE
"2023-07-10 07:00:00",18.56719,18.3477,18.0076292800891,18.52,17.56,11.80782695,470.2,0,0,5.41111111111111,0.3849723,5.112522902,2.89140723102041e-05,-0.1723,-0.512370719910901,0.787700000000001,0.4476292800891,2023,7,28,191,"NULL",2023-07-10,0.528378176278626,0.183854298485324,FALSE,FALSE
"2023-07-10 08:00:00",18.860758,18.7614,18.7971036843838,18.24,17.76,10.24521275,484,0,0,5.41111111111111,0.3963041,8.397192513,-8.72236386122449e-06,0.5214,0.557103684383801,1.0014,1.0371036843838,2023,7,28,191,"NULL",2023-07-10,0.528378176278626,0.183854298485324,FALSE,FALSE
"2023-07-10 09:00:00",21.485533,21.1883,21.3224536729888,19.83,18.51,11.32906128,1091,0,0,5.42222222222222,0.4567342,7.522401651,6.54840420408163e-05,1.3583,1.4924536729888,2.6783,2.8124536729888,2023,7,28,191,"NULL",2023-07-10,0.528378176278626,0.183854298485324,FALSE,FALSE
"2023-07-10 10:00:00",22.461386,21.9983,22.3630778430528,20.54,19.99,11.92174175,1482,0,0,5.41111111111111,0.5751392,6.959245681,9.27273746530612e-06,1.4583,1.8230778430528,2.0083,2.3730778430528,2023,7,28,191,"NULL",2023-07-10,0.528378176278626,0.183854298485324,FALSE,FALSE
"2023-07-10 11:00:00",21.3074,20.9051,20.9245637638956,21.35,21.38,12.57111523,1324,0,0,5.42222222222222,0.5703597,12.25653772,5.55235712653061e-05,-0.444900000000001,-0.425436236104403,-0.474899999999998,-0.455436236104401,2023,7,28,191,"NULL",2023-07-10,0.528378176278626,0.183854298485324,FALSE,FALSE
"2023-07-10 12:00:00",25.626022,24.9154,25.2065427540452,22.48,23.06,14.41249594,1891,0,0,5.42222222222222,0.4652876,13.656622,6.26916262857143e-05,2.4354,2.7265427540452,1.8554,2.1465427540452,2023,7,28,191,"NULL",2023-07-10,0.528378176278626,0.183854298485324,FALSE,FALSE
"2023-07-10 13:00:00",22.37035,21.9663,21.9190513078929,22.78,22.87,15.25474493,882,0,0,5.43333333333333,0.3661389,7.941340992,4.05280645510204e-05,-0.813700000000001,-0.860948692107101,-0.903700000000001,-0.950948692107101,2023,7,28,191,"NULL",2023-07-10,0.528378176278626,0.183854298485324,FALSE,FALSE
"2023-07-10 14:00:00",23.643398,23.2044,23.2140460864501,22.46,22.34,15.23929625,435.5,0,0,5.44444444444444,0.341308,5.88702495,3.65294925346939e-05,0.744399999999999,0.754046086450099,0.8644,0.8740460864501,2023,7,28,191,"NULL",2023-07-10,0.528378176278626,0.183854298485324,FALSE,FALSE
"2023-07-10 15:00:00",22.342712,22.1004,22.0467101567446,22.96,22.84,16.51995132,510.7,0,0,5.44444444444444,0.3376453,5.836883493,3.87704444857143e-05,-0.8596,-0.913289843255402,-0.739599999999999,-0.793289843255401,2023,7,28,191,"NULL",2023-07-10,0.528378176278626,0.183854298485324,FALSE,FALSE
"2023-07-10 16:00:00",23.274326,22.999,22.9390101263579,22.97,22.71,16.63699267,617.5,0,0,5.44444444444444,0.312074,5.752549764,3.58593517020408e-05,0.0289999999999999,-0.030989873642099,0.288999999999998,0.229010126357899,2023,7,28,191,"NULL",2023-07-10,0.528378176278626,0.183854298485324,FALSE,FALSE
"2023-07-10 17:00:00",24.831532,24.6084,24.7509515155352,23.99,23.74,18.5733142,809,0,0,5.44444444444444,0.5617133,7.454538146,5.33203393877551e-05,0.618400000000001,0.760951515535201,0.868400000000001,1.0109515155352,2023,7,28,191,"NULL",2023-07-10,0.528378176278626,0.183854298485324,FALSE,FALSE
"2023-07-10 18:00:00",22.899023,22.7793,22.8596647565268,24.36,23.99,19.45533585,642.8,0,0,5.44444444444444,0.6325198,3.013433081,4.59468180408163e-05,-1.5807,-1.5003352434732,-1.2107,-1.1303352434732,2023,7,28,191,"NULL",2023-07-10,0.528378176278626,0.183854298485324,FALSE,FALSE
"2023-07-11 07:00:00",17.877575,17.6992,17.2703995188777,18.62,17.16,9.152298693,398.7,0,0,5.4,0.0741173,4.699842023,-7.80947935102041e-07,-0.9208,-1.3496004811223,0.539200000000001,0.110399518877699,2023,7,28,192,"NULL",2023-07-11,0.528378176278626,0.183854298485324,FALSE,FALSE
"2023-07-11 08:00:00",20.913977,20.8433,20.7831606492619,20.49,18.25,10.79699524,948,0,0,5.38888888888889,0.4069049,7.825488071,5.21739692244898e-05,0.353300000000001,0.293160649261903,2.5933,2.5331606492619,2023,7,28,192,"NULL",2023-07-11,0.528378176278626,0.183854298485324,FALSE,FALSE
"2023-07-11 09:00:00",22.074198,21.8298,22.1185129193994,21.16,19.73,11.07553263,1248,0,0,5.4,0.4264399,8.888474576,3.66489920489796e-05,0.669799999999999,0.9585129193994,2.0998,2.3885129193994,2023,7,28,192,"NULL",2023-07-11,0.528378176278626,0.183854298485324,FALSE,FALSE
"2023-07-11 10:00:00",21.769405,21.5759,21.8260048568028,21.81,21.14,12.03932503,1489,0,0,5.4,0.6660211,9.288933556,0.000115515570571429,-0.234099999999998,0.0160048568028017,0.4359,0.6860048568028,2023,7,28,192,"NULL",2023-07-11,0.528378176278626,0.183854298485324,FALSE,FALSE
"2023-07-11 11:00:00",24.422169,23.9689,24.4599810969588,21.87,21.81,12.30563666,1681,0,0,5.41111111111111,0.6535949,13.68744485,9.18864229387755e-05,2.0989,2.5899810969588,2.1589,2.6499810969588,2023,7,28,192,"NULL",2023-07-11,0.528378176278626,0.183854298485324,FALSE,FALSE
"2023-07-11 12:00:00",21.840702,21.5667,21.4534055177129,22.15,21.85,12.90919135,812,0,0,5.42222222222222,0.3733352,13.12106059,4.52597206530612e-05,-0.583299999999998,-0.6965944822871,-0.283300000000001,-0.396594482287103,2023,7,28,192,"NULL",2023-07-11,0.528378176278626,0.183854298485324,FALSE,FALSE
"2023-07-11 13:00:00",22.265919,22.0337,21.7236154896052,21.88,21.59,12.52171863,678.6,0,0,5.41111111111111,0.2269272,10.30377485,0.000156167857836735,0.153700000000001,-0.156384510394798,0.4437,0.133615489605202,2023,7,28,192,"NULL",2023-07-11,0.528378176278626,0.183854298485324,FALSE,FALSE
"2023-07-11 14:00:00",26.526102,25.8734,25.7031224076372,23.27,23.02,14.32244587,1395,0,0,5.41111111111111,0.5097817,7.53971441,2.23559657591837e-05,2.6034,2.4331224076372,2.8534,2.6831224076372,2023,7,28,192,"NULL",2023-07-11,0.528378176278626,0.183854298485324,FALSE,FALSE
"2023-07-11 15:00:00",22.915083,22.6426,22.303385525816,22.99,23.76,15.22110244,1429,0,0,5.43333333333333,0.6697445,13.77674622,9.10493702040816e-06,-0.347399999999997,-0.686614474183997,-1.1174,-1.456614474184,2023,7,28,192,"NULL",2023-07-11,0.528378176278626,0.183854298485324,FALSE,FALSE
"2023-07-11 16:00:00",23.902363,23.6532,23.3843985186498,22.49,22.99,14.20910902,1113,0,0,5.43333333333333,0.5721143,11.69224493,3.2142487522449e-05,1.1632,0.894398518649801,0.6632,0.394398518649801,2023,7,28,192,"NULL",2023-07-11,0.528378176278626,0.183854298485324,FALSE,FALSE
"2023-07-11 18:00:00",22.614185,22.453,22.0388678711605,22.57,22.97,14.84233182,762.2,0,0,5.43333333333333,0.5070468,8.047606564,2.1162835044898e-05,-0.117000000000001,-0.531132128839499,-0.516999999999999,-0.931132128839497,2023,7,28,192,"NULL",2023-07-11,0.528378176278626,0.183854298485324,FALSE,FALSE
"2023-07-13 07:00:00",18.50735,18.4329,18.2722812311666,17.42,17.3,8.256493102,129.2,0,0,5.35555555555556,0.2168463,4.990245991,9.54343151020408e-06,1.0129,0.852281231166597,1.1329,0.972281231166598,2023,7,28,194,"NULL",2023-07-13,0.528378176278626,0.183854298485324,FALSE,FALSE
"2023-07-13 08:00:00",17.668573,17.5662,17.3949845610392,17.77,17.48,8.602526211,246.6,0,0,5.35555555555556,0.2997791,8.377836852,6.7703763755102e-06,-0.203800000000001,-0.375015438960798,0.0861999999999981,-0.0850154389607987,2023,7,28,194,"NULL",2023-07-13,0.528378176278626,0.183854298485324,FALSE,FALSE
"2023-07-13 09:00:00",19.640135,19.46,19.3732857967638,19.47,18.97,10.66552866,663.3,0,0,5.35555555555556,0.4608409,11.83046212,5.43008191836735e-05,-0.00999999999999801,-0.0967142032361998,0.490000000000002,0.4032857967638,2023,7,28,194,"NULL",2023-07-13,0.528378176278626,0.183854298485324,FALSE,FALSE
"2023-07-13 10:00:00",21.153944,20.873,20.8445720341344,20.98,20.91,12.98827606,967,0,0,5.35555555555556,0.6969494,7.728627438,9.4382783877551e-05,-0.106999999999999,-0.135427965865599,-0.036999999999999,-0.0654279658655987,2023,7,28,194,"NULL",2023-07-13,0.528378176278626,0.183854298485324,FALSE,FALSE
"2023-07-13 11:00:00",20.965313,20.7373,20.5745240738396,21.97,21.75,14.17684333,868,0,0,5.36666666666667,0.6144761,3.556721854,3.25013153346939e-05,-1.2327,-1.3954759261604,-1.0127,-1.1754759261604,2023,7,28,194,"NULL",2023-07-13,0.528378176278626,0.183854298485324,FALSE,FALSE
"2023-07-13 12:00:00",20.007687,19.8553,19.5921075485554,20.31,20.01,11.75957381,281,0,0,5.36666666666667,0.3692841,10.3027961,4.68836368571429e-05,-0.454699999999999,-0.717892451444598,-0.154700000000002,-0.417892451444601,2023,7,28,194,"NULL",2023-07-13,0.528378176278626,0.183854298485324,FALSE,FALSE
"2023-07-13 13:00:00",22.945787,22.4886,22.1894454103467,22.66,23.24,15.5128854,1788,0,0,5.36666666666667,0.5752978,17.21406277,9.48120065306122e-05,-0.171399999999998,-0.4705545896533,-0.751399999999997,-1.0505545896533,2023,7,28,194,"NULL",2023-07-13,0.528378176278626,0.183854298485324,FALSE,FALSE
"2023-07-13 14:00:00",23.782959,23.4188,22.8619289179813,24.1,23.97,17.84174505,1304,0,0,5.37777777777778,0.6091742,10.75921859,9.63702927755102e-05,-0.6812,-1.2380710820187,-0.551199999999998,-1.1080710820187,2023,7,28,194,"NULL",2023-07-13,0.528378176278626,0.183854298485324,FALSE,FALSE
"2023-07-13 15:00:00",22.56173,22.3468,22.1542503000684,22.64,22.51,15.68936688,414.3,0,0,5.37777777777778,0.4384067,5.987039426,2.64296353714286e-05,-0.293199999999999,-0.485749699931599,-0.1632,-0.3557496999316,2023,7,28,194,"NULL",2023-07-13,0.528378176278626,0.183854298485324,FALSE,FALSE
"2023-07-13 16:00:00",26.381268,25.9728,26.0180232609962,24.01,24.33,18.19930742,984,0,0,5.38888888888889,0.6668625,7.244853829,4.31806982040816e-05,1.9628,2.0080232609962,1.6428,1.6880232609962,2023,7,28,194,"NULL",2023-07-13,0.528378176278626,0.183854298485324,FALSE,FALSE
"2023-07-13 17:00:00",24.088596,23.8581,24.1131115165481,23.29,23.45,17.01710075,592.6,0,0,5.38888888888889,0.5441219,6.491839135,2.81694973959184e-05,0.568100000000001,0.823111516548099,0.408100000000001,0.663111516548099,2023,7,28,194,"NULL",2023-07-13,0.528378176278626,0.183854298485324,FALSE,FALSE
"2023-07-13 18:00:00",22.522211,22.4161,22.270123987744,23.09,23.01,16.80219363,440.7,0,0,5.37777777777778,0.3558918,7.747800519,3.39465369836735e-05,-0.6739,-0.819876012256,-0.593900000000001,-0.739876012256001,2023,7,28,194,"NULL",2023-07-13,0.528378176278626,0.183854298485324,FALSE,FALSE
"2023-07-14 07:00:00",18.293255,18.2299,18.1371838089691,18.83,18.57,12.54710157,190.9,0,0,5.35555555555556,0.3996456,2.441739776,1.7870296555102e-05,-0.600099999999998,-0.692816191030897,-0.3401,-0.432816191030899,2023,7,28,195,"NULL",2023-07-14,0.528378176278626,0.183854298485324,FALSE,FALSE
"2023-07-14 08:00:00",20.518538,20.4193,20.3640698083108,20.26,19.47,14.11575089,739.3,0,0,5.35555555555556,0.5407988,4.15473233,-2.23971586367347e-05,0.159299999999998,0.104069808310797,0.949300000000001,0.8940698083108,2023,7,28,195,"NULL",2023-07-14,0.528378176278626,0.183854298485324,FALSE,FALSE
"2023-07-14 09:00:00",23.105963,22.7704,22.70116374617,21.97,21.13,16.74684333,1114,0,0,5.36666666666667,0.4297342,7.01701408,4.40509419183673e-05,0.8004,0.731163746170001,1.6404,1.57116374617,2023,7,28,195,"NULL",2023-07-14,0.528378176278626,0.183854298485324,FALSE,FALSE
"2023-07-14 10:00:00",21.458462,21.2798,21.1428469550024,22.23,21.88,16.99002671,839,0,0,5.36666666666667,0.4344766,5.06481447,1.51949045469388e-05,-0.950199999999999,-1.0871530449976,-0.600199999999997,-0.737153044997598,2023,7,28,195,"NULL",2023-07-14,0.528378176278626,0.183854298485324,FALSE,FALSE
"2023-07-14 11:00:00",24.596085,24.2782,24.3955780481629,22.86,22.78,17.13003306,1136,0,0,5.35555555555556,0.6336646,9.72195357,7.35108037959184e-05,1.4182,1.5355780481629,1.4982,1.6155780481629,2023,7,28,195,"NULL",2023-07-14,0.528378176278626,0.183854298485324,FALSE,FALSE
"2023-07-14 12:00:00",20.838366,20.6268,20.1689055860829,23.68,23.65,18.33022677,900,0,0,5.36666666666667,0.5914413,7.788364505,4.65246655102041e-05,-3.0532,-3.5110944139171,-3.0232,-3.4810944139171,2023,7,28,195,"NULL",2023-07-14,0.528378176278626,0.183854298485324,FALSE,FALSE
"2023-07-14 14:00:00",22.318256,22.1885,22.1264941657593,21.23,21.26,12.66408091,896,0,0.508,5.37777777777778,0.231311,6.890729346,5.27426979591837e-05,0.958500000000001,0.8964941657593,0.9285,0.866494165759299,2023,7,28,195,"NULL",2023-07-14,0.528378176278626,0.183854298485324,FALSE,FALSE
"2023-07-14 15:00:00",26.05184,25.5692,25.4947615076853,25.23,25.22,19.95763283,1872,0,0,5.37777777777778,0.5976552,7.250634942,0.000162578053959184,0.339199999999998,0.2647615076853,0.3492,0.274761507685302,2023,7,28,195,"NULL",2023-07-14,0.528378176278626,0.183854298485324,FALSE,FALSE
"2023-07-14 16:00:00",25.988943,25.7691,25.7183217771138,25.3,25.47,20.85220874,809,0,0,5.38888888888889,0.3198539,4.96469394,8.71992549795918e-05,0.469100000000001,0.4183217771138,0.299100000000003,0.248321777113802,2023,7,28,195,"NULL",2023-07-14,0.528378176278626,0.183854298485324,FALSE,FALSE
"2023-07-14 17:00:00",25.35812,25.1875,25.2386446152288,24.47,24.52,19.78764942,702.7,0,0,5.38888888888889,0.4444386,5.028417959,5.55270396326531e-05,0.717500000000001,0.768644615228801,0.6675,0.718644615228801,2023,7,28,195,"NULL",2023-07-14,0.528378176278626,0.183854298485324,FALSE,FALSE
"2023-07-14 18:00:00",24.802076,24.7135,24.8225274214378,24.84,24.63,21.15675298,610,0,0,5.37777777777778,0.55919,6.248914621,6.20493869795918e-05,-0.1265,-0.0174725785621987,0.0835000000000008,0.192527421437802,2023,7,28,195,"NULL",2023-07-14,0.528378176278626,0.183854298485324,FALSE,FALSE
"2023-07-15 07:00:00",21.201645,21.0023,20.7846067357119,21.28,20.62,17.72186554,379.6,0,0,5.34444444444444,0.4272063,2.836939387,3.02026463510204e-05,-0.277699999999999,-0.495393264288101,0.382300000000001,0.164606735711899,2023,7,28,196,"NULL",2023-07-15,0.528378176278626,0.183854298485324,FALSE,FALSE
"2023-07-15 08:00:00",20.927732,20.8371,20.6863480869059,21.04,20.44,15.95039696,642.1,0,0,5.33333333333333,0.5760006,6.739367387,5.06451815918367e-05,-0.2029,-0.353651913094097,0.397099999999998,0.2463480869059,2023,7,28,196,"NULL",2023-07-15,0.528378176278626,0.183854298485324,FALSE,FALSE
"2023-07-15 09:00:00",22.94469,22.7321,22.7037990023043,21.72,21.25,17.76543529,809,0,0,5.34444444444444,0.4806846,5.49585708,4.59927553469388e-06,1.0121,0.983799002304302,1.4821,1.4537990023043,2023,7,28,196,"NULL",2023-07-15,0.528378176278626,0.183854298485324,FALSE,FALSE
"2023-07-15 10:00:00",24.551401,24.2185,24.1661037147705,24.04,23.35,20.28336812,1663,0,0,5.33333333333333,0.612254,9.17875789,4.40136191428571e-05,0.1785,0.126103714770501,0.868499999999997,0.816103714770499,2023,7,28,196,"NULL",2023-07-15,0.528378176278626,0.183854298485324,FALSE,FALSE
"2023-07-15 11:00:00",23.587084,23.3281,23.3832870096984,23.6,23.1,18.97895189,744.4,0,0,5.33333333333333,0.5159646,6.839259837,0.000111553712204082,-0.271900000000002,-0.216712990301602,0.228099999999998,0.283287009698398,2023,7,28,196,"NULL",2023-07-15,0.528378176278626,0.183854298485324,FALSE,FALSE
"2023-07-15 12:00:00",26.391537,25.5801,25.3528987566787,24.28,24.32,20.61892824,1377,0,0,5.34444444444444,0.5675084,5.919392538,0.000109342454367347,1.3001,1.0728987566787,1.2601,1.0328987566787,2023,7,28,196,"NULL",2023-07-15,0.528378176278626,0.183854298485324,FALSE,FALSE
"2023-07-15 13:00:00",28.995213,28.3898,28.6921194398724,25.49,25.93,22.99996032,1568,0,0,5.33333333333333,0.2386012,8.496644431,3.13644514244898e-05,2.8998,3.2021194398724,2.4598,2.7621194398724,2023,7,28,196,"NULL",2023-07-15,0.528378176278626,0.183854298485324,FALSE,FALSE
"2023-07-15 15:00:00",29.746243,29.2585,29.5800989845788,27.75,27.65,27.33198109,1862,0,0,5.37777777777778,0.3960364,4.419372272,0.000114483565469388,1.5085,1.8300989845788,1.6085,1.9300989845788,2023,7,28,196,"NULL",2023-07-15,0.528378176278626,0.183854298485324,FALSE,FALSE
"2023-07-15 16:00:00",26.884232,26.6418,26.9682100731812,27.51,27.38,27.28089372,952,0,0,5.38888888888889,0.3844371,0,5.8749893877551e-05,-0.868200000000002,-0.541789926818801,-0.738199999999999,-0.411789926818798,2023,7,28,196,"NULL",2023-07-15,0.528378176278626,0.183854298485324,FALSE,FALSE
"2023-07-15 17:00:00",24.382912,24.224,24.1614924058646,25.97,25.88,24.42529843,453.8,0,0,5.37777777777778,0.5372837,0.6669013903,4.06418935428571e-05,-1.746,-1.8085075941354,-1.656,-1.7185075941354,2023,7,28,196,"NULL",2023-07-15,0.528378176278626,0.183854298485324,FALSE,FALSE
"2023-07-15 18:00:00",26.572184,26.4462,26.5034383581069,26.95,26.64,26.30955893,740.2,0,0,5.38888888888889,0.6873205,3.842647558,5.76214287755102e-05,-0.503799999999998,-0.446561641893098,-0.1938,-0.136561641893099,2023,7,28,196,"NULL",2023-07-15,0.528378176278626,0.183854298485324,FALSE,FALSE
"2023-07-16 07:00:00",19.444117,19.3174,19.0496314274138,20.12,19.49,12.24010655,216.4,0,0,5.35555555555556,0.142095,3.722228105,-3.61128667346939e-06,-0.802600000000002,-1.0703685725862,-0.172599999999999,-0.440368572586198,2023,7,29,197,"NULL",2023-07-16,0.528378176278626,0.183854298485324,FALSE,FALSE
"2023-07-16 08:00:00",22.072361,22.0421,21.7637809247677,21.23,19.99,12.66408091,678.9,0,0,5.35555555555556,0.2926427,6.191948082,1.70720074204082e-05,0.812100000000001,0.533780924767701,2.0521,1.7737809247677,2023,7,29,197,"NULL",2023-07-16,0.528378176278626,0.183854298485324,FALSE,FALSE
"2023-07-16 09:00:00",21.996824,21.7751,21.8189072067053,22.29,20.93,14.53851962,1059,0,0,5.34444444444444,0.5016305,8.728808913,4.38830100816327e-05,-0.514900000000001,-0.471092793294698,0.845099999999999,0.888907206705301,2023,7,29,197,"NULL",2023-07-16,0.528378176278626,0.183854298485324,FALSE,FALSE
"2023-07-16 10:00:00",23.173117,22.8109,22.744499397331,22.55,21.88,15.30897304,1348,0,0,5.34444444444444,0.6036258,8.86963696,7.93774573469388e-05,0.260899999999999,0.194499397331001,0.930900000000001,0.864499397331002,2023,7,29,197,"NULL",2023-07-16,0.528378176278626,0.183854298485324,FALSE,FALSE
"2023-07-16 11:00:00",25.69215,24.9958,24.8715380871591,23.69,23.71,17.27792798,1832,0,0,5.32222222222222,0.6806995,7.901576822,5.11182313877551e-05,1.3058,1.1815380871591,1.2858,1.1615380871591,2023,7,29,197,"NULL",2023-07-16,0.528378176278626,0.183854298485324,FALSE,FALSE
"2023-07-16 12:00:00",27.276844,26.2859,26.654649692335,24.47,25.1,18.90764942,2046,0,0,5.33333333333333,0.5780889,6.792724514,4.93062266530612e-05,1.8159,2.184649692335,1.1859,1.554649692335,2023,7,29,197,"NULL",2023-07-16,0.528378176278626,0.183854298485324,FALSE,FALSE
"2023-07-16 14:00:00",27.893856,27.3618,27.706826684561,25.61,25.82,21.55409792,1003,0,0,5.35555555555556,0.6365088,2.947278421,0.000105202977142857,1.7518,2.096826684561,1.5418,1.886826684561,2023,7,29,197,"NULL",2023-07-16,0.528378176278626,0.183854298485324,FALSE,FALSE
"2023-07-16 16:00:00",26.89155,26.613,26.8087273885189,26.59,26.51,23.96154083,839,0,0,5.36666666666667,0.490055,2.545709212,5.90443764897959e-05,0.0229999999999997,0.2187273885189,0.102999999999998,0.298727388518898,2023,7,29,197,"NULL",2023-07-16,0.528378176278626,0.183854298485324,FALSE,FALSE
"2023-07-16 17:00:00",27.127697,26.9038,27.3091550479856,26.77,26.07,24.59382317,805,0,0,5.37777777777778,0.5324883,0.2850174526,3.23193520612245e-05,0.133800000000001,0.539155047985599,0.8338,1.2391550479856,2023,7,29,197,"NULL",2023-07-16,0.528378176278626,0.183854298485324,FALSE,FALSE
"2023-07-16 18:00:00",25.056087,24.9401,25.0632892532476,26.47,25.86,23.56525796,536.8,0,0,5.37777777777778,0.4956828,0.7039027913,2.9715387077551e-05,-1.5299,-1.4067107467524,-0.919899999999998,-0.7967107467524,2023,7,29,197,"NULL",2023-07-16,0.528378176278626,0.183854298485324,FALSE,FALSE
"2023-07-18 07:00:00",21.992565,21.9234,21.6203635132055,23.45,22.45,21.45566014,377.4,0,0,6.96666666666667,0.1970049,4.881052773,8.6048928e-06,-1.5266,-1.8296364867945,-0.526599999999998,-0.829636486794499,2023,7,29,199,"NULL",2023-07-18,0.528378176278626,0.183854298485324,FALSE,FALSE
"2023-07-18 08:00:00",24.883217,25.2498,24.6914867969917,25.73,23.32,25.03969503,786.1,0,0,6.94444444444444,0.3384438,8.18403439,7.59245067346939e-05,-0.4802,-1.0385132030083,1.9298,1.3714867969917,2023,7,29,199,"NULL",2023-07-18,0.528378176278626,0.183854298485324,FALSE,FALSE
"2023-07-18 09:00:00",25.534002,25.445,25.5965648603479,25.73,24.02,24.29969503,1133,0,0,6.93333333333333,0.3529043,3.983627174,8.83659488163265e-05,-0.285,-0.1334351396521,1.425,1.5765648603479,2023,7,29,199,"NULL",2023-07-18,0.528378176278626,0.183854298485324,FALSE,FALSE
"2023-07-18 10:00:00",26.674301,26.3966,26.4508934187536,26.43,24.78,24.72350074,1545,0,0,6.91111111111111,0.3401594,0,8.07883747755102e-05,-0.0334000000000003,0.0208934187536016,1.6166,1.6708934187536,2023,7,29,199,"NULL",2023-07-18,0.528378176278626,0.183854298485324,FALSE,FALSE
"2023-07-18 11:00:00",26.781494,26.2214,25.9239848826315,26.26,25.79,23.73790386,1812,0,0,6.91111111111111,0.7026113,0,0.000188823223673469,-0.0386000000000024,-0.3360151173685,0.4314,0.133984882631502,2023,7,29,199,"NULL",2023-07-18,0.528378176278626,0.183854298485324,FALSE,FALSE
"2023-07-18 12:00:00",24.411152,24.0576,23.6349279304145,25.52,25.81,22.52835831,1071,0,0,6.9,0.4869106,4.941813601,0.000128870380489796,-1.4624,-1.8850720695855,-1.7524,-2.1750720695855,2023,7,29,199,"NULL",2023-07-18,0.528378176278626,0.183854298485324,FALSE,FALSE
"2023-07-18 13:00:00",26.233465,26.0588,26.0766316553139,25.79,25.95,23.28804329,1718,0,0,6.87777777777778,0.4501185,3.758363193,0.000135688700653061,0.268800000000002,0.286631655313901,0.108800000000002,0.126631655313901,2023,7,29,199,"NULL",2023-07-18,0.528378176278626,0.183854298485324,FALSE,FALSE
"2023-07-18 14:00:00",28.997768,28.369,28.5085275303234,27.49,26.91,26.74775676,1711,0,0,6.84444444444444,0.3193888,2.605102573,0.000108751676081633,0.879000000000001,1.0185275303234,1.459,1.5985275303234,2023,7,29,199,"NULL",2023-07-18,0.528378176278626,0.183854298485324,FALSE,FALSE
"2023-07-18 15:00:00",28.456486,27.8841,27.7891572560837,27.94,28.14,27.37904674,1864,0,0,6.84444444444444,0.5882207,0.7371312238,0.000110521546081633,-0.0559000000000012,-0.1508427439163,-0.2559,-0.350842743916299,2023,7,29,199,"NULL",2023-07-18,0.528378176278626,0.183854298485324,FALSE,FALSE
"2023-07-18 16:00:00",27.144098,26.8039,26.5037713251121,27.15,27.39,26.55112617,1397,0,0,6.84444444444444,0.4439583,5.674239084,0.000236343830408163,-0.3461,-0.646228674887897,-0.586100000000002,-0.886228674887899,2023,7,29,199,"NULL",2023-07-18,0.528378176278626,0.183854298485324,FALSE,FALSE
"2023-07-18 17:00:00",27.566631,27.3789,27.5681506241929,26.23,26.55,25.50722959,1245,0,0,6.81111111111111,0.5638511,7.121927576,7.41300994693878e-05,1.1489,1.3381506241929,0.828900000000001,1.0181506241929,2023,7,29,199,"NULL",2023-07-18,0.528378176278626,0.183854298485324,FALSE,FALSE
"2023-07-18 18:00:00",26.291245,26.2015,26.1400921045301,26.73,26.87,26.32079626,801,0,0,6.77777777777778,0.5729539,1.091955264,7.66379237142857e-05,-0.528500000000001,-0.589907895469899,-0.668500000000002,-0.7299078954699,2023,7,29,199,"NULL",2023-07-18,0.528378176278626,0.183854298485324,FALSE,FALSE
"2023-07-19 07:00:00",20.49308,20.3549,19.9665172545643,21.58,20.7,16.10297874,372.6,0,0,6.61111111111111,0.2697091,2.289804889,-3.33561058408163e-06,-1.2251,-1.6134827454357,-0.345099999999999,-0.733482745435698,2023,7,29,200,"NULL",2023-07-19,0.528378176278626,0.183854298485324,FALSE,FALSE
"2023-07-19 08:00:00",23.421406,23.6279,23.260087574384,23.62,21.76,19.23421486,796.7,0,0,6.58888888888889,0.3551829,3.877674798,2.13084813061224e-05,0.00789999999999935,-0.359912425616002,1.8679,1.500087574384,2023,7,29,200,"NULL",2023-07-19,0.528378176278626,0.183854298485324,FALSE,FALSE
"2023-07-19 09:00:00",25.403107,25.2423,25.4662395406548,24.47,22.87,20.81764942,1137,0,0,6.56666666666667,0.3781285,5.471464821,4.51626075102041e-05,0.772300000000001,0.996239540654802,2.3723,2.5962395406548,2023,7,29,200,"NULL",2023-07-19,0.528378176278626,0.183854298485324,FALSE,FALSE
"2023-07-19 10:00:00",26.40354,26.0079,26.13451813831,24.99,24.28,21.64992885,1554,0,0,6.54444444444444,0.5170328,5.083068544,7.42870418367347e-05,1.0179,1.14451813831,1.7279,1.85451813831,2023,7,29,200,"NULL",2023-07-19,0.528378176278626,0.183854298485324,FALSE,FALSE
"2023-07-19 11:00:00",23.643486,23.3988,23.2104179711833,24.84,24.43,20.93675298,713.9,0,0,6.52222222222222,0.5298434,4.339137418,-1.85966404122449e-06,-1.4412,-1.6295820288167,-1.0312,-1.2195820288167,2023,7,29,200,"NULL",2023-07-19,0.528378176278626,0.183854298485324,FALSE,FALSE
"2023-07-19 12:00:00",22.774769,22.6965,22.4622681750272,23.61,23.35,18.86657873,227.7,0,0,6.51111111111111,0.157222,2.841685618,9.29867405714286e-06,-0.913499999999999,-1.1477318249728,-0.653500000000001,-0.8877318249728,2023,7,29,200,"NULL",2023-07-19,0.528378176278626,0.183854298485324,FALSE,FALSE
"2023-07-19 14:00:00",22.657602,22.5864,22.4985160770809,24.27,23.61,18.26067035,1113,0,0.762,6.5,0.3478187,6.307770159,0.000153215962408163,-1.6836,-1.7714839229191,-1.0236,-1.1114839229191,2023,7,29,200,"NULL",2023-07-19,0.528378176278626,0.183854298485324,FALSE,FALSE
"2023-07-19 15:00:00",25.87891,25.7082,25.8646491276493,23.73,23.16,18.88882602,677.4,0,0,6.5,0.3455405,9.845008051,4.58725520816327e-05,1.9782,2.1346491276493,2.5482,2.7046491276493,2023,7,29,200,"NULL",2023-07-19,0.528378176278626,0.183854298485324,FALSE,FALSE
"2023-07-19 16:00:00",22.664679,22.6716,22.6121492112127,24.12,23.9,20.31794652,312.9,0,0,6.5,0.3353445,10.85852446,5.81278403265306e-05,-1.4484,-1.5078507887873,-1.2284,-1.2878507887873,2023,7,29,200,"NULL",2023-07-19,0.528378176278626,0.183854298485324,FALSE,FALSE
"2023-07-19 17:00:00",22.54552,22.6325,22.59751827505,23.06,22.77,19.21077123,42.11,0,0,6.47777777777778,0.2662204,9.203050012,1.32294528530612e-05,-0.427499999999998,-0.462481724949999,-0.137499999999999,-0.17248172495,2023,7,29,200,"NULL",2023-07-19,0.528378176278626,0.183854298485324,FALSE,FALSE
"2023-07-19 18:00:00",18.283085,18.267,18.2673392646426,18.93,18.97,11.65387798,37.31,0,0,6.45555555555556,0.2430066,5.385324613,2.41380479102041e-05,-0.663,-0.662660735357399,-0.702999999999999,-0.702660735357398,2023,7,29,200,"NULL",2023-07-19,0.528378176278626,0.183854298485324,FALSE,FALSE
"2023-07-20 07:00:00",19.93172,19.9594,19.7895390012914,20.72,20.39,16.2125056,132.6,0,0,6.33333333333333,0.5084826,1.668062832,-3.27469881428571e-06,-0.7606,-0.9304609987086,-0.430600000000002,-0.600460998708602,2023,7,29,201,"NULL",2023-07-20,0.528378176278626,0.183854298485324,FALSE,FALSE
"2023-07-20 08:00:00",21.251598,21.2634,20.9800757007926,21.19,20.32,15.85200336,729.4,0,0,6.32222222222222,0.4583779,5.658359178,4.05838929755102e-05,0.0733999999999995,-0.209924299207401,0.9434,0.6600757007926,2023,7,29,201,"NULL",2023-07-20,0.528378176278626,0.183854298485324,FALSE,FALSE
"2023-07-20 09:00:00",24.572292,24.4193,24.2991915246512,23.19,22.25,19.44419171,1099,0,0,6.3,0.5349158,7.804163835,7.46671793061224e-05,1.2293,1.1091915246512,2.1693,2.0491915246512,2023,7,29,201,"NULL",2023-07-20,0.528378176278626,0.183854298485324,FALSE,FALSE
"2023-07-20 12:00:00",27.69411,26.9185,27.2888483375959,26.39,27.03,26.52191157,1920,0,0,6.27777777777778,0.6828791,4.487325499,0.000125178832734694,0.528500000000001,0.898848337595901,-0.111499999999999,0.2588483375959,2023,7,29,201,"NULL",2023-07-20,0.528378176278626,0.183854298485324,FALSE,FALSE
"2023-07-20 14:00:00",28.143732,27.3759,27.6374436707098,27.34,28.17,28.26562873,1846,0,0,6.27777777777778,0.6784086,2.035330553,0.000101971392816327,0.0359000000000016,0.2974436707098,-0.7941,-0.532556329290202,2023,7,29,201,"NULL",2023-07-20,0.528378176278626,0.183854298485324,FALSE,FALSE
"2023-07-20 17:00:00",26.34462,26.1305,26.0419651009091,26.85,26.81,28.0103889,1050,0,0,6.25555555555556,0.6961408,5.651401026,5.91410352653061e-05,-0.7195,-0.808034899090902,-0.679499999999997,-0.7680348990909,2023,7,29,201,"NULL",2023-07-20,0.528378176278626,0.183854298485324,FALSE,FALSE
"2023-07-21 08:00:00",22.0412,22.0708,21.7827364082956,22.48,21.33,21.23249594,774.5,0,0,6.1,0.6884661,4.949499461,1.60850007428571e-05,-0.409200000000002,-0.697263591704399,0.7408,0.452736408295603,2023,7,29,202,"NULL",2023-07-21,0.528378176278626,0.183854298485324,FALSE,FALSE
"2023-07-21 09:00:00",24.379616,24.1302,24.115294606366,23.99,22.98,22.6333142,1108,0,0,6.08888888888889,0.5215468,6.778943933,3.40670067877551e-05,0.1402,0.125294606366001,1.1502,1.135294606366,2023,7,29,202,"NULL",2023-07-21,0.528378176278626,0.183854298485324,FALSE,FALSE
"2023-07-21 10:00:00",24.762722,24.3751,24.4080545947178,23.86,23.15,21.16027709,1273,0,0,6.06666666666667,0.5988584,5.564273495,9.98567551428571e-05,0.5151,0.548054594717801,1.2251,1.2580545947178,2023,7,29,202,"NULL",2023-07-21,0.528378176278626,0.183854298485324,FALSE,FALSE
"2023-07-21 11:00:00",26.42633,25.7051,25.8102917449545,24.68,24.85,22.02712865,1748,0,0,6.04444444444444,0.5970061,6.35356221,9.17769016734694e-05,1.0251,1.1302917449545,0.8551,0.9602917449545,2023,7,29,202,"NULL",2023-07-21,0.528378176278626,0.183854298485324,FALSE,FALSE
"2023-07-21 12:00:00",28.34405,27.7216,27.8800460864501,26.18,26.78,25.24631401,1928,0,0,6.05555555555556,0.695504,2.002406853,9.292656e-05,1.5416,1.7000460864501,0.941599999999998,1.1000460864501,2023,7,29,202,"NULL",2023-07-21,0.528378176278626,0.183854298485324,FALSE,FALSE
"2023-07-21 15:00:00",29.510395,28.8768,29.2925181737611,28.95,29.09,31.37479942,1718,0,0,6.04444444444444,0.4792177,3.380973577,5.82399179591837e-05,-0.0731999999999999,0.3425181737611,-0.213200000000001,0.202518173761099,2023,7,29,202,"NULL",2023-07-21,0.528378176278626,0.183854298485324,FALSE,FALSE
"2023-07-21 18:00:00",25.990622,25.8479,26.2075570686992,26.4,26.3,26.15229312,708.5,0,0,6.04444444444444,0.6067915,7.868479825,4.12080417142857e-05,-0.552099999999999,-0.1924429313008,-0.452100000000002,-0.0924429313008019,2023,7,29,202,"NULL",2023-07-21,0.528378176278626,0.183854298485324,FALSE,FALSE
"2023-07-25 07:00:00",19.261297,19.0913,18.8644033779849,20.46,19.16,14.03224414,330.3,0,0,8.66666666666667,0.5446468,2.621762921,1.15252624571429e-05,-1.3687,-1.5955966220151,-0.0686999999999998,-0.295596622015101,2023,7,30,206,"NULL",2023-07-25,0.528378176278626,0.183854298485324,FALSE,FALSE
"2023-07-25 08:00:00",21.486597,21.7324,21.2860596211795,21.8,20.39,16.02330308,728.2,0,0,8.6,0.4232116,4.028133157,1.77653023959184e-05,-0.0676000000000023,-0.5139403788205,1.3424,0.8960596211795,2023,7,30,206,"NULL",2023-07-25,0.528378176278626,0.183854298485324,FALSE,FALSE
"2023-07-25 09:00:00",23.619177,23.6435,23.5903014458991,23.53,21.93,18.86582349,1052,0,0,8.56666666666667,0.4936407,5.762062723,3.13662396081633e-05,0.113499999999998,0.0603014458990998,1.7135,1.6603014458991,2023,7,30,206,"NULL",2023-07-25,0.528378176278626,0.183854298485324,FALSE,FALSE
"2023-07-25 10:00:00",25.36303,25.1357,25.3144415942873,24.53,23.79,20.17849361,1457,0,0,8.52222222222222,0.5813475,4.257682752,0.000116093148816327,0.605699999999999,0.784441594287298,1.3457,1.5244415942873,2023,7,30,206,"NULL",2023-07-25,0.528378176278626,0.183854298485324,FALSE,FALSE
"2023-07-25 12:00:00",27.928646,27.4581,27.6378211845737,26.35,26.32,24.73049016,1873,0,0,8.46666666666667,0.5652672,0,0.000335553686204082,1.1081,1.2878211845737,1.1381,1.3178211845737,2023,7,30,206,"NULL",2023-07-25,0.528378176278626,0.183854298485324,FALSE,FALSE
"2023-07-25 13:00:00",27.955109,27.5169,27.6219263452432,26.17,26.83,26.30616208,1966,0,0,8.41111111111111,0.4053496,3.003559996,0.000160248800122449,1.3469,1.4519263452432,0.686900000000001,0.791926345243201,2023,7,30,206,"NULL",2023-07-25,0.528378176278626,0.183854298485324,FALSE,FALSE
"2023-07-25 14:00:00",25.81311,25.6318,25.708148327467,26.25,26.79,26.69766869,1401,0,0,8.36666666666667,0.4416717,1.555789726,8.37631613877551e-05,-0.618200000000002,-0.541851672532999,-1.1582,-1.081851672533,2023,7,30,206,"NULL",2023-07-25,0.528378176278626,0.183854298485324,FALSE,FALSE
"2023-07-25 15:00:00",23.66863,23.5982,23.3863318401661,25.62,25.94,23.54367516,499.3,0,0,8.35555555555556,0.3565663,1.270809453,5.15015406530612e-05,-2.0218,-2.2336681598339,-2.3418,-2.5536681598339,2023,7,30,206,"NULL",2023-07-25,0.528378176278626,0.183854298485324,FALSE,FALSE
"2023-07-25 16:00:00",23.522196,23.4401,23.240659945304,24.31,24,20.60375927,248.8,0,0,8.31111111111111,0.38104,0.9900811137,3.02852407061224e-05,-0.869899999999998,-1.069340054696,-0.559899999999999,-0.759340054696001,2023,7,30,206,"NULL",2023-07-25,0.528378176278626,0.183854298485324,FALSE,FALSE
"2023-07-25 17:00:00",22.231823,22.1682,22.0483983920387,23.61,23.22,19.45657873,163.4,0,0,8.26666666666667,0.5361843,0.7176211068,4.63438256734694e-05,-1.4418,-1.5616016079613,-1.0518,-1.1716016079613,2023,7,30,206,"NULL",2023-07-25,0.528378176278626,0.183854298485324,FALSE,FALSE
"2023-07-25 18:00:00",22.077621,22.0407,21.8141503481806,23.96,23.58,19.76939516,618,0,0,8.24444444444444,0.2226667,0.7403392636,4.78076163673469e-05,-1.9193,-2.1458496518194,-1.5393,-1.7658496518194,2023,7,30,206,"NULL",2023-07-25,0.528378176278626,0.183854298485324,FALSE,FALSE
"2023-07-26 07:00:00",20.959827,20.6852,20.2896793775797,22.24,20.7,17.84642035,326.1,0,0,8.02222222222222,0.3040884,2.948820699,8.511679e-06,-1.5548,-1.9503206224203,-0.014800000000001,-0.410320622420301,2023,7,30,207,"NULL",2023-07-26,0.528378176278626,0.183854298485324,FALSE,FALSE
"2023-07-26 08:00:00",23.14649,23.3241,22.9177991567699,23.49,21.44,19.64566796,738.1,0,0,8.01111111111111,0.4384773,4.88467271,2.31341581959184e-05,-0.165899999999997,-0.5722008432301,1.8841,1.4777991567699,2023,7,30,207,"NULL",2023-07-26,0.528378176278626,0.183854298485324,FALSE,FALSE
"2023-07-26 09:00:00",24.93723,24.8076,24.7368421868274,24.53,22.38,21.19849361,1074,0,0,7.96666666666667,0.4539894,4.867017034,5.35125891836735e-05,0.2776,0.206842186827398,2.4276,2.3568421868274,2023,7,30,207,"NULL",2023-07-26,0.528378176278626,0.183854298485324,FALSE,FALSE
"2023-07-26 10:00:00",25.583158,25.2539,25.5038759970626,24.38,23.58,20.95203362,1488,0,0,7.95555555555556,0.6624664,6.580516117,8.81559088163265e-05,0.873900000000003,1.1238759970626,1.6739,1.9238759970626,2023,7,30,207,"NULL",2023-07-26,0.528378176278626,0.183854298485324,FALSE,FALSE
"2023-07-26 11:00:00",26.73494,26.1677,26.3162832999924,25.58,25.13,22.98542699,1761,0,0,7.91111111111111,0.6439818,3.962181985,0.000113546790408163,0.587700000000002,0.736283299992401,1.0377,1.1862832999924,2023,7,30,207,"NULL",2023-07-26,0.528378176278626,0.183854298485324,FALSE,FALSE
"2023-07-26 12:00:00",27.715775,27.0693,27.3566403686916,26.3,26.91,24.47894887,1908,0,0,7.86666666666667,0.6160181,3.661596621,8.41410046122449e-05,0.769299999999998,1.0566403686916,0.159299999999998,0.4466403686916,2023,7,30,207,"NULL",2023-07-26,0.528378176278626,0.183854298485324,FALSE,FALSE
"2023-07-26 13:00:00",28.029821,27.4996,27.3794227165683,26.29,27.21,24.47867196,1810,0,0,7.86666666666667,0.6375464,5.493895366,0.000144577134244898,1.2096,1.0894227165683,0.2896,0.169422716568299,2023,7,30,207,"NULL",2023-07-26,0.528378176278626,0.183854298485324,FALSE,FALSE
"2023-07-26 14:00:00",26.456982,26.1237,25.7697177483477,25.13,25.56,20.53622849,1431,0,0,7.82222222222222,0.1993906,3.596488601,6.23764916326531e-05,0.9937,0.639717748347699,0.563700000000001,0.2097177483477,2023,7,30,207,"NULL",2023-07-26,0.528378176278626,0.183854298485324,FALSE,FALSE
"2023-07-26 15:00:00",26.06611,25.7226,25.5806835582791,26.07,26.38,22.45521323,1388,0,0,7.81111111111111,0.4731769,7.221389548,0.000104554181755102,-0.3474,-0.489316441720899,-0.657399999999999,-0.799316441720897,2023,7,30,207,"NULL",2023-07-26,0.528378176278626,0.183854298485324,FALSE,FALSE
"2023-07-26 16:00:00",26.51972,26.2478,26.2091201387658,26.2,26.19,23.06664904,1174,0,0,7.78888888888889,0.661823,5.296607213,9.44476707346939e-05,0.0478000000000023,0.00912013876580176,0.0578000000000003,0.0191201387657998,2023,7,30,207,"NULL",2023-07-26,0.528378176278626,0.183854298485324,FALSE,FALSE
"2023-07-26 18:00:00",20.53555,20.4362,20.0744775695728,24.57,24.68,21.32258303,308.5,0,0,7.72222222222222,0.641942,5.859668861,9.94576224489796e-05,-4.1338,-4.4955224304272,-4.2438,-4.6055224304272,2023,7,30,207,"NULL",2023-07-26,0.528378176278626,0.183854298485324,FALSE,FALSE
"2023-07-27 07:00:00",19.314314,19.2325,19.0018416803829,21.2,19.99,17.93751025,273.8,0,0,7.48888888888889,0.4349507,3.34660401,1.46200011061224e-05,-1.9675,-2.1981583196171,-0.757499999999997,-0.988158319617099,2023,7,30,208,"NULL",2023-07-27,0.528378176278626,0.183854298485324,FALSE,FALSE
"2023-07-27 08:00:00",20.850391,21.0128,20.6640839431769,21.28,20.39,17.78186554,502.3,0,0,7.48888888888889,0.3433691,5.315058711,1.76137908571429e-05,-0.267200000000003,-0.615916056823099,0.622799999999998,0.274083943176901,2023,7,30,208,"NULL",2023-07-27,0.528378176278626,0.183854298485324,FALSE,FALSE
"2023-07-27 09:00:00",24.333889,24.3013,24.4104590590261,23.81,22.43,21.49107025,1046,0,0,7.42222222222222,0.4594301,6.430903778,4.53982969387755e-05,0.491300000000003,0.6004590590261,1.8713,1.9804590590261,2023,7,30,208,"NULL",2023-07-27,0.528378176278626,0.183854298485324,FALSE,FALSE
"2023-07-27 10:00:00",25.947575,25.7532,26.0342524549897,25.12,24.21,23.24714272,1447,0,0,7.4,0.5994517,3.088661464,0.000168358104571429,0.633199999999999,0.9142524549897,1.5432,1.8242524549897,2023,7,30,208,"NULL",2023-07-27,0.528378176278626,0.183854298485324,FALSE,FALSE
"2023-07-27 11:00:00",26.438467,26.0026,26.3861884480008,25.21,24.81,22.39927235,1714,0,0,7.37777777777778,0.7047514,2.295919742,0.000173454233673469,0.7926,1.1761884480008,1.1926,1.5761884480008,2023,7,30,208,"NULL",2023-07-27,0.528378176278626,0.183854298485324,FALSE,FALSE
"2023-07-27 12:00:00",27.159576,26.6072,27.087552708212,25.27,25.98,22.13447344,1857,0,0,7.35555555555556,0.573714,3.39389415,0.000189732880693878,1.3372,1.817552708212,0.627199999999998,1.107552708212,2023,7,30,208,"NULL",2023-07-27,0.528378176278626,0.183854298485324,FALSE,FALSE
"2023-07-27 13:00:00",27.818562,27.3604,27.6330319338583,26.16,26.7,24.06602053,1888,0,0,7.33333333333333,0.6078542,1.267357209,0.000217249584734694,1.2004,1.4730319338583,0.660399999999999,0.933031933858302,2023,7,30,208,"NULL",2023-07-27,0.528378176278626,0.183854298485324,FALSE,FALSE
"2023-07-27 15:00:00",26.087948,25.5654,25.3087012104024,24.92,25.92,19.8175048,1646,0,0,7.3,0.6261386,7.382126765,9.44688350204082e-05,0.645399999999999,0.388701210402399,-0.354600000000001,-0.611298789597601,2023,7,30,208,"NULL",2023-07-27,0.528378176278626,0.183854298485324,FALSE,FALSE
"2023-07-27 16:00:00",26.169601,25.8222,25.5265639791345,25.29,25.78,20.41295365,1234,0,0,7.3,0.5029399,4.96835226,5.23131602857143e-05,0.5322,0.236563979134502,0.0421999999999976,-0.2534360208655,2023,7,30,208,"NULL",2023-07-27,0.528378176278626,0.183854298485324,FALSE,FALSE
"2023-07-27 17:00:00",24.566969,24.4139,24.128813666405,24.94,24.66,20.605291,964,0,0,7.28888888888889,0.5630147,8.986337649,6.94943690612245e-05,-0.5261,-0.811186333595,-0.246099999999998,-0.531186333594999,2023,7,30,208,"NULL",2023-07-27,0.528378176278626,0.183854298485324,FALSE,FALSE
"2023-07-27 18:00:00",24.165756,24.0846,24.3963680230939,24.44,24.34,20.08235753,642.2,0,0,7.27777777777778,0.5168184,7.111367292,5.46107118367347e-05,-0.355400000000003,-0.0436319769061022,-0.255400000000002,0.0563680230938992,2023,7,30,208,"NULL",2023-07-27,0.528378176278626,0.183854298485324,FALSE,FALSE
"2023-07-28 07:00:00",20.070477,19.9915,19.8653434833253,20.86,20.36,17.28492405,213.1,0,0,7.07777777777778,0.15389,2.922492846,7.68705064489796e-07,-0.868500000000001,-0.994656516674699,-0.368500000000001,-0.494656516674699,2023,7,30,209,"NULL",2023-07-28,0.528378176278626,0.183854298485324,FALSE,FALSE
"2023-07-28 08:00:00",22.975254,22.9615,22.3921711706465,22.06,21.23,18.17266663,664.1,0,0,7.06666666666667,0.195494,4.942128355,3.96217535265306e-05,0.901500000000002,0.3321711706465,1.7315,1.1621711706465,2023,7,30,209,"NULL",2023-07-28,0.528378176278626,0.183854298485324,FALSE,FALSE
"2023-07-28 09:00:00",23.377338,23.2013,23.0940970828796,23.67,22.21,18.93253487,980,0,0,7.06666666666667,0.13671,6.933377636,3.76900763510204e-05,-0.468700000000002,-0.575902917120402,0.991299999999999,0.884097082879599,2023,7,30,209,"NULL",2023-07-28,0.528378176278626,0.183854298485324,FALSE,FALSE
"2023-07-28 10:00:00",25.041454,24.6427,24.7774264971766,23.68,22.77,18.17022677,1402,0,0,7.04444444444444,0.1953684,8.911865321,9.07120736734694e-05,0.962700000000002,1.0974264971766,1.8727,2.0074264971766,2023,7,30,209,"NULL",2023-07-28,0.528378176278626,0.183854298485324,FALSE,FALSE
"2023-07-28 11:00:00",25.863338,25.3525,25.4444496366261,24.22,24.04,18.9995242,1648,0,0,7.01111111111111,0.641395,6.186590542,8.98337529387755e-05,1.1325,1.2244496366261,1.3125,1.4044496366261,2023,7,30,209,"NULL",2023-07-28,0.528378176278626,0.183854298485324,FALSE,FALSE
"2023-07-28 14:00:00",24.414791,24.1149,24.0625318401661,26.5,27.12,23.70668633,1242,0,0,6.97777777777778,0.6748967,0,0.000167128873061224,-2.3851,-2.4374681598339,-3.0051,-3.0574681598339,2023,7,30,209,"NULL",2023-07-28,0.528378176278626,0.183854298485324,FALSE,FALSE
"2023-07-28 15:00:00",26.74599,26.2606,26.2828993593477,24.59,24.28,19.46968582,938,0,0,6.96666666666667,0.4953783,2.578380664,6.64064366530612e-05,1.6706,1.6928993593477,1.9806,2.0028993593477,2023,7,30,209,"NULL",2023-07-28,0.528378176278626,0.183854298485324,FALSE,FALSE
"2023-07-28 16:00:00",25.833853,25.6081,25.6968972854574,23.55,23.41,17.49095673,469.9,0,0,6.93333333333333,0.465194,1.666903576,3.76228568816327e-05,2.0581,2.1468972854574,2.1981,2.2868972854574,2023,7,30,209,"NULL",2023-07-28,0.528378176278626,0.183854298485324,FALSE,FALSE
"2023-07-30 09:00:00",22.106977,21.9386,22.0794494137905,19.4,19.21,15.17683841,925,0,0,6.46666666666667,0.6111967,7.459493843,5.97768439183673e-05,2.5386,2.6794494137905,2.7286,2.8694494137905,2023,7,31,211,"NULL",2023-07-30,0.528378176278626,0.183854298485324,FALSE,FALSE
"2023-07-30 10:00:00",21.96416,21.7122,21.7431673368616,22.22,21.43,19.12364179,1318,0,0,6.47777777777778,0.5138522,10.01317867,8.53000014285714e-05,-0.5078,-0.476832663138399,0.2822,0.3131673368616,2023,7,31,211,"NULL",2023-07-30,0.528378176278626,0.183854298485324,FALSE,FALSE
"2023-07-30 11:00:00",23.797571,23.2225,23.2273336962852,21.43,21.38,17.61647527,1140,0,0,6.44444444444444,0.5046306,12.68390556,8.0418356122449e-05,1.7925,1.7973336962852,1.8425,1.8473336962852,2023,7,31,211,"NULL",2023-07-30,0.528378176278626,0.183854298485324,FALSE,FALSE
"2023-07-30 13:00:00",25.298405,24.5915,24.8876346990454,23.24,24.04,19.73053211,1921,0,0,6.41111111111111,0.6890718,10.10356586,6.49373279183674e-05,1.3515,1.6476346990454,0.551500000000001,0.8476346990454,2023,7,31,211,"NULL",2023-07-30,0.528378176278626,0.183854298485324,FALSE,FALSE
"2023-07-30 14:00:00",26.176708,25.4673,25.4906144007495,23.91,24.8,20.68971855,1807,0,0,6.4,0.5484213,3.922254185,7.87950816734694e-05,1.5573,1.5806144007495,0.667300000000001,0.690614400749499,2023,7,31,211,"NULL",2023-07-30,0.528378176278626,0.183854298485324,FALSE,FALSE
"2023-07-30 15:00:00",24.89915,24.5123,24.6625933757059,23.39,23.93,20.1209248,1351,0,0,6.4,0.6591327,8.966648535,5.74273454693877e-05,1.1223,1.2725933757059,0.5823,0.7325933757059,2023,7,31,211,"NULL",2023-07-30,0.528378176278626,0.183854298485324,FALSE,FALSE
"2023-07-30 17:00:00",23.834593,23.657,23.8122088197311,23.82,23.39,20.92889287,473.7,0,0,6.38888888888889,0.6051712,7.181292756,7.58411644897959e-05,-0.163,-0.00779118026889947,0.266999999999999,0.4222088197311,2023,7,31,211,"NULL",2023-07-30,0.528378176278626,0.183854298485324,FALSE,FALSE
"2023-07-30 18:00:00",21.245342,21.1825,20.7509689093718,22.48,22.36,19.45249594,158.3,0,0,6.38888888888889,0.5000313,0,2.0974023355102e-05,-1.2975,-1.7290310906282,-1.1775,-1.6090310906282,2023,7,31,211,"NULL",2023-07-30,0.528378176278626,0.183854298485324,FALSE,FALSE
"2023-07-31 07:00:00",15.530708,15.4323,15.3269535337165,14.25,14.28,4.300215951,123,0,0,6.28888888888889,0.3955404,2.03260747,2.85027769632653e-05,1.1823,1.0769535337165,1.1523,1.0469535337165,2023,7,31,212,"NULL",2023-07-31,0.528378176278626,0.183854298485324,FALSE,FALSE
"2023-07-31 08:00:00",18.882595,18.7761,18.702721665696,16.36,15.96,6.767345389,704.2,0,0,6.27777777777778,0.3610078,5.514275347,2.03595053673469e-05,2.4161,2.342721665696,2.8161,2.742721665696,2023,7,31,212,"NULL",2023-07-31,0.528378176278626,0.183854298485324,FALSE,FALSE
"2023-07-31 09:00:00",19.904583,19.6862,19.3416814388088,17.97,18.05,8.621303887,1066,0,0,6.27777777777778,0.3563942,9.302431354,3.20983776897959e-05,1.7162,1.3716814388088,1.6362,1.2916814388088,2023,7,31,212,"NULL",2023-07-31,0.528378176278626,0.183854298485324,FALSE,FALSE
"2023-07-31 10:00:00",21.54427,21.2171,21.2560883289864,19.38,19.44,9.698710281,1338,0,0,6.27777777777778,0.4940753,12.79640237,6.61378744489796e-05,1.8371,1.8760883289864,1.7771,1.8160883289864,2023,7,31,212,"NULL",2023-07-31,0.528378176278626,0.183854298485324,FALSE,FALSE
"2023-07-31 11:00:00",23.485495,22.9314,23.2202792459041,19.5,20.03,10.00793984,1840,0,0,6.24444444444444,0.3800703,16.85060344,0.000145493283510204,3.4314,3.7202792459041,2.9014,3.1902792459041,2023,7,31,212,"NULL",2023-07-31,0.528378176278626,0.183854298485324,FALSE,FALSE
"2023-07-31 12:00:00",21.288359,20.8539,20.7252745055836,19.38,20.25,10.43871028,1684,0,0,6.24444444444444,0.5503431,14.4560687,1.62856787265306e-05,1.4739,1.3452745055836,0.603899999999999,0.475274505583599,2023,7,31,212,"NULL",2023-07-31,0.528378176278626,0.183854298485324,FALSE,FALSE
"2023-07-31 13:00:00",24.74756,24.0341,24.1427242055152,20.34,21.34,12.77396352,1877,0,0,6.23333333333333,0.6848021,16.72183251,0.000146479984938776,3.6941,3.8027242055152,2.6941,2.8027242055152,2023,7,31,212,"NULL",2023-07-31,0.528378176278626,0.183854298485324,FALSE,FALSE
"2023-07-31 14:00:00",23.11668,22.4029,22.110313894305,20.29,21.43,14.01002067,1868,0,0,6.22222222222222,0.317058,13.83647409,4.56562134285714e-05,2.1129,1.820313894305,0.972899999999999,0.680313894305002,2023,7,31,212,"NULL",2023-07-31,0.528378176278626,0.183854298485324,FALSE,FALSE
"2023-07-31 16:00:00",20.450104,20.1932,19.8973217821782,21.01,21.54,14.32429935,1002,0,0,6.21111111111111,0.6658521,13.03244416,4.59334153877551e-05,-0.816800000000001,-1.1126782178218,-1.3468,-1.6426782178218,2023,7,31,212,"NULL",2023-07-31,0.528378176278626,0.183854298485324,FALSE,FALSE
"2023-07-31 18:00:00",17.608755,17.565,17.5291922817857,17.88,17.72,9.01450026,174.8,0,0.254,6.21111111111111,0.280705,3.203682911,3.07372405755102e-05,-0.314999999999998,-0.350807718214298,-0.154999999999998,-0.190807718214298,2023,7,31,212,"NULL",2023-07-31,0.528378176278626,0.183854298485324,FALSE,FALSE
"2023-08-01 07:00:00",18.458618,18.063,17.8607600491251,17.24,16.46,8.98044998,234.8,0,0,6.11111111111111,0.1990786,5.384895922,7.05764453877551e-06,0.823,0.620760049125103,1.603,1.4007600491251,2023,8,31,213,"NULL",2023-08-01,0.46076455955774,0.202613883901577,FALSE,FALSE
"2023-08-01 08:00:00",18.77474,18.7008,18.045348770606,17.91,17.19,9.583370357,704.7,0,0,6.1,0.4135703,10.7489448,3.3681486044898e-05,0.790800000000001,0.135348770606001,1.5108,0.855348770606,2023,8,31,213,"NULL",2023-08-01,0.46076455955774,0.202613883901577,FALSE,FALSE
"2023-08-01 09:00:00",20.624437,20.4922,20.3444162847231,18.19,17.99,10.2592763,1014,0,0,6.1,0.3178321,11.59724967,6.95110013469388e-05,2.3022,2.1544162847231,2.5022,2.3544162847231,2023,8,31,213,"NULL",2023-08-01,0.46076455955774,0.202613883901577,FALSE,FALSE
"2023-08-01 10:00:00",21.629734,21.2757,20.77043648173,19.54,19.37,12.69459598,1464,0,0,6.08888888888889,0.3767078,12.51366057,0.000148096168979592,1.7357,1.23043648173,1.9057,1.40043648173,2023,8,31,213,"NULL",2023-08-01,0.46076455955774,0.202613883901577,FALSE,FALSE
"2023-08-01 11:00:00",22.845135,22.3503,21.8327275024689,19.92,20.12,14.17902224,1694,0,0,6.07777777777778,0.5155535,14.79432896,0.000113883705918367,2.4303,1.9127275024689,2.2303,1.7127275024689,2023,8,31,213,"NULL",2023-08-01,0.46076455955774,0.202613883901577,FALSE,FALSE
"2023-08-01 12:00:00",23.99534,23.2556,23.4412152034641,21.05,21.91,17.10577936,1942,0,0,6.07777777777778,0.4157643,8.717595704,0.000164598933510204,2.2056,2.3912152034641,1.3456,1.5312152034641,2023,8,31,213,"NULL",2023-08-01,0.46076455955774,0.202613883901577,FALSE,FALSE
"2023-08-01 13:00:00",23.04464,22.4073,21.4872545719278,21.13,22.21,17.44913672,1996,0,0,6.07777777777778,0.6472693,14.53692612,7.91386855102041e-05,1.2773,0.3572545719278,0.197299999999998,-0.722745428072201,2023,8,31,213,"NULL",2023-08-01,0.46076455955774,0.202613883901577,FALSE,FALSE
"2023-08-01 15:00:00",23.834957,23.2272,23.1871293256691,21.14,22.27,17.61459372,1628,0,0,6.04444444444444,0.4042328,8.947788922,1.3822820244898e-05,2.0872,2.0471293256691,0.9572,0.917129325669102,2023,8,31,213,"NULL",2023-08-01,0.46076455955774,0.202613883901577,FALSE,FALSE
"2023-08-01 16:00:00",23.175114,22.8399,22.3237706363475,21.87,22.3,19.50563666,1220,0,0,6.06666666666667,0.4743321,9.688615059,3.39133219469388e-05,0.969899999999999,0.4537706363475,0.539899999999999,0.0237706363474999,2023,8,31,213,"NULL",2023-08-01,0.46076455955774,0.202613883901577,FALSE,FALSE
"2023-08-01 17:00:00",22.499172,22.3181,21.7796718771366,22.39,22.39,19.91337486,938,0,0,6.06666666666667,0.3905868,7.883225607,9.16163695510204e-06,-0.0718999999999994,-0.6103281228634,-0.0718999999999994,-0.6103281228634,2023,8,31,213,"NULL",2023-08-01,0.46076455955774,0.202613883901577,FALSE,FALSE
"2023-08-01 18:00:00",21.414833,21.343,21.1558011977413,20.83,21.06,14.68927083,546.2,0,0,6.05555555555556,0.6291275,5.482819308,3.98498626081633e-05,0.513000000000002,0.325801197741303,0.283000000000001,0.0958011977413022,2023,8,31,213,"NULL",2023-08-01,0.46076455955774,0.202613883901577,FALSE,FALSE
"2023-08-02 07:00:00",18.385504,18.0868,17.9022099440379,18.18,16.68,9.916110773,220.5,0,0,6.01111111111111,0.3142738,0.1374872449,1.45079516122449e-05,-0.0931999999999995,-0.2777900559621,1.4068,1.2222099440379,2023,8,31,214,"NULL",2023-08-02,0.46076455955774,0.202613883901577,FALSE,FALSE
"2023-08-02 08:00:00",19.790382,19.9785,19.4665419234762,20.29,17.41,12.43002067,690,0,0,6.01111111111111,0.2237962,0.3038688001,2.31533234408163e-05,-0.311499999999999,-0.823458076523799,2.5685,2.0565419234762,2023,8,31,214,"NULL",2023-08-02,0.46076455955774,0.202613883901577,FALSE,FALSE
"2023-08-02 09:00:00",21.883144,21.7784,21.6011939176015,20.55,19.03,12.77671529,956,0,0,5.98888888888889,0.3509019,0.4692036754,0.000202279181102041,1.2284,1.0511939176015,2.7484,2.5711939176015,2023,8,31,214,"NULL",2023-08-02,0.46076455955774,0.202613883901577,FALSE,FALSE
"2023-08-02 10:00:00",19.445267,19.0687,18.6274062799119,20.46,19.92,13.40224414,757.3,0,0,5.97777777777778,0.1173724,0.5203739569,0.000219916537714286,-1.3913,-1.8325937200881,-0.851300000000002,-1.2925937200881,2023,8,31,214,"NULL",2023-08-02,0.46076455955774,0.202613883901577,FALSE,FALSE
"2023-08-02 11:00:00",21.668322,21.3835,21.5542215340204,19.93,19.62,11.31350158,711.1,0,0,5.98888888888889,0.4382366,8.032990211,3.19378996979592e-05,1.4535,1.6242215340204,1.7635,1.9342215340204,2023,8,31,214,"NULL",2023-08-02,0.46076455955774,0.202613883901577,FALSE,FALSE
"2023-08-02 12:00:00",21.421478,21.1192,21.2189575802081,20.39,20.43,11.96810659,485.1,0,0,5.98888888888889,0.4849562,9.488534767,4.35962373877551e-05,0.729199999999999,0.828957580208101,0.6892,0.788957580208102,2023,8,31,214,"NULL",2023-08-02,0.46076455955774,0.202613883901577,FALSE,FALSE
"2023-08-02 13:00:00",21.721474,21.4707,21.3768646400446,20.73,20.55,12.59762525,616.7,0,0,5.98888888888889,0.395121,12.20673786,8.46924048571429e-05,0.7407,0.646864640044601,0.9207,0.826864640044601,2023,8,31,214,"NULL",2023-08-02,0.46076455955774,0.202613883901577,FALSE,FALSE
"2023-08-02 14:00:00",25.527536,24.8734,25.2555934542048,23.11,23.19,16.29652056,1687,0,0,5.98888888888889,0.3722054,14.97880632,0.000136634660979592,1.7634,2.1455934542048,1.6834,2.0655934542048,2023,8,31,214,"NULL",2023-08-02,0.46076455955774,0.202613883901577,FALSE,FALSE
"2023-08-02 18:00:00",21.575281,21.5085,21.4590436783065,21.68,22.11,16.56170618,546.4,0,0,6,0.3755125,4.581079007,2.10949239632653e-05,-0.171499999999998,-0.2209563216935,-0.601499999999998,-0.650956321693499,2023,8,31,214,"NULL",2023-08-02,0.46076455955774,0.202613883901577,FALSE,FALSE
"2023-08-03 07:00:00",17.299553,16.9056,16.7443870603429,18.88,16.94,11.66539618,219.4,0,0,5.91111111111111,0.2281217,2.231531398,8.93656088571428e-06,-1.9744,-2.1356129396571,-0.0344000000000015,-0.195612939657103,2023,8,31,215,"NULL",2023-08-03,0.46076455955774,0.202613883901577,FALSE,FALSE
"2023-08-03 08:00:00",20.377161,20.5148,19.8426058443696,21.16,18.25,14.66553263,713.4,0,0,5.9,0.2550268,4.545584227,4.2122021755102e-05,-0.645199999999999,-1.3173941556304,2.2648,1.5926058443696,2023,8,31,215,"NULL",2023-08-03,0.46076455955774,0.202613883901577,FALSE,FALSE
"2023-08-03 09:00:00",22.552898,22.3919,22.2778253348864,21.19,19.9,14.57200336,1027,0,0,5.88888888888889,0.2540606,6.714791548,2.83803995918367e-05,1.2019,1.0878253348864,2.4919,2.3778253348864,2023,8,31,215,"NULL",2023-08-03,0.46076455955774,0.202613883901577,FALSE,FALSE
"2023-08-03 10:00:00",23.44617,23.0403,23.4313097363956,22.08,21.34,15.62516696,1446,0,0,5.88888888888889,0.600035,8.926332236,8.83545106530612e-05,0.9603,1.3513097363956,1.7003,2.0913097363956,2023,8,31,215,"NULL",2023-08-03,0.46076455955774,0.202613883901577,FALSE,FALSE
"2023-08-03 11:00:00",21.072239,20.8187,20.7261667189993,22.08,22.13,15.28516696,1127,0,0,5.88888888888889,0.5166159,10.72352657,6.77288732653061e-05,-1.2613,-1.3538332810007,-1.3113,-1.4038332810007,2023,8,31,215,"NULL",2023-08-03,0.46076455955774,0.202613883901577,FALSE,FALSE
"2023-08-03 12:00:00",23.997059,23.507,23.9003560203591,21.98,21.94,15.08301137,1185,0,0,5.88888888888889,0.4030948,11.96484986,7.69209399591837e-05,1.527,1.9203560203591,1.567,1.9603560203591,2023,8,31,215,"NULL",2023-08-03,0.46076455955774,0.202613883901577,FALSE,FALSE
"2023-08-03 13:00:00",21.641594,21.2196,20.8608061051885,21.39,21.29,14.11372804,674.6,0,0,5.87777777777778,0.3705449,13.19809725,4.24822782040816e-05,-0.170400000000001,-0.529193894811499,-0.0703999999999994,-0.429193894811498,2023,8,31,215,"NULL",2023-08-03,0.46076455955774,0.202613883901577,FALSE,FALSE
"2023-08-03 14:00:00",26.459269,25.6536,25.1537234382518,24.97,24.76,20.41204415,2054,0,0,5.87777777777778,0.474769,14.68008563,0.00012932772522449,0.683600000000002,0.1837234382518,0.893599999999999,0.393723438251797,2023,8,31,215,"NULL",2023-08-03,0.46076455955774,0.202613883901577,FALSE,FALSE
"2023-08-03 15:00:00",23.371151,22.9624,22.7345359018511,23.17,23.57,17.68971935,830,0,0,5.87777777777778,0.516643,11.49857767,7.88217559183674e-05,-0.207600000000003,-0.435464098148902,-0.607600000000001,-0.835464098148901,2023,8,31,215,"NULL",2023-08-03,0.46076455955774,0.202613883901577,FALSE,FALSE
"2023-08-03 17:00:00",23.803106,23.6081,23.4986794864653,23.22,23.14,19.87596859,974,0,0,5.87777777777778,0.542526,7.731469951,6.67001611020408e-05,0.388100000000001,0.2786794864653,0.4681,0.358679486465299,2023,8,31,215,"NULL",2023-08-03,0.46076455955774,0.202613883901577,FALSE,FALSE
"2023-08-03 18:00:00",21.79267,21.6849,21.5126704996075,22.46,22.81,18.22929625,559.7,0,0,5.87777777777778,0.5343673,5.7937046,4.08318329795918e-05,-0.775100000000002,-0.947329500392502,-1.1251,-1.2973295003925,2023,8,31,215,"NULL",2023-08-03,0.46076455955774,0.202613883901577,FALSE,FALSE
"2023-08-04 07:00:00",19.459179,18.7915,18.6913939733104,21.21,19.06,18.88302547,233,0,0,5.81111111111111,0.1744149,3.440513306,6.95312428571429e-06,-2.4185,-2.5186060266896,-0.2685,-0.368606026689598,2023,8,31,216,"NULL",2023-08-04,0.46076455955774,0.202613883901577,FALSE,FALSE
"2023-08-04 08:00:00",22.247723,22.2572,21.7065195360968,21.31,20.41,19.2286366,745.9,0,0,5.81111111111111,0.3592145,6.722246869,6.47767706530612e-05,0.947200000000002,0.3965195360968,1.8472,1.2965195360968,2023,8,31,216,"NULL",2023-08-04,0.46076455955774,0.202613883901577,FALSE,FALSE
"2023-08-04 09:00:00",24.43461,24.3027,23.9578023600314,22.3,22.15,21.3549657,1069,0,0,5.8,0.570002,10.0583733,8.91455064489796e-05,2.0027,1.6578023600314,2.1527,1.8078023600314,2023,8,31,216,"NULL",2023-08-04,0.46076455955774,0.202613883901577,FALSE,FALSE
"2023-08-04 10:00:00",25.189741,24.8013,24.3611523714264,23.14,22.94,23.54807906,1500,0,0,5.81111111111111,0.5926338,10.69884295,9.45268183265306e-05,1.6613,1.2211523714264,1.8613,1.4211523714264,2023,8,31,216,"NULL",2023-08-04,0.46076455955774,0.202613883901577,FALSE,FALSE
"2023-08-04 11:00:00",25.938046,25.3134,25.0656332100985,23.7,23.97,24.69563851,1774,0,0,5.8,0.5617457,7.790907842,7.91306060816326e-05,1.6134,1.3656332100985,1.3434,1.0956332100985,2023,8,31,216,"NULL",2023-08-04,0.46076455955774,0.202613883901577,FALSE,FALSE
"2023-08-04 12:00:00",26.810688,25.9786,25.6570656909169,24.71,25.47,25.78311793,1918,0,0,5.8,0.3524024,9.954086014,-1.3885967555102e-05,1.2686,0.947065690916901,0.508600000000001,0.187065690916903,2023,8,31,216,"NULL",2023-08-04,0.46076455955774,0.202613883901577,FALSE,FALSE
"2023-08-04 13:00:00",26.847065,26.1354,25.6198470740169,23.93,25.12,23.06556095,1974,0,0,5.8,0.4996182,7.92283286,5.15366463265306e-05,2.2054,1.6898470740169,1.0154,0.499847074016898,2023,8,31,216,"NULL",2023-08-04,0.46076455955774,0.202613883901577,FALSE,FALSE
"2023-08-04 14:00:00",26.567575,25.8165,25.3056659112203,24.88,25.63,23.72205035,1926,0,0,5.8,0.5196177,8.967574354,6.1064240122449e-05,0.936500000000002,0.4256659112203,0.186500000000002,-0.3243340887797,2023,8,31,216,"NULL",2023-08-04,0.46076455955774,0.202613883901577,FALSE,FALSE
"2023-08-04 15:00:00",25.694408,25.1456,24.5118677875972,24.36,25.3,23.74533585,1702,0,0,5.81111111111111,0.5402693,9.425633131,4.53360689387755e-05,0.785600000000002,0.151867787597201,-0.154399999999999,-0.7881322124028,2023,8,31,216,"NULL",2023-08-04,0.46076455955774,0.202613883901577,FALSE,FALSE
"2023-08-04 16:00:00",25.298046,24.9029,24.5460028183637,23.86,24.32,22.23027709,1308,0,0,5.81111111111111,0.4426826,6.49446211,2.4453690722449e-05,1.0429,0.686002818363701,0.582899999999999,0.2260028183637,2023,8,31,216,"NULL",2023-08-04,0.46076455955774,0.202613883901577,FALSE,FALSE
"2023-08-04 18:00:00",24.403034,24.3277,24.2641418272518,24.1,24.3,22.82174505,561.5,0,0,5.81111111111111,0.3609542,5.349568845,1.44080951959184e-05,0.227699999999999,0.1641418272518,0.0276999999999994,-0.035858172748199,2023,8,31,216,"NULL",2023-08-04,0.46076455955774,0.202613883901577,FALSE,FALSE
"2023-08-05 07:00:00",20.875914,20.2996,20.1583158618419,22.49,20.62,21.32910902,240,0,0,5.75555555555556,0.07626875,3.643508768,2.70923003346939e-06,-2.1904,-2.3316841381581,-0.320399999999999,-0.461684138158102,2023,8,31,217,"NULL",2023-08-05,0.46076455955774,0.202613883901577,FALSE,FALSE
"2023-08-05 08:00:00",23.811062,24.0816,23.5063580993138,23.58,21.56,22.71372602,749,0,0,5.74444444444444,0.4110888,7.24528497,5.55223060408163e-05,0.501600000000003,-0.0736419006861979,2.5216,1.9463580993138,2023,8,31,217,"NULL",2023-08-05,0.46076455955774,0.202613883901577,FALSE,FALSE
"2023-08-05 09:00:00",25.35914,25.187,24.8094942290648,24.59,22.89,24.32968582,1074,0,0,5.75555555555556,0.1503471,8.125642222,3.69165381877551e-05,0.597000000000001,0.2194942290648,2.297,1.9194942290648,2023,8,31,217,"NULL",2023-08-05,0.46076455955774,0.202613883901577,FALSE,FALSE
"2023-08-05 10:00:00",26.525284,26.1284,25.9630322326606,24.42,24.2,23.77554443,1509,0,0,5.75555555555556,0.5574268,8.94946878,4.58404527346939e-05,1.7084,1.5430322326606,1.9284,1.7630322326606,2023,8,31,217,"NULL",2023-08-05,0.46076455955774,0.202613883901577,FALSE,FALSE
"2023-08-05 11:00:00",27.402319,26.7439,26.6132716340432,26.48,25.87,27.76572355,1780,0,0,5.74444444444444,0.3422776,4.775590803,9.77926432244898e-05,0.2639,0.133271634043201,0.873899999999999,0.7432716340432,2023,8,31,217,"NULL",2023-08-05,0.46076455955774,0.202613883901577,FALSE,FALSE
"2023-08-05 12:00:00",29.093517,28.3158,28.197128163379,27.15,27.17,29.14112617,1929,0,0,5.74444444444444,0.537002,3.350492548,0.000100880484612245,1.1658,1.047128163379,1.1458,1.027128163379,2023,8,31,217,"NULL",2023-08-05,0.46076455955774,0.202613883901577,FALSE,FALSE
"2023-08-05 13:00:00",28.110855,27.2798,26.9803841457547,26.53,27.55,27.52820952,1961,0,0,5.74444444444444,0.38451,7.42167547,-5.38356054285714e-06,0.7498,0.4503841457547,-0.270199999999999,-0.569615854245299,2023,8,31,217,"NULL",2023-08-05,0.46076455955774,0.202613883901577,FALSE,FALSE
"2023-08-05 14:00:00",29.033426,28.278,28.2109592717328,26.14,27.37,26.30576858,1908,0,0,5.75555555555556,0.2490594,5.770758639,4.39140028163265e-05,2.138,2.0709592717328,0.907999999999998,0.8409592717328,2023,8,31,217,"NULL",2023-08-05,0.46076455955774,0.202613883901577,FALSE,FALSE
"2023-08-05 15:00:00",27.531322,26.919,26.6122528170976,26.68,27.77,27.207252,1700,0,0,5.76666666666667,0.503082,5.496886452,2.88371233877551e-05,0.239000000000001,-0.0677471829024014,-0.850999999999999,-1.1577471829024,2023,8,31,217,"NULL",2023-08-05,0.46076455955774,0.202613883901577,FALSE,FALSE
"2023-08-05 17:00:00",26.139135,25.8851,25.5418821402345,25.62,25.84,25.08367516,984,0,0,5.77777777777778,0.5471038,6.157634739,2.81038395591837e-05,0.2651,-0.0781178597655021,0.0451000000000015,-0.298117859765501,2023,8,31,217,"NULL",2023-08-05,0.46076455955774,0.202613883901577,FALSE,FALSE
"2023-08-05 18:00:00",24.996304,24.9169,24.8247538882277,25.13,25.44,24.13622849,567.6,0,0,5.77777777777778,0.2638876,4.751030932,3.14705790734694e-05,-0.213100000000001,-0.305246111772298,-0.523100000000003,-0.615246111772301,2023,8,31,217,"NULL",2023-08-05,0.46076455955774,0.202613883901577,FALSE,FALSE
"2023-08-06 07:00:00",18.919346,18.4036,18.1503349547998,19.01,18.27,14.38383934,248,0,0,5.7,0.4856212,1.725817112,-6.58917564897959e-06,-0.606400000000001,-0.859665045200202,0.133600000000001,-0.1196650452002,2023,8,32,218,"NULL",2023-08-06,0.46076455955774,0.202613883901577,FALSE,FALSE
"2023-08-06 08:00:00",21.345451,21.3212,21.3941620014687,21.24,20.2,16.97962114,748.7,0,0,5.7,0.2563973,3.154016962,-3.29487648857143e-05,0.0812000000000026,0.154162001468702,1.1212,1.1941620014687,2023,8,32,218,"NULL",2023-08-06,0.46076455955774,0.202613883901577,FALSE,FALSE
"2023-08-06 09:00:00",24.110415,23.9651,23.6674928034236,23.27,21.61,20.30244587,1073,0,0,5.68888888888889,0.2866568,4.595401829,2.7984541e-05,0.6951,0.397492803423599,2.3551,2.0574928034236,2023,8,32,218,"NULL",2023-08-06,0.46076455955774,0.202613883901577,FALSE,FALSE
"2023-08-06 10:00:00",24.388174,23.932,23.920979483933,23.23,22.21,19.10324579,1515,0,0,5.68888888888889,0.5727556,7.518718093,4.99744673061224e-05,0.701999999999998,0.690979483932999,1.722,1.710979483933,2023,8,32,218,"NULL",2023-08-06,0.46076455955774,0.202613883901577,FALSE,FALSE
"2023-08-06 11:00:00",26.290207,25.6115,25.5224247980553,24.87,24.17,22.48321129,1785,0,0,5.68888888888889,0.5041009,4.706312809,7.10325377959184e-05,0.741499999999998,0.6524247980553,1.4415,1.3524247980553,2023,8,32,218,"NULL",2023-08-06,0.46076455955774,0.202613883901577,FALSE,FALSE
"2023-08-06 12:00:00",27.742569,26.9829,27.0050748854169,26.1,26.11,24.66538911,1931,0,0,5.67777777777778,0.4646366,7.271309868,1.74445706857143e-05,0.882899999999999,0.905074885416898,0.872900000000001,0.8950748854169,2023,8,32,218,"NULL",2023-08-06,0.46076455955774,0.202613883901577,FALSE,FALSE
"2023-08-06 14:00:00",28.452374,27.7014,27.6497821301056,25.64,26.48,22.93286007,1924,0,0,5.72222222222222,0.2686566,9.895658624,4.59569249387755e-05,2.0614,2.0097821301056,1.2214,1.1697821301056,2023,8,32,218,"NULL",2023-08-06,0.46076455955774,0.202613883901577,FALSE,FALSE
"2023-08-06 16:00:00",24.955643,24.5201,24.6352484667393,25.32,25.59,21.63074892,1314,0,0,5.73333333333333,0.6282964,8.265441642,4.27812999183674e-05,-0.799900000000001,-0.684751533260702,-1.0699,-0.954751533260701,2023,8,32,218,"NULL",2023-08-06,0.46076455955774,0.202613883901577,FALSE,FALSE
"2023-08-06 17:00:00",24.26893,23.9858,23.9037183307589,24.79,24.56,20.68285171,975,0,0,5.74444444444444,0.6489165,9.464879628,3.22197629836735e-05,-0.804199999999998,-0.8862816692411,-0.574199999999998,-0.6562816692411,2023,8,32,218,"NULL",2023-08-06,0.46076455955774,0.202613883901577,FALSE,FALSE
"2023-08-06 18:00:00",23.181263,23.084,23.0272851763693,23.33,23.46,18.30652034,557.4,0,0,5.73333333333333,0.6027676,7.983165797,2.94598047265306e-05,-0.245999999999999,-0.302714823630698,-0.376000000000001,-0.4327148236307,2023,8,32,218,"NULL",2023-08-06,0.46076455955774,0.202613883901577,FALSE,FALSE
"2023-08-07 07:00:00",18.81813,18.4741,18.3395855891216,18.02,17.13,4.96644584,208.3,0,0,5.64444444444444,0.2198285,2.55672037,-5.04410351428571e-06,0.4541,0.319585589121601,1.3441,1.2095855891216,2023,8,32,219,"NULL",2023-08-07,0.46076455955774,0.202613883901577,FALSE,FALSE
"2023-08-07 08:00:00",17.277294,17.0054,16.7628192094401,17.33,17.24,3.163189458,244,0,0,5.64444444444444,0.28517,5.079315941,3.28487511510204e-06,-0.324599999999997,-0.567180790559899,-0.234599999999997,-0.477180790559899,2023,8,32,219,"NULL",2023-08-07,0.46076455955774,0.202613883901577,FALSE,FALSE
"2023-08-07 09:00:00",20.308826,20.1918,19.9233340989086,19.35,18.64,6.056575556,656.1,0,0,5.64444444444444,0.1271584,7.794077601,3.88124188285714e-05,0.841799999999999,0.5733340989086,1.5518,1.2833340989086,2023,8,32,219,"NULL",2023-08-07,0.46076455955774,0.202613883901577,FALSE,FALSE
"2023-08-07 10:00:00",19.793934,19.5985,19.597878334304,20.49,20,7.156995245,630.7,0,0,5.65555555555556,0.4267263,10.42641972,5.07211526938775e-05,-0.891499999999997,-0.892121665695999,-0.401499999999999,-0.402121665696001,2023,8,32,219,"NULL",2023-08-07,0.46076455955774,0.202613883901577,FALSE,FALSE
"2023-08-07 11:00:00",18.963581,18.7392,18.5178729077511,19.78,19.39,6.837134751,544,0,0,5.64444444444444,0.4621409,9.019427901,1.70258034204082e-05,-1.0408,-1.2621270922489,-0.6508,-0.872127092248899,2023,8,32,219,"NULL",2023-08-07,0.46076455955774,0.202613883901577,FALSE,FALSE
"2023-08-07 12:00:00",23.579247,22.918,22.6913376997291,20.56,20.25,8.291696906,1133,0,0,5.64444444444444,0.3789289,11.99822593,7.48227395510204e-05,2.358,2.1313376997291,2.668,2.4413376997291,2023,8,32,219,"NULL",2023-08-07,0.46076455955774,0.202613883901577,FALSE,FALSE
"2023-08-07 13:00:00",25.230396,24.5974,24.6487774860095,22.1,21.9,10.54770196,1469,0,0,5.64444444444444,0.5145855,14.99198321,0.000128249858081633,2.4974,2.5487774860095,2.6974,2.7487774860095,2023,8,32,219,"NULL",2023-08-07,0.46076455955774,0.202613883901577,FALSE,FALSE
"2023-08-07 14:00:00",21.685675,21.3179,21.0680632549188,22.65,23.19,12.30612169,1656,0,0,5.64444444444444,0.461785,17.83004382,0.000106234670081633,-1.3321,-1.5819367450812,-1.8721,-2.1219367450812,2023,8,32,219,"NULL",2023-08-07,0.46076455955774,0.202613883901577,FALSE,FALSE
"2023-08-07 15:00:00",22.429668,22.0787,21.968491681649,21.49,21.98,10.89084869,1204,0,0,5.64444444444444,0.615011,10.11008805,3.03013808693878e-05,0.588700000000003,0.478491681649,0.0987000000000009,-0.0115083183510016,2023,8,32,219,"NULL",2023-08-07,0.46076455955774,0.202613883901577,FALSE,FALSE
"2023-08-07 17:00:00",22.67714,22.453,22.1106190651034,22.65,22.73,13.97612169,926,0,0,5.65555555555556,0.4592431,11.28971768,2.36961210530612e-05,-0.196999999999999,-0.539380934896599,-0.277000000000001,-0.619380934896601,2023,8,32,219,"NULL",2023-08-07,0.46076455955774,0.202613883901577,FALSE,FALSE
"2023-08-07 18:00:00",21.376932,21.2352,21.0332104403535,22.13,22.26,13.18656954,505.2,0,0,5.64444444444444,0.5331058,7.785837521,3.23462685673469e-05,-0.8948,-1.0967895596465,-1.0248,-1.2267895596465,2023,8,32,219,"NULL",2023-08-07,0.46076455955774,0.202613883901577,FALSE,FALSE
"2023-08-09 07:00:00",18.786419,18.4277,18.3261626775721,17.26,16.62,7.765454565,264.1,0,0,5.53333333333333,0.147154,4.102639971,1.60648365265306e-06,1.1677,1.0661626775721,1.8077,1.7061626775721,2023,8,32,221,"NULL",2023-08-09,0.46076455955774,0.202613883901577,FALSE,FALSE
"2023-08-09 08:00:00",18.49542,18.5957,18.1261720518599,17.8,17.2,7.781160895,731.5,0,0,5.53333333333333,0.3489194,8.187351048,8.91796146938776e-06,0.7957,0.326172051859899,1.3957,0.926172051859901,2023,8,32,221,"NULL",2023-08-09,0.46076455955774,0.202613883901577,FALSE,FALSE
"2023-08-09 09:00:00",20.02874,19.9757,19.6934718568788,18.18,18.03,8.936110773,1047,0,0,5.52222222222222,0.4053542,13.80597873,7.81250848979592e-06,1.7957,1.5134718568788,1.9457,1.6634718568788,2023,8,32,221,"NULL",2023-08-09,0.46076455955774,0.202613883901577,FALSE,FALSE
"2023-08-09 10:00:00",20.848978,20.6338,20.4156920538857,18.57,18.7,9.724970561,1498,0,0,5.52222222222222,0.4690701,14.83476195,6.05534717959184e-05,2.0638,1.8456920538857,1.9338,1.7156920538857,2023,8,32,221,"NULL",2023-08-09,0.46076455955774,0.202613883901577,FALSE,FALSE
"2023-08-09 11:00:00",20.66257,20.2075,19.8564005849434,19.05,19.66,11.4290007,1752,0,0,5.52222222222222,0.3272495,12.96379224,7.09193395510204e-05,1.1575,0.8064005849434,0.547499999999999,0.196400584943401,2023,8,32,221,"NULL",2023-08-09,0.46076455955774,0.202613883901577,FALSE,FALSE
"2023-08-09 12:00:00",22.717335,22.1785,22.0941552961434,19.93,20.75,13.00350158,1900,0,0,5.52222222222222,0.5174515,10.16027843,8.69414019183673e-05,2.2485,2.1641552961434,1.4285,1.3441552961434,2023,8,32,221,"NULL",2023-08-09,0.46076455955774,0.202613883901577,FALSE,FALSE
"2023-08-10 07:00:00",17.175766,16.8645,16.7108387430047,17.1,15.58,7.90619321,249.8,0,0,5.47777777777778,0.270715,3.454927832,1.76123877591837e-05,-0.235500000000002,-0.389161256995301,1.2845,1.1308387430047,2023,8,32,222,"NULL",2023-08-10,0.46076455955774,0.202613883901577,FALSE,FALSE
"2023-08-10 08:00:00",18.05414,18.1663,17.7289308424704,18.91,16.19,9.826462769,717.7,0,0,5.47777777777778,0.2780109,6.970695066,2.72377189346939e-05,-0.7437,-1.1810691575296,1.9763,1.5389308424704,2023,8,32,222,"NULL",2023-08-10,0.46076455955774,0.202613883901577,FALSE,FALSE
"2023-08-10 10:00:00",20.61654,20.3766,20.3424213441037,20.26,19.19,11.23575089,1257,0,0,5.47777777777778,0.3689737,13.88939729,3.11207324816327e-05,0.116599999999998,0.0824213441036967,1.1866,1.1524213441037,2023,8,32,222,"NULL",2023-08-10,0.46076455955774,0.202613883901577,FALSE,FALSE
"2023-08-10 11:00:00",21.834248,21.3884,21.6456090273733,18.85,19.18,8.904396977,1487,0,0,5.47777777777778,0.4031449,17.21753437,1.5031726755102e-05,2.5384,2.7956090273733,2.2084,2.4656090273733,2023,8,32,222,"NULL",2023-08-10,0.46076455955774,0.202613883901577,FALSE,FALSE
"2023-08-10 12:00:00",24.294716,23.6681,23.9655475044947,21.6,21.34,12.88465632,1717,0,0,5.47777777777778,0.5076938,20.35026582,0.00012964788877551,2.0681,2.3655475044947,2.3281,2.6255475044947,2023,8,32,222,"NULL",2023-08-10,0.46076455955774,0.202613883901577,FALSE,FALSE
"2023-08-10 13:00:00",24.046036,23.5229,23.6102037502216,21.6,22.4,15.24465632,1900,0,0,5.48888888888889,0.4273192,12.54905356,0.000132803043959184,1.9229,2.0102037502216,1.1229,1.2102037502216,2023,8,32,222,"NULL",2023-08-10,0.46076455955774,0.202613883901577,FALSE,FALSE
"2023-08-10 14:00:00",23.166912,22.6754,22.586834569902,20.6,21.42,15.15170433,1500,0,0,5.5,0.4427142,13.85130589,6.21702911020408e-05,2.0754,1.986834569902,1.2554,1.166834569902,2023,8,32,222,"NULL",2023-08-10,0.46076455955774,0.202613883901577,FALSE,FALSE
"2023-08-10 16:00:00",20.71051,20.4712,20.0210881719886,20.97,21.46,15.83295146,1333,0,0,5.52222222222222,0.6125544,7.091387353,1.96427506897959e-05,-0.498799999999999,-0.948911828011401,-0.988800000000001,-1.4389118280114,2023,8,32,222,"NULL",2023-08-10,0.46076455955774,0.202613883901577,FALSE,FALSE
"2023-08-10 17:00:00",20.605427,20.4293,20.2431974601808,20.61,20.72,15.90672643,541.5,0,0,5.52222222222222,0.4221095,8.469587032,3.01124670244898e-05,-0.180699999999998,-0.366802539819201,-0.290699999999998,-0.4768025398192,2023,8,32,222,"NULL",2023-08-10,0.46076455955774,0.202613883901577,FALSE,FALSE
"2023-08-10 18:00:00",19.696095,19.537,19.2879340609253,19.4,19.63,13.91683841,357.1,0,0,5.52222222222222,0.5503405,5.273322975,1.44000176204082e-05,0.137,-0.1120659390747,-0.093,-0.342065939074701,2023,8,32,222,"NULL",2023-08-10,0.46076455955774,0.202613883901577,FALSE,FALSE
"2023-08-13 07:00:00",17.10205,16.6424,16.5611359778177,16.08,15.25,9.246810902,141.7,0,0,6.72222222222222,0.1777631,2.297201293,-1.72057736816327e-07,0.5624,0.481135977817701,1.3924,1.3111359778177,2023,8,33,225,"NULL",2023-08-13,0.46076455955774,0.202613883901577,FALSE,FALSE
"2023-08-13 08:00:00",18.215038,18.424,17.7469472335469,17.43,16.4,11.34911732,666.3,0,0,6.71111111111111,0.1172116,4.661663983,1.25764245020408e-05,0.994,0.316947233546902,2.024,1.3469472335469,2023,8,33,225,"NULL",2023-08-13,0.46076455955774,0.202613883901577,FALSE,FALSE
"2023-08-13 09:00:00",20.363213,20.398,20.1019429667519,20.3,17.71,14.53479325,998,0,0,6.71111111111111,0.2539786,7.063541814,9.37096084081633e-05,0.097999999999999,-0.198057033248102,2.688,2.3919429667519,2023,8,33,225,"NULL",2023-08-13,0.46076455955774,0.202613883901577,FALSE,FALSE
"2023-08-13 10:00:00",17.73266,17.6053,17.6784070117242,19.82,18.54,12.85466034,992,0,0,6.71111111111111,0.4368034,9.310895014,0.000135694838081633,-2.2147,-2.1415929882758,-0.934699999999999,-0.861592988275799,2023,8,33,225,"NULL",2023-08-13,0.46076455955774,0.202613883901577,FALSE,FALSE
"2023-08-13 11:00:00",18.468685,18.2558,18.1029705857031,19.26,17.95,11.48058425,1267,0,0,6.71111111111111,0.4808752,15.75081344,8.54941718367347e-05,-1.0042,-1.1570294142969,0.305800000000001,0.152970585703102,2023,8,33,225,"NULL",2023-08-13,0.46076455955774,0.202613883901577,FALSE,FALSE
"2023-08-13 12:00:00",17.543316,17.4522,17.3361105694968,18.21,17.88,9.995629101,299.6,0,0,6.7,0.3660374,13.90052171,0.000100750086040816,-0.7578,-0.873889430503201,-0.427799999999998,-0.543889430503199,2023,8,33,225,"NULL",2023-08-13,0.46076455955774,0.202613883901577,FALSE,FALSE
"2023-08-13 13:00:00",17.49039,17.4232,17.3512443012332,18.39,17.98,10.73411408,335,0,0,6.7,0.362067,12.07956845,7.54480870612245e-05,-0.966799999999999,-1.0387556987668,-0.556799999999999,-0.628755698766799,2023,8,33,225,"NULL",2023-08-13,0.46076455955774,0.202613883901577,FALSE,FALSE
"2023-08-13 14:00:00",17.287859,17.1845,16.9705369907067,18.9,19.13,10.79276641,845,0,0,6.7,0.3482824,10.29156869,0.00020106728722449,-1.7155,-1.9294630092933,-1.9455,-2.1594630092933,2023,8,33,225,"NULL",2023-08-13,0.46076455955774,0.202613883901577,FALSE,FALSE
"2023-08-13 15:00:00",20.136173,19.882,20.1162470714846,17.98,17.91,11.21431791,581.2,0,0,6.7,0.2462548,8.359750507,2.23471651102041e-05,1.902,2.1362470714846,1.972,2.2062470714846,2023,8,33,225,"NULL",2023-08-13,0.46076455955774,0.202613883901577,FALSE,FALSE
"2023-08-13 16:00:00",18.963081,18.88,18.7076599427718,21.34,20.2,15.495483,901,0,0,6.7,0.3127671,6.79920217,0.000106084217510204,-2.46,-2.6323400572282,-1.32,-1.4923400572282,2023,8,33,225,"NULL",2023-08-13,0.46076455955774,0.202613883901577,FALSE,FALSE
"2023-08-13 17:00:00",18.103052,18.0506,17.8456219771594,20.45,19.32,14.29734322,365.1,0,0,6.68888888888889,0.2220144,4.847792375,5.7641790122449e-05,-2.3994,-2.6043780228406,-1.2694,-1.4743780228406,2023,8,33,225,"NULL",2023-08-13,0.46076455955774,0.202613883901577,FALSE,FALSE
"2023-08-13 18:00:00",17.242691,17.2052,17.0949729786534,18.32,17.93,12.70108922,53.08,0,0,6.67777777777778,0.2538519,2.916414443,2.27990089918367e-05,-1.1148,-1.2250270213466,-0.724799999999998,-0.835027021346601,2023,8,33,225,"NULL",2023-08-13,0.46076455955774,0.202613883901577,FALSE,FALSE
"2023-08-14 07:00:00",17.375738,17.2569,17.1868560507457,16.61,16.11,10.84687096,63.38,0,0,6.6,0.4580476,1.391255914,9.41726472244898e-06,0.646900000000002,0.5768560507457,1.1469,1.0768560507457,2023,8,33,226,"NULL",2023-08-14,0.46076455955774,0.202613883901577,FALSE,FALSE
"2023-08-14 08:00:00",17.23653,17.1734,17.1069450279811,16.28,16.15,9.932377756,213.5,0,0,6.6,0.6474075,2.835803269,3.33041393591837e-05,0.8934,0.8269450279811,1.0234,0.956945027981103,2023,8,33,226,"NULL",2023-08-14,0.46076455955774,0.202613883901577,FALSE,FALSE
"2023-08-14 10:00:00",17.621922,17.5569,17.5039910967056,15.67,15.52,8.402081086,261.9,0,0,6.57777777777778,0.6558424,3.56265142,1.18399436571429e-05,1.8869,1.8339910967056,2.0369,1.9839910967056,2023,8,33,226,"NULL",2023-08-14,0.46076455955774,0.202613883901577,FALSE,FALSE
"2023-08-14 15:00:00",22.09879,21.68,21.6935015497202,20.34,20.56,12.85396352,1521,0,0,6.5,0.6355174,11.91501791,9.53776049795918e-06,1.34,1.3535015497202,1.12,1.1335015497202,2023,8,33,226,"NULL",2023-08-14,0.46076455955774,0.202613883901577,FALSE,FALSE
"2023-08-14 16:00:00",21.92675,21.6109,21.6475685320706,20.31,20.29,13.42957381,891,0,0,6.47777777777778,0.6034426,8.124785251,4.19572342857143e-05,1.3009,1.3375685320706,1.3209,1.3575685320706,2023,8,33,226,"NULL",2023-08-14,0.46076455955774,0.202613883901577,FALSE,FALSE
"2023-08-14 17:00:00",19.22263,19.1511,18.9793770529994,20.24,19.84,13.6062776,447.4,0,0,6.47777777777778,0.436228,4.222564317,1.74657567755102e-05,-1.0889,-1.2606229470006,-0.6889,-0.8606229470006,2023,8,33,226,"NULL",2023-08-14,0.46076455955774,0.202613883901577,FALSE,FALSE
"2023-08-14 18:00:00",18.932919,18.867,18.7760976121142,19.57,19.24,12.86716913,170.3,0,0,6.46666666666667,0.2474287,4.871804907,7.55653358367347e-06,-0.702999999999999,-0.793902387885801,-0.372999999999998,-0.463902387885799,2023,8,33,226,"NULL",2023-08-14,0.46076455955774,0.202613883901577,FALSE,FALSE
"2023-08-15 11:00:00",20.525654,20.015,19.8789232761895,17.96,18.62,9.028297042,1608,0,0,6.33333333333333,0.6481561,12.83862781,3.11755281469388e-05,2.055,1.9189232761895,1.395,1.2589232761895,2023,8,33,227,"NULL",2023-08-15,0.46076455955774,0.202613883901577,FALSE,FALSE
"2023-08-15 12:00:00",21.56957,21.1106,20.9766208984326,18.97,19.98,10.89879851,1757,0,0,6.32222222222222,0.5384675,8.865801997,6.37185054693878e-05,2.1406,2.0066208984326,1.1306,0.996620898432599,2023,8,33,227,"NULL",2023-08-15,0.46076455955774,0.202613883901577,FALSE,FALSE
"2023-08-15 13:00:00",20.375687,20.0191,19.911875386797,19.71,20.5,11.84676536,1329,0,0,6.31111111111111,0.3019148,12.06413053,5.30771499183674e-05,0.309100000000001,0.201875386796999,-0.480899999999998,-0.588124613203,2023,8,33,227,"NULL",2023-08-15,0.46076455955774,0.202613883901577,FALSE,FALSE
"2023-08-15 15:00:00",19.568132,19.3781,19.2303254057887,19,19.03,9.710067839,378.7,0,0,6.3,0.4232277,7.967716122,3.35921250040816e-05,0.3781,0.230325405788701,0.348099999999999,0.2003254057887,2023,8,33,227,"NULL",2023-08-15,0.46076455955774,0.202613883901577,FALSE,FALSE
"2023-08-15 16:00:00",19.497038,19.3693,19.1903840951103,19.12,19.23,10.3258238,375.1,0,0,6.27777777777778,0.4768672,5.655782032,2.74832330040816e-05,0.249299999999998,0.070384095110299,0.139299999999999,-0.0396159048897005,2023,8,33,227,"NULL",2023-08-15,0.46076455955774,0.202613883901577,FALSE,FALSE
"2023-08-15 17:00:00",19.302547,19.1987,19.0675461219012,19.48,19.44,11.19965802,544.9,0,0,6.27777777777778,0.441314,6.910116143,2.4744042722449e-05,-0.281300000000002,-0.412453878098802,-0.241300000000003,-0.372453878098803,2023,8,33,227,"NULL",2023-08-15,0.46076455955774,0.202613883901577,FALSE,FALSE
"2023-08-15 18:00:00",17.123371,17.0872,16.9335216403738,18.2,18.09,9.002449071,100.3,0,0,6.25555555555556,0.2297238,4.079025492,4.95142761632653e-06,-1.1128,-1.2664783596262,-1.0028,-1.1564783596262,2023,8,33,227,"NULL",2023-08-15,0.46076455955774,0.202613883901577,FALSE,FALSE
"2023-08-17 07:00:00",19.28095,18.9351,18.7428467498924,21.16,19.65,14.56553263,215.4,0,0,6.12222222222222,0.2544729,2.985169657,4.10092729387755e-06,-2.2249,-2.4171532501076,-0.7149,-0.907153250107598,2023,8,33,229,"NULL",2023-08-17,0.46076455955774,0.202613883901577,FALSE,FALSE
"2023-08-17 08:00:00",21.844418,21.9754,21.6242449748044,22.34,20.56,16.47083762,620.4,0,0,6.11111111111111,0.2926263,5.887783581,3.09560656489796e-05,-0.364599999999999,-0.715755025195598,1.4154,1.0642449748044,2023,8,33,229,"NULL",2023-08-17,0.46076455955774,0.202613883901577,FALSE,FALSE
"2023-08-17 09:00:00",22.843246,22.6483,22.3434987566787,22.32,21.96,16.55788414,917,0,0,6.11111111111111,0.5800151,8.743845686,5.13342970612245e-07,0.328299999999999,0.0234987566786984,0.688299999999998,0.383498756678698,2023,8,33,229,"NULL",2023-08-17,0.46076455955774,0.202613883901577,FALSE,FALSE
"2023-08-17 10:00:00",24.247883,23.9465,23.632570175483,23.53,22.86,18.03582349,1335,0,0,6.11111111111111,0.3740308,11.73286839,0.000301152361102041,0.416499999999999,0.102570175482999,1.0865,0.772570175483001,2023,8,33,229,"NULL",2023-08-17,0.46076455955774,0.202613883901577,FALSE,FALSE
"2023-08-17 11:00:00",24.488056,24.1366,23.7827743030057,23.32,23.8,17.8691517,1288,0,0,6.11111111111111,0.3119707,9.115820228,5.52185092244898e-05,0.816600000000001,0.462774303005698,0.336600000000001,-0.0172256969943021,2023,8,33,229,"NULL",2023-08-17,0.46076455955774,0.202613883901577,FALSE,FALSE
"2023-08-17 12:00:00",21.297897,21.1941,21.0155027272037,22.56,22.87,16.665648,485.1,0,0,6.1,0.5140545,6.007525847,4.23996966938776e-05,-1.3659,-1.5444972727963,-1.6759,-1.8544972727963,2023,8,33,229,"NULL",2023-08-17,0.46076455955774,0.202613883901577,FALSE,FALSE
"2023-08-17 13:00:00",24.913517,24.4529,24.2562631612266,22.23,22.21,15.48002671,1146,0,0,6.05555555555556,0.3499316,11.17399429,0.000355407414979592,2.2229,2.0262631612266,2.2429,2.0462631612266,2023,8,33,229,"NULL",2023-08-17,0.46076455955774,0.202613883901577,FALSE,FALSE
"2023-08-17 14:00:00",20.938309,20.8409,20.620544708921,21.65,21.83,15.83399874,242,0,0,6.07777777777778,0.386061,12.28197042,5.00132412244898e-06,-0.809099999999997,-1.029455291079,-0.989099999999997,-1.209455291079,2023,8,33,229,"NULL",2023-08-17,0.46076455955774,0.202613883901577,FALSE,FALSE
"2023-08-17 16:00:00",21.325115,21.226,21.0714076321187,21.95,22.07,17.30453313,380.7,0,0,6.04444444444444,0.535407,8.136823912,7.00735047346939e-06,-0.724,-0.8785923678813,-0.844000000000001,-0.998592367881301,2023,8,33,229,"NULL",2023-08-17,0.46076455955774,0.202613883901577,FALSE,FALSE
"2023-08-17 17:00:00",19.424461,19.3033,19.1661332961941,19.73,19.84,11.66540337,293.5,0,0,6.02222222222222,0.5330108,6.108074215,2.94095046816327e-05,-0.4267,-0.5638667038059,-0.5367,-0.673866703805899,2023,8,33,229,"NULL",2023-08-17,0.46076455955774,0.202613883901577,FALSE,FALSE
"2023-08-17 18:00:00",18.759188,18.7246,18.6049544959611,19.46,19.4,11.84140699,154.5,0,0,6.02222222222222,0.5578548,2.437428051,2.5448641955102e-05,-0.735400000000002,-0.855045504038902,-0.6754,-0.7950455040389,2023,8,33,229,"NULL",2023-08-17,0.46076455955774,0.202613883901577,FALSE,FALSE
"2023-08-18 07:00:00",17.020512,16.6745,16.5434127775949,18,17.39,12.6603675,171,0,0,5.95555555555555,0.5841323,6.115704371,-6.64761040816326e-06,-1.3255,-1.4565872224051,-0.715500000000002,-0.846587222405102,2023,8,33,230,"NULL",2023-08-18,0.46076455955774,0.202613883901577,FALSE,FALSE
"2023-08-18 08:00:00",19.20432,19.0649,18.6905220936416,18.86,18.34,13.01805589,653.4,0,0,5.93333333333333,0.4808403,9.04790465,4.91875017142857e-05,0.204900000000002,-0.169477906358399,0.724900000000002,0.350522093641601,2023,8,33,230,"NULL",2023-08-18,0.46076455955774,0.202613883901577,FALSE,FALSE
"2023-08-18 09:00:00",19.518871,19.3384,19.1041344458231,18.87,18.95,12.89172229,925,0,0,5.93333333333333,0.6394391,13.4705851,6.42985271020408e-05,0.468399999999999,0.234134445823099,0.388400000000001,0.1541344458231,2023,8,33,230,"NULL",2023-08-18,0.46076455955774,0.202613883901577,FALSE,FALSE
"2023-08-18 10:00:00",20.396378,20.2656,19.9393422324074,19.43,19.33,13.15908814,1018,0,0,5.92222222222222,0.3567749,13.86881179,5.80490353877551e-05,0.835599999999999,0.509342232407402,0.935600000000001,0.609342232407403,2023,8,33,230,"NULL",2023-08-18,0.46076455955774,0.202613883901577,FALSE,FALSE
"2023-08-18 11:00:00",20.29752,20.1163,19.9307119748804,19.06,19.36,12.10280991,817,0,0,5.92222222222222,0.4337287,12.88217884,4.13017201632653e-05,1.0563,0.8707119748804,0.7563,0.5707119748804,2023,8,33,230,"NULL",2023-08-18,0.46076455955774,0.202613883901577,FALSE,FALSE
"2023-08-18 12:00:00",21.155882,20.8126,20.5347864298195,18.43,18.84,9.877432098,794.4,0,0,5.92222222222222,0.3476946,13.28303451,2.06082083632653e-05,2.3826,2.1047864298195,1.9726,1.6947864298195,2023,8,33,230,"NULL",2023-08-18,0.46076455955774,0.202613883901577,FALSE,FALSE
"2023-08-18 13:00:00",21.490637,21.274,21.048673224279,21.6,22.18,14.95465632,1345,0,0,5.9,0.4362674,14.0628703,4.28324604489796e-05,-0.326000000000001,-0.551326775721002,-0.905999999999999,-1.131326775721,2023,8,33,230,"NULL",2023-08-18,0.46076455955774,0.202613883901577,FALSE,FALSE
"2023-08-18 14:00:00",23.492725,22.9807,22.8520503431162,21.61,22.44,16.37050782,1722,0,0,5.9,0.3775463,7.760288436,0.000203842260244898,1.3707,1.2420503431162,0.540699999999998,0.412050343116199,2023,8,33,230,"NULL",2023-08-18,0.46076455955774,0.202613883901577,FALSE,FALSE
"2023-08-18 15:00:00",23.386927,23.0782,23.0144770732572,22.35,22.71,18.46732751,1486,0,0,5.9,0.4581768,11.74211387,6.09332530204082e-05,0.728199999999998,0.664477073257199,0.368199999999998,0.3044770732572,2023,8,33,230,"NULL",2023-08-18,0.46076455955774,0.202613883901577,FALSE,FALSE
"2023-08-18 16:00:00",21.659365,21.5144,21.0253312450938,21.57,21.81,17.33715267,1136,0,0,5.9,0.4553769,10.7720355,4.68213025714286e-05,-0.0556000000000019,-0.544668754906201,-0.2956,-0.7846687549062,2023,8,33,230,"NULL",2023-08-18,0.46076455955774,0.202613883901577,FALSE,FALSE
"2023-08-18 17:00:00",20.431614,20.3053,20.1071869160062,19.75,19.8,13.99407253,596.7,0,0,5.88888888888889,0.2468044,7.020024648,5.84247790612245e-06,0.555299999999999,0.357186916006199,0.505299999999998,0.307186916006199,2023,8,33,230,"NULL",2023-08-18,0.46076455955774,0.202613883901577,FALSE,FALSE
"2023-08-18 18:00:00",15.868818,15.7371,15.5371753614748,16.75,17.02,8.986440003,87.6,0,0,5.87777777777778,0.5577373,2.193624939,1.13589735673469e-06,-1.0129,-1.2128246385252,-1.2829,-1.4828246385252,2023,8,33,230,"NULL",2023-08-18,0.46076455955774,0.202613883901577,FALSE,FALSE
"2023-08-19 07:00:00",16.829449,16.6898,16.5653035906915,16.48,15.1,9.360595691,188.4,0,0,5.82222222222222,0.1009725,2.119920192,1.4144606355102e-05,0.209800000000001,0.085303590691499,1.5898,1.4653035906915,2023,8,33,231,"NULL",2023-08-19,0.46076455955774,0.202613883901577,FALSE,FALSE
"2023-08-19 08:00:00",17.136559,17.0322,16.8991559925046,16,15.65,8.543320834,285.8,0,0,5.82222222222222,0.3464335,4.073695019,-2.57695549836735e-06,1.0322,0.8991559925046,1.3822,1.2491559925046,2023,8,33,231,"NULL",2023-08-19,0.46076455955774,0.202613883901577,FALSE,FALSE
"2023-08-19 09:00:00",17.73624,17.6464,17.335774670178,16.88,16.37,9.26508615,538.3,0,0,5.82222222222222,0.2030975,6.157030664,9.1882264244898e-05,0.766400000000001,0.455774670178002,1.2764,0.965774670178,2023,8,33,231,"NULL",2023-08-19,0.46076455955774,0.202613883901577,FALSE,FALSE
"2023-08-19 10:00:00",18.306864,18.0548,17.7453774986706,19.43,18.01,12.11908814,956,0,0,5.81111111111111,0.3788712,8.350096159,0.00012500568677551,-1.3752,-1.6846225013294,0.0447999999999986,-0.264622501329402,2023,8,33,231,"NULL",2023-08-19,0.46076455955774,0.202613883901577,FALSE,FALSE
"2023-08-19 11:00:00",18.917341,18.7116,18.8311148869363,19.76,18.97,10.87841881,1217,0,0,5.81111111111111,0.5367359,14.16179353,7.8011119632653e-05,-1.0484,-0.9288851130637,-0.258399999999998,-0.138885113063697,2023,8,33,231,"NULL",2023-08-19,0.46076455955774,0.202613883901577,FALSE,FALSE
"2023-08-19 12:00:00",19.647732,19.31,19.3327130257527,18.54,18.26,8.914662282,946,0,0,5.82222222222222,0.5712672,16.10471302,7.70653122040816e-05,0.77,0.7927130257527,1.05,1.0727130257527,2023,8,33,231,"NULL",2023-08-19,0.46076455955774,0.202613883901577,FALSE,FALSE
"2023-08-19 15:00:00",15.889972,15.7876,15.6417736319668,16.47,16.62,6.248621442,288.1,0,0,5.81111111111111,0.512318,4.441298662,9.63246738367347e-05,-0.682399999999999,-0.828226368033199,-0.832400000000002,-0.978226368033202,2023,8,33,231,"NULL",2023-08-19,0.46076455955774,0.202613883901577,FALSE,FALSE
"2023-08-19 16:00:00",16.127645,16.0111,15.8659843812514,15.3,15.46,4.492962253,204.3,0,0,5.8,0.354027,5.770162483,5.40595021632653e-05,0.711099999999998,0.565984381251399,0.551099999999998,0.405984381251399,2023,8,33,231,"NULL",2023-08-19,0.46076455955774,0.202613883901577,FALSE,FALSE
"2023-08-19 18:00:00",15.391996,15.3213,15.1191005976045,16.41,16.45,6.656916275,156.5,0,0,5.8,0.4186817,3.442202583,1.45862586408163e-05,-1.0887,-1.2908994023955,-1.1287,-1.3308994023955,2023,8,33,231,"NULL",2023-08-19,0.46076455955774,0.202613883901577,FALSE,FALSE
"2023-08-23 17:00:00",16.508068,16.352,16.5096529107898,16.3,15.98,6.936079835,646.5,0,0,5.94444444444444,0.5783882,8.459686416,2.73550851877551e-05,0.0519999999999996,0.209652910789799,0.372,0.5296529107898,2023,8,34,235,"NULL",2023-08-23,0.46076455955774,0.202613883901577,FALSE,FALSE
"2023-08-23 18:00:00",14.889219,14.7666,14.7135277354334,15.63,15.63,5.986348812,328.6,0,0,5.94444444444444,0.5979902,6.120765011,2.16920721510204e-05,-0.8634,-0.9164722645666,-0.8634,-0.9164722645666,2023,8,34,235,"NULL",2023-08-23,0.46076455955774,0.202613883901577,FALSE,FALSE
"2023-08-24 07:00:00",16.44494,16.1576,16.1322309944038,15.61,14.8,6.39352124,170.8,0,0,5.87777777777778,0.05746772,1.046540583,1.26109778204082e-06,0.547599999999999,0.522230994403799,1.3576,1.3322309944038,2023,8,34,236,"NULL",2023-08-24,0.46076455955774,0.202613883901577,FALSE,FALSE
"2023-08-24 08:00:00",17.925665,18.0454,17.4564025727381,19.2,16,10.35693314,584.6,0,0,5.87777777777778,0.2391042,2.270921266,4.11525927346939e-05,-1.1546,-1.7435974272619,2.0454,1.4564025727381,2023,8,34,236,"NULL",2023-08-24,0.46076455955774,0.202613883901577,FALSE,FALSE
"2023-08-24 09:00:00",19.002115,18.9214,18.8846248107164,18.5,17.16,9.171021083,875,0,0,5.87777777777778,0.3999799,3.206626949,6.04813529387755e-05,0.421399999999998,0.384624810716399,1.7614,1.7246248107164,2023,8,34,236,"NULL",2023-08-24,0.46076455955774,0.202613883901577,FALSE,FALSE
"2023-08-24 10:00:00",18.08508,17.7659,17.4593431313464,18.94,17.81,8.437596847,1151,0,0,5.88888888888889,0.3728321,4.264568886,8.76092622857143e-05,-1.1741,-1.4806568686536,-0.0441000000000003,-0.350656868653598,2023,8,34,236,"NULL",2023-08-24,0.46076455955774,0.202613883901577,FALSE,FALSE
"2023-08-24 11:00:00",17.496086,17.3263,17.2961729432022,18.21,17.44,7.255629101,509.8,0,0,5.86666666666667,0.17225,5.244377959,8.85637563265306e-06,-0.883700000000001,-0.9138270567978,-0.113700000000001,-0.1438270567978,2023,8,34,236,"NULL",2023-08-24,0.46076455955774,0.202613883901577,FALSE,FALSE
"2023-08-24 12:00:00",18.050716,17.8362,18.2111735965157,17,16.77,6.052551405,262.1,0,0,5.85555555555556,0.3633526,6.17077138,2.86580022489796e-05,0.836200000000002,1.2111735965157,1.0662,1.4411735965157,2023,8,34,236,"NULL",2023-08-24,0.46076455955774,0.202613883901577,FALSE,FALSE
"2023-08-24 13:00:00",16.420153,16.3162,16.278542842673,16.92,16.8,5.804131859,140.4,0,0,5.85555555555556,0.3375853,5.914438843,3.89157179959184e-05,-0.603800000000003,-0.641457157327,-0.483800000000002,-0.521457157326999,2023,8,34,236,"NULL",2023-08-24,0.46076455955774,0.202613883901577,FALSE,FALSE
"2023-08-24 14:00:00",17.92007,17.8139,17.7746566128991,18.21,17.79,7.145629101,362.5,0,0,5.86666666666667,0.3462341,4.48625275,5.72332193469388e-05,-0.396100000000001,-0.4353433871009,0.0239000000000011,-0.0153433871008986,2023,8,34,236,"NULL",2023-08-24,0.46076455955774,0.202613883901577,FALSE,FALSE
"2023-08-24 15:00:00",18.899511,18.7239,18.4707747360158,18.7,18.09,9.620408589,379.5,0,0,5.85555555555556,0.1963162,3.016800356,5.79869156734694e-05,0.0239000000000011,-0.229225263984198,0.633900000000001,0.380774736015802,2023,8,34,236,"NULL",2023-08-24,0.46076455955774,0.202613883901577,FALSE,FALSE
"2023-08-24 16:00:00",17.765772,17.6965,17.505969833633,18.96,18.37,10.12505711,224.7,0,0,5.85555555555556,0.317533,1.51436261,5.85226504489796e-05,-1.2635,-1.454030166367,-0.673500000000001,-0.864030166367002,2023,8,34,236,"NULL",2023-08-24,0.46076455955774,0.202613883901577,FALSE,FALSE
"2023-08-24 17:00:00",18.356981,18.2434,18.4640724013066,18.21,17.64,8.225629101,318.2,0,0,5.84444444444444,0.3023583,0,2.64131977959184e-05,0.0334000000000003,0.254072401306598,0.603400000000001,0.824072401306598,2023,8,34,236,"NULL",2023-08-24,0.46076455955774,0.202613883901577,FALSE,FALSE
"2023-08-24 18:00:00",18.561321,18.5443,18.6957897039832,20.41,19.03,11.82781998,339.3,0,0,5.84444444444444,0.337785,0,6.7286055755102e-05,-1.8657,-1.7142102960168,-0.485700000000001,-0.334210296016803,2023,8,34,236,"NULL",2023-08-24,0.46076455955774,0.202613883901577,FALSE,FALSE
"2023-08-26 07:00:00",17.157303,17.137,16.9528207591603,18.33,17.45,10.95435657,80.9,0,0,7.81111111111111,0.3706228,4.616023424,5.25679331428571e-06,-1.193,-1.3771792408397,-0.312999999999999,-0.497179240839699,2023,8,34,238,"NULL",2023-08-26,0.46076455955774,0.202613883901577,FALSE,FALSE
"2023-08-26 08:00:00",18.111961,18.1034,18.121786401965,18.19,17.84,9.399276296,275.4,0,0,7.77777777777778,0.2334321,10.56160485,2.60760421836735e-05,-0.0866000000000007,-0.0682135980350012,0.263400000000001,0.281786401965,2023,8,34,238,"NULL",2023-08-26,0.46076455955774,0.202613883901577,FALSE,FALSE
"2023-08-26 09:00:00",21.652315,21.5576,21.4874919728546,21.34,20,12.455483,1096,0,0,7.75555555555556,0.4807411,16.74065704,0.000144110353346939,0.217600000000001,0.147491972854599,1.5576,1.4874919728546,2023,8,34,238,"NULL",2023-08-26,0.46076455955774,0.202613883901577,FALSE,FALSE
"2023-08-26 10:00:00",21.817572,21.7053,22.1923392671748,21.6,20.48,11.97465632,1131,0,0,7.73333333333333,0.3843873,11.68890648,0.000141921857755102,0.1053,0.592339267174797,1.2253,1.7123392671748,2023,8,34,238,"NULL",2023-08-26,0.46076455955774,0.202613883901577,FALSE,FALSE
"2023-08-26 11:00:00",21.762968,21.5989,21.7911408776683,21.03,20.39,11.67502282,1047,0,0,7.71111111111111,0.458588,10.98643777,0.000151242326897959,0.568899999999999,0.7611408776683,1.2089,1.4011408776683,2023,8,34,238,"NULL",2023-08-26,0.46076455955774,0.202613883901577,FALSE,FALSE
"2023-08-26 12:00:00",23.405384,23.0786,23.5957603757818,21.17,21.15,12.34101455,1473,0,0,7.68888888888889,0.3913049,11.20578182,9.03927784081633e-05,1.9086,2.4257603757818,1.9286,2.4457603757818,2023,8,34,238,"NULL",2023-08-26,0.46076455955774,0.202613883901577,FALSE,FALSE
"2023-08-26 13:00:00",22.117971,21.8719,22.1867715023676,21.73,21.25,13.11138887,943,0,0,7.67777777777778,0.4646029,12.40260061,0.000276858466367347,0.1419,0.456771502367598,0.6219,0.936771502367598,2023,8,34,238,"NULL",2023-08-26,0.46076455955774,0.202613883901577,FALSE,FALSE
"2023-08-26 14:00:00",23.551924,23.2787,23.1314141424628,21.54,21.43,12.80972526,1099,0,0,7.63333333333333,0.3047238,13.50090639,0.00012666518322449,1.7387,1.5914141424628,1.8487,1.7014141424628,2023,8,34,238,"NULL",2023-08-26,0.46076455955774,0.202613883901577,FALSE,FALSE
"2023-08-26 15:00:00",19.862947,19.7746,19.6508435516953,20.71,20.35,12.04739409,197.4,0,0,7.62222222222222,0.1833031,14.53296923,4.73165529795918e-05,-0.935400000000001,-1.0591564483047,-0.575400000000002,-0.699156448304702,2023,8,34,238,"NULL",2023-08-26,0.46076455955774,0.202613883901577,FALSE,FALSE
"2023-08-26 17:00:00",18.71191,18.6395,18.5429382720113,18.64,18.4,9.299281709,87.6,0,0.254,7.56666666666667,0.4512019,1.909699946,2.84259710979592e-05,-0.000499999999998835,-0.0970617279887023,0.239500000000003,0.1429382720113,2023,8,34,238,"NULL",2023-08-26,0.46076455955774,0.202613883901577,FALSE,FALSE
"2023-08-28 07:00:00",19.999737,19.6433,19.6355730520878,21.81,20.35,16.37932503,216.8,0,0,7.27777777777778,0.3970518,3.588972714,2.69026123142857e-05,-2.1667,-2.1744269479122,-0.706700000000001,-0.714426947912202,2023,8,35,240,"NULL",2023-08-28,0.46076455955774,0.202613883901577,FALSE,FALSE
"2023-08-28 08:00:00",21.960466,22.0869,21.5466540908055,23.55,20.92,18.89095673,582.2,0,0,7.23333333333333,0.1851272,7.124396505,4.56412803265306e-05,-1.4631,-2.0033459091945,1.1669,0.626654090805498,2023,8,35,240,"NULL",2023-08-28,0.46076455955774,0.202613883901577,FALSE,FALSE
"2023-08-28 09:00:00",24.064375,24.1484,23.6468909751589,24.28,22.23,19.51892824,878,0,0,7.21111111111111,0.2503679,10.71476851,4.75336682040816e-05,-0.131600000000002,-0.633109024841101,1.9184,1.4168909751589,2023,8,35,240,"NULL",2023-08-28,0.46076455955774,0.202613883901577,FALSE,FALSE
"2023-08-28 10:00:00",24.62003,24.4552,24.5420476488314,24.48,23.22,19.84609932,1362,0,0,7.17777777777778,0.370016,12.17144404,0.000125945142081633,-0.024799999999999,0.062047648831399,1.2352,1.3220476488314,2023,8,35,240,"NULL",2023-08-28,0.46076455955774,0.202613883901577,FALSE,FALSE
"2023-08-28 11:00:00",20.585064,20.5016,20.3248368463701,21.69,21.45,15.22762568,318.3,0,0,7.17777777777778,0.376851,11.28964437,3.0578310844898e-05,-1.1884,-1.3651631536299,-0.948399999999999,-1.1251631536299,2023,8,35,240,"NULL",2023-08-28,0.46076455955774,0.202613883901577,FALSE,FALSE
"2023-08-28 12:00:00",21.08863,21.0099,20.8404357575144,21.33,21.44,14.42985916,526.7,0,0,7.14444444444444,0.3676716,10.58176773,8.7305478e-05,-0.3201,-0.489564242485599,-0.430100000000003,-0.599564242485602,2023,8,35,240,"NULL",2023-08-28,0.46076455955774,0.202613883901577,FALSE,FALSE
"2023-08-28 13:00:00",21.478466,21.3913,21.2306504849206,23.81,23.42,18.31107025,821,0,0,7.12222222222222,0.3240182,10.05798991,0.000106689303673469,-2.4187,-2.5793495150794,-2.0287,-2.1893495150794,2023,8,35,240,"NULL",2023-08-28,0.46076455955774,0.202613883901577,FALSE,FALSE
"2023-08-28 14:00:00",21.669758,21.6014,21.3982391962726,21.87,21.48,16.49563666,352.1,0,0,7.11111111111111,0.1145217,9.255260908,7.97672324081633e-06,-0.268599999999999,-0.471760803727403,0.121400000000001,-0.081760803727402,2023,8,35,240,"NULL",2023-08-28,0.46076455955774,0.202613883901577,FALSE,FALSE
"2023-08-28 15:00:00",25.952454,25.7354,25.5476989820465,24.77,24.31,20.93535969,1468,0,0,7.1,0.4470902,8.768855345,0.000113641936734694,0.965399999999999,0.777698982046502,1.4254,1.2376989820465,2023,8,35,240,"NULL",2023-08-28,0.46076455955774,0.202613883901577,FALSE,FALSE
"2023-08-28 16:00:00",25.341314,25.1697,25.4222896381454,25.55,24.82,21.96684716,872,0,0,7.11111111111111,0.5650429,3.636917619,8.36086087346939e-05,-0.380300000000002,-0.1277103618546,0.349699999999999,0.6022896381454,2023,8,35,240,"NULL",2023-08-28,0.46076455955774,0.202613883901577,FALSE,FALSE
"2023-08-28 18:00:00",22.8478,22.7656,23.0015875870451,22.51,22.03,16.39236167,496.6,0,0,7.05555555555556,0.6222897,1.302256213,0.000126705449673469,0.255599999999998,0.4915875870451,0.735599999999998,0.9715875870451,2023,8,35,240,"NULL",2023-08-28,0.46076455955774,0.202613883901577,FALSE,FALSE
"2023-08-29 07:00:00",18.90126,18.5588,18.3095903446355,21.17,19.32,16.62101455,200,0,0,6.9,0.1058722,0.6147253791,1.60217921877551e-06,-2.6112,-2.8604096553645,-0.761199999999999,-1.0104096553645,2023,8,35,241,"NULL",2023-08-29,0.46076455955774,0.202613883901577,FALSE,FALSE
"2023-08-29 08:00:00",21.450787,21.5955,21.0071729026867,22.31,20.21,17.93142054,598.7,0,0,6.87777777777778,0.2874592,1.171440147,7.72645337959184e-06,-0.714499999999997,-1.3028270973133,1.3855,0.7971729026867,2023,8,35,241,"NULL",2023-08-29,0.46076455955774,0.202613883901577,FALSE,FALSE
"2023-08-29 09:00:00",23.15916,23.1517,22.8044614899597,23.69,21.58,20.00792798,899,0,0,6.88888888888889,0.2524231,1.75143609,5.38547544081633e-05,-0.5383,-0.885538510040302,1.5717,1.2244614899597,2023,8,35,241,"NULL",2023-08-29,0.46076455955774,0.202613883901577,FALSE,FALSE
"2023-08-29 10:00:00",23.9208,23.6872,23.5891493707427,23.54,22.42,17.01338548,1303,0,0,6.85555555555556,0.3711067,2.228564191,5.41083446530612e-05,0.147200000000002,0.0491493707427004,1.2672,1.1691493707427,2023,8,35,241,"NULL",2023-08-29,0.46076455955774,0.202613883901577,FALSE,FALSE
"2023-08-29 11:00:00",24.603392,24.1469,23.9774807829632,23.71,22.92,16.92335836,1560,0,0,6.83333333333333,0.5050415,2.789400279,0.00011011726155102,0.436899999999998,0.267480782963201,1.2269,1.0574807829632,2023,8,35,241,"NULL",2023-08-29,0.46076455955774,0.202613883901577,FALSE,FALSE
"2023-08-29 12:00:00",24.708065,24.1885,24.3941903269099,22.75,23.14,15.65415957,1452,0,0,6.84444444444444,0.2298732,9.977605938,0.000113035542489796,1.4385,1.6441903269099,1.0485,1.2541903269099,2023,8,35,241,"NULL",2023-08-29,0.46076455955774,0.202613883901577,FALSE,FALSE
"2023-08-29 13:00:00",25.86884,25.4417,26.0689488997493,24.08,24.11,17.93558151,1757,0,0,6.81111111111111,0.6233901,8.174591897,0.000226502328326531,1.3617,1.9889488997493,1.3317,1.9589488997493,2023,8,35,241,"NULL",2023-08-29,0.46076455955774,0.202613883901577,FALSE,FALSE
"2023-08-29 14:00:00",27.08009,26.8162,27.4928690106607,24.76,25.37,20.92662833,1751,0,0,6.8,0.5755368,6.10632298,0.000114690019714286,2.0562,2.7328690106607,1.4462,2.1228690106607,2023,8,35,241,"NULL",2023-08-29,0.46076455955774,0.202613883901577,FALSE,FALSE
"2023-08-29 15:00:00",26.032848,25.7527,26.0786122053126,25.45,25.27,23.78223747,1521,0,0,6.78888888888889,0.6204613,0,0.000174016494367347,0.302700000000002,0.628612205312599,0.482700000000001,0.808612205312599,2023,8,35,241,"NULL",2023-08-29,0.46076455955774,0.202613883901577,FALSE,FALSE
"2023-08-29 16:00:00",25.338804,25.1038,24.9723966194829,25.93,25.18,24.81562104,1180,0,0,6.77777777777778,0.6618784,0,0.000147515545469388,-0.8262,-0.957603380517099,-0.0762,-0.207603380517099,2023,8,35,241,"NULL",2023-08-29,0.46076455955774,0.202613883901577,FALSE,FALSE
"2023-08-29 17:00:00",25.22565,25.1149,25.4482196221924,26.1,24.41,24.91538911,775.4,0,0,6.77777777777778,0.5776893,7.508108243,0.000141412566204082,-0.985100000000003,-0.651780377807601,0.704899999999999,1.0382196221924,2023,8,35,241,"NULL",2023-08-29,0.46076455955774,0.202613883901577,FALSE,FALSE
"2023-08-29 18:00:00",23.343996,23.3424,23.5913879643463,23.84,23.14,21.31456623,364,0,0,6.76666666666667,0.519242,0.05368040909,5.05836208163265e-05,-0.497599999999998,-0.2486120356537,0.202400000000001,0.451387964346299,2023,8,35,241,"NULL",2023-08-29,0.46076455955774,0.202613883901577,FALSE,FALSE
"2023-09-02 09:00:00",15.573552,15.502,15.760922633005,12.55,12.6,0.02917742739,731.6,0,0,11.5555555555556,0.4326271,12.73010213,0.00011182159844898,2.952,3.210922633005,2.902,3.160922633005,2023,9,35,245,"NULL",2023-09-02,0.62423504059501,0.282550292124494,FALSE,FALSE
"2023-09-02 10:00:00",17.345184,17.237,17.2368532779621,13.67,14.31,0.0376262876,1050,0,0,11.5444444444444,0.2947268,12.6731666,0.000104268144489796,3.567,3.5668532779621,2.927,2.9268532779621,2023,9,35,245,"NULL",2023-09-02,0.62423504059501,0.282550292124494,FALSE,FALSE
"2023-09-02 11:00:00",17.967083,17.897,18.3879527132764,14.8,15.27,0.1403137071,858,0,0,11.5222222222222,0.439483,8.069493554,2.26803705755102e-05,3.097,3.5879527132764,2.627,3.1179527132764,2023,9,35,245,"NULL",2023-09-02,0.62423504059501,0.282550292124494,FALSE,FALSE
"2023-09-02 12:00:00",17.771832,17.6628,17.7731761768504,15.63,15.79,2.786348812,1051,0,0,11.5111111111111,0.4015853,12.17148831,9.02382137142857e-05,2.0328,2.1431761768504,1.8728,1.9831761768504,2023,9,35,245,"NULL",2023-09-02,0.62423504059501,0.282550292124494,FALSE,FALSE
"2023-09-02 13:00:00",18.775055,18.5031,18.7059423894052,16.28,16.59,4.392377756,1395,0,0,11.4888888888889,0.5155936,19.43950817,0.000113701827102041,2.2231,2.4259423894052,1.9131,2.1159423894052,2023,9,35,245,"NULL",2023-09-02,0.62423504059501,0.282550292124494,FALSE,FALSE
"2023-09-02 14:00:00",18.512838,18.316,18.0443992403332,17.82,18.26,7.646952947,1419,0,0,11.4666666666667,0.4209879,15.89505296,0.000100937625020408,0.495999999999999,0.224399240333199,0.0559999999999974,-0.215600759666803,2023,9,35,245,"NULL",2023-09-02,0.62423504059501,0.282550292124494,FALSE,FALSE
"2023-09-02 15:00:00",20.01292,19.8387,20.2023733078423,18.72,18.79,9.577510251,1441,0,0,11.4222222222222,0.4705709,13.04023612,0.000118471542244898,1.1187,1.4823733078423,1.0487,1.4123733078423,2023,9,35,245,"NULL",2023-09-02,0.62423504059501,0.282550292124494,FALSE,FALSE
"2023-09-02 16:00:00",19.167791,19.0189,18.7609392899648,19.8,19.2,10.79588192,1241,0,0,11.3888888888889,0.4078385,15.18404015,7.34307979591837e-05,-0.781100000000002,-1.0390607100352,-0.181100000000001,-0.4390607100352,2023,9,35,245,"NULL",2023-09-02,0.62423504059501,0.282550292124494,FALSE,FALSE
"2023-09-02 17:00:00",18.47276,18.405,18.602392375478,18.43,18.05,9.197432098,777.1,0,0,11.3555555555556,0.5121979,8.701326018,4.81496739591837e-05,-0.0249999999999986,0.172392375478001,0.355,0.552392375478,2023,9,35,245,"NULL",2023-09-02,0.62423504059501,0.282550292124494,FALSE,FALSE
"2023-09-02 18:00:00",17.097795,17.0572,17.1340942949026,17.62,17.23,8.440310903,299.6,0,0,11.3222222222222,0.3078318,5.587088073,2.54499364408163e-05,-0.562799999999999,-0.485905705097402,-0.172799999999999,-0.095905705097401,2023,9,35,245,"NULL",2023-09-02,0.62423504059501,0.282550292124494,FALSE,FALSE
"2023-09-03 07:00:00",16.386715,16.076,16.2344701223063,15.61,15.03,5.15352124,169.1,0,0,11.2,0.3032451,4.806916002,3.56589293755102e-06,0.466000000000001,0.624470122306299,1.046,1.2044701223063,2023,9,36,246,"NULL",2023-09-03,0.62423504059501,0.282550292124494,FALSE,FALSE
"2023-09-03 08:00:00",19.050198,19.1977,18.6889376946646,16.79,15.73,6.025131889,570.9,0,0,11.1777777777778,0.2415002,9.178980182,3.52617908612245e-05,2.4077,1.8989376946646,3.4677,2.9589376946646,2023,9,36,246,"NULL",2023-09-03,0.62423504059501,0.282550292124494,FALSE,FALSE
"2023-09-03 09:00:00",19.732986,19.6382,19.268980848801,16.2,16.06,5.227834294,677.7,0,0,11.1444444444444,0.3281426,11.83298784,3.07926696040816e-05,3.4382,3.068980848801,3.5782,3.208980848801,2023,9,36,246,"NULL",2023-09-03,0.62423504059501,0.282550292124494,FALSE,FALSE
"2023-09-03 10:00:00",18.620258,18.4347,18.6519252361298,16.76,16.9,5.898602801,620.1,0,0,11.1111111111111,0.3841713,13.44571095,1.66989554612245e-05,1.6747,1.8919252361298,1.5347,1.7519252361298,2023,9,36,246,"NULL",2023-09-03,0.62423504059501,0.282550292124494,FALSE,FALSE
"2023-09-03 11:00:00",18.904419,18.516,18.1878186726089,17.54,17.84,6.348446357,1142,0,0,11.0777777777778,0.3194643,14.77150559,0.000140456774489796,0.975999999999999,0.647818672608899,0.675999999999998,0.347818672608899,2023,9,36,246,"NULL",2023-09-03,0.62423504059501,0.282550292124494,FALSE,FALSE
"2023-09-03 12:00:00",19.590899,19.2535,18.9178681243828,17.59,18.25,7.242058835,1563,0,0,11.0777777777778,0.3698423,16.16845834,-2.76084381673469e-06,1.6635,1.3278681243828,1.0035,0.6678681243828,2023,9,36,246,"NULL",2023-09-03,0.62423504059501,0.282550292124494,FALSE,FALSE
"2023-09-03 13:00:00",20.860315,20.4418,20.2218573776303,17.84,18.74,8.612773507,1585,0,0,11.0333333333333,0.1700046,17.89931885,0.000108924884408163,2.6018,2.3818573776303,1.7018,1.4818573776303,2023,9,36,246,"NULL",2023-09-03,0.62423504059501,0.282550292124494,FALSE,FALSE
"2023-09-03 14:00:00",21.707329,21.3297,21.3849217745815,19.22,19.95,12.30478641,1639,0,0,10.9888888888889,0.7180641,14.98412919,6.6142343755102e-05,2.1097,2.1649217745815,1.3797,1.4349217745815,2023,9,36,246,"NULL",2023-09-03,0.62423504059501,0.282550292124494,FALSE,FALSE
"2023-09-03 15:00:00",19.740826,19.5437,19.2551795573675,19.03,19.56,13.22140494,1396,0,0,10.9333333333333,0.524123,11.17871203,9.79230646530612e-05,0.5137,0.2251795573675,-0.0162999999999975,-0.304820442632497,2023,9,36,246,"NULL",2023-09-03,0.62423504059501,0.282550292124494,FALSE,FALSE
"2023-09-03 16:00:00",19.870548,19.6878,19.6113134081183,18.69,18.66,10.1368689,749.9,0,0,10.8666666666667,0.782732,10.34861834,0.000101814018040816,0.997799999999998,0.921313408118298,1.0278,0.951313408118299,2023,9,36,246,"NULL",2023-09-03,0.62423504059501,0.282550292124494,FALSE,FALSE
"2023-09-03 17:00:00",18.82777,18.7493,18.7621132688461,19.67,19.04,12.60958268,710.7,0,0,10.8444444444444,0.6907698,10.79717833,9.9326476122449e-05,-0.9207,-0.907886731153901,-0.290699999999998,-0.277886731153899,2023,9,36,246,"NULL",2023-09-03,0.62423504059501,0.282550292124494,FALSE,FALSE
"2023-09-03 18:00:00",17.836012,17.7916,17.7945562431947,18.6,18.2,11.00534527,321.4,0,0,10.8222222222222,0.5808639,5.843248455,3.69341944081633e-05,-0.808400000000002,-0.8054437568053,-0.4084,-0.405443756805298,2023,9,36,246,"NULL",2023-09-03,0.62423504059501,0.282550292124494,FALSE,FALSE
"2023-09-04 07:00:00",13.881355,13.6081,13.7078473854802,13.14,12.92,3.274194209,171.4,0,0,10.6777777777778,0.6636696,1.593645092,1.09704631306122e-05,0.4681,0.567847385480199,0.6881,0.7878473854802,2023,9,36,247,"NULL",2023-09-04,0.62423504059501,0.282550292124494,FALSE,FALSE
"2023-09-04 08:00:00",16.007397,15.9218,15.5873965992251,14.11,13.76,3.93293274,576.3,0,0,10.6666666666667,0.779845,8.149424293,6.32172234693877e-05,1.8118,1.4773965992251,2.1618,1.8273965992251,2023,9,36,247,"NULL",2023-09-04,0.62423504059501,0.282550292124494,FALSE,FALSE
"2023-09-04 09:00:00",17.74004,17.652,17.2833007014256,15.05,14.81,5.084685044,852,0,0,10.6222222222222,0.6346416,13.36834691,4.11646291020408e-05,2.602,2.2333007014256,2.842,2.4733007014256,2023,9,36,247,"NULL",2023-09-04,0.62423504059501,0.282550292124494,FALSE,FALSE
"2023-09-04 10:00:00",18.228443,18.016,17.5849165379454,15.43,15.5,6.149225639,1229,0,0,10.5888888888889,0.5839208,14.90972112,3.72085797387755e-05,2.586,2.1549165379454,2.516,2.0849165379454,2023,9,36,247,"NULL",2023-09-04,0.62423504059501,0.282550292124494,FALSE,FALSE
"2023-09-04 11:00:00",18.85736,18.5243,18.2147874857562,16.04,16.43,7.630013449,1544,0,0,10.5444444444444,0.683965,10.00871686,7.04212091836735e-05,2.4843,2.1747874857562,2.0943,1.7847874857562,2023,9,36,247,"NULL",2023-09-04,0.62423504059501,0.282550292124494,FALSE,FALSE
"2023-09-04 12:00:00",18.515835,17.9655,17.6470533665899,16.23,17.03,8.493238487,1687,0,0,10.4888888888889,0.5804986,17.25007436,7.61169024897959e-05,1.7355,1.4170533665899,0.935499999999998,0.6170533665899,2023,9,36,247,"NULL",2023-09-04,0.62423504059501,0.282550292124494,FALSE,FALSE
"2023-09-04 13:00:00",19.076641,18.6217,18.3301030487959,16.64,17.47,10.3530958,1718,0,0,10.4666666666667,0.7201104,12.37035794,4.60894044081633e-05,1.9817,1.6901030487959,1.1517,0.860103048795899,2023,9,36,247,"NULL",2023-09-04,0.62423504059501,0.282550292124494,FALSE,FALSE
"2023-09-04 14:00:00",19.641333,19.2566,19.1493382188347,17.32,18.11,10.72063503,1627,0,0,10.4333333333333,0.7801264,12.44436231,9.47567433469388e-05,1.9366,1.8293382188347,1.1466,1.0393382188347,2023,9,36,247,"NULL",2023-09-04,0.62423504059501,0.282550292124494,FALSE,FALSE
"2023-09-04 15:00:00",19.775846,19.5444,19.2494397938771,17.85,18.28,11.58569449,1417,0,0,10.4,0.903354,12.25666512,7.4103578122449e-05,1.6944,1.3994397938771,1.2644,0.9694397938771,2023,9,36,247,"NULL",2023-09-04,0.62423504059501,0.282550292124494,FALSE,FALSE
"2023-09-04 16:00:00",19.61782,19.4901,19.3483662454737,18.82,18.75,13.53346508,1109,0,0,10.3666666666667,0.890229,11.67236107,0.000103593784734694,0.670100000000001,0.528366245473698,0.740100000000002,0.598366245473699,2023,9,36,247,"NULL",2023-09-04,0.62423504059501,0.282550292124494,FALSE,FALSE
"2023-09-04 17:00:00",18.210098,18.1111,18.0178480919703,18.88,18.61,13.56539618,708.3,0,0,10.3333333333333,0.7002835,9.603768711,9.66347044081633e-05,-0.768899999999999,-0.862151908029698,-0.498899999999999,-0.592151908029699,2023,9,36,247,"NULL",2023-09-04,0.62423504059501,0.282550292124494,FALSE,FALSE
"2023-09-04 18:00:00",16.641714,16.635,16.6610301840926,18.04,17.7,13.46255296,316.2,0,0,10.2888888888889,0.7372305,5.753003445,6.14194092244898e-05,-1.405,-1.3789698159074,-1.065,-1.0389698159074,2023,9,36,247,"NULL",2023-09-04,0.62423504059501,0.282550292124494,FALSE,FALSE
"2023-09-05 07:00:00",13.528376,13.3007,13.3791216758249,12.94,12.75,6.147080068,179.7,0,0,10.1222222222222,0.5329478,1.399166742,-9.59058588163265e-06,0.360700000000001,0.4391216758249,0.550700000000001,0.6291216758249,2023,9,36,248,"NULL",2023-09-05,0.62423504059501,0.282550292124494,FALSE,FALSE
"2023-09-05 08:00:00",15.61338,15.4314,15.1097684029272,13.61,13.43,7.026421344,580.9,0,0,10.1,0.4624959,3.657972033,4.69464891836735e-05,1.8214,1.4997684029272,2.0014,1.6797684029272,2023,9,36,248,"NULL",2023-09-05,0.62423504059501,0.282550292124494,FALSE,FALSE
"2023-09-05 09:00:00",17.397417,17.1498,16.8087769466461,14.41,14.41,8.199983153,872,0,0,10.0777777777778,0.3378416,7.063583318,7.63343692244898e-05,2.7398,2.3987769466461,2.7398,2.3987769466461,2023,9,36,248,"NULL",2023-09-05,0.62423504059501,0.282550292124494,FALSE,FALSE
"2023-09-05 10:00:00",18.048002,17.7036,17.4099288926591,15.6,15.83,10.53211709,1314,0,0,10.0666666666667,0.5799387,9.486781055,0.000138580073142857,2.1036,1.8099288926591,1.8736,1.5799288926591,2023,9,36,248,"NULL",2023-09-05,0.62423504059501,0.282550292124494,FALSE,FALSE
"2023-09-05 11:00:00",19.550106,19.1418,18.6276327188473,16.34,16.82,12.36356363,1565,0,0,10.0222222222222,0.5599593,8.244474862,6.02422766938776e-05,2.8018,2.2876327188473,2.3218,1.8076327188473,2023,9,36,248,"NULL",2023-09-05,0.62423504059501,0.282550292124494,FALSE,FALSE
"2023-09-05 12:00:00",18.425755,17.7776,17.2288542933833,17.16,17.78,13.2407088,1711,0,0,9.96666666666667,0.7022451,15.654839,0.000105052810489796,0.617599999999999,0.0688542933832998,-0.00240000000000151,-0.551145706616701,2023,9,36,248,"NULL",2023-09-05,0.62423504059501,0.282550292124494,FALSE,FALSE
"2023-09-05 13:00:00",20.501507,20.0427,19.842703823656,18.5,19.35,16.00102108,1738,0,0,9.92222222222222,0.7598905,15.45542683,0.000107835273428571,1.5427,1.342703823656,0.692699999999999,0.492703823655997,2023,9,36,248,"NULL",2023-09-05,0.62423504059501,0.282550292124494,FALSE,FALSE
"2023-09-05 14:00:00",20.96339,20.5481,20.4370273707933,18.46,19.3,15.6374976,1650,0,0,9.9,0.6191307,10.37012718,4.95398653877551e-05,2.0881,1.9770273707933,1.2481,1.1370273707933,2023,9,36,248,"NULL",2023-09-05,0.62423504059501,0.282550292124494,FALSE,FALSE
"2023-09-05 15:00:00",20.657581,20.4105,20.1988886125953,19.17,19.74,16.26521024,1439,0,0,9.86666666666667,0.6799927,13.24338629,6.60370698367347e-05,1.2405,1.0288886125953,0.670500000000001,0.458888612595302,2023,9,36,248,"NULL",2023-09-05,0.62423504059501,0.282550292124494,FALSE,FALSE
"2023-09-05 16:00:00",20.471336,20.3479,20.121182395989,20.06,19.94,17.61244957,1124,0,0,9.82222222222222,0.7821913,11.21262955,8.9241732244898e-05,0.2879,0.0611823959890003,0.407899999999998,0.181182395988998,2023,9,36,248,"NULL",2023-09-05,0.62423504059501,0.282550292124494,FALSE,FALSE
"2023-09-05 17:00:00",19.674139,19.5893,19.4847423362285,20.12,19.67,17.73010655,713.2,0,0,9.81111111111111,0.7466276,10.07059402,6.92839681632653e-05,-0.5307,-0.635257663771501,-0.0807000000000002,-0.185257663771502,2023,9,36,248,"NULL",2023-09-05,0.62423504059501,0.282550292124494,FALSE,FALSE
"2023-09-05 18:00:00",18.48834,18.5003,18.5811282038946,19.29,18.83,16.94251263,310.7,0,0,9.76666666666667,0.5365967,4.993326341,2.57855656489796e-05,-0.7897,-0.708871796105399,-0.329699999999999,-0.248871796105398,2023,9,36,248,"NULL",2023-09-05,0.62423504059501,0.282550292124494,FALSE,FALSE
"2023-09-06 07:00:00",16.599804,16.5501,16.6403688359373,16.18,15.89,11.41426452,173,0,0,9.63333333333333,0.431452,2.510255052,2.42309915102041e-05,0.370100000000001,0.460368835937299,0.6601,0.750368835937298,2023,9,36,249,"NULL",2023-09-06,0.62423504059501,0.282550292124494,FALSE,FALSE
"2023-09-06 08:00:00",18.779375,18.6522,18.4050095895267,17.21,16.92,12.55299511,585.2,0,0,9.61111111111111,0.5639042,6.186046579,4.76447764489796e-05,1.4422,1.1950095895267,1.7322,1.4850095895267,2023,9,36,249,"NULL",2023-09-06,0.62423504059501,0.282550292124494,FALSE,FALSE
"2023-09-06 09:00:00",19.634117,19.4567,19.0091556152035,18.45,18.35,15.20413509,894,0,0,9.57777777777778,0.5794846,8.16354252,8.39718849387755e-05,1.0067,0.559155615203501,1.1067,0.659155615203499,2023,9,36,249,"NULL",2023-09-06,0.62423504059501,0.282550292124494,FALSE,FALSE
"2023-09-06 10:00:00",21.291704,20.9776,20.6629938872148,19.53,19.73,17.65042037,1341,0,0,9.53333333333333,0.8076711,11.14876816,7.08792739183673e-05,1.4476,1.1329938872148,1.2476,0.932993887214799,2023,9,36,249,"NULL",2023-09-06,0.62423504059501,0.282550292124494,FALSE,FALSE
"2023-09-06 11:00:00",21.602293,20.9765,20.5742841736092,20.23,20.65,18.64155292,1595,0,0,9.5,0.8036298,10.01658921,9.23537282857143e-05,0.746500000000001,0.3442841736092,0.326500000000003,-0.0757158263907982,2023,9,36,249,"NULL",2023-09-06,0.62423504059501,0.282550292124494,FALSE,FALSE
"2023-09-06 12:00:00",22.207794,21.619,21.0748582993593,20.44,20.9,18.47245034,1741,0,0,9.47777777777778,0.7324689,9.549360857,5.63981966122449e-05,1.179,0.634858299359298,0.719000000000001,0.1748582993593,2023,9,36,249,"NULL",2023-09-06,0.62423504059501,0.282550292124494,FALSE,FALSE
"2023-09-06 13:00:00",23.165733,22.6596,22.2946455242967,21.14,21.82,18.74459372,1776,0,0,9.42222222222222,0.7916255,12.9887685,8.47660628571429e-05,1.5196,1.1546455242967,0.839600000000001,0.474645524296701,2023,9,36,249,"NULL",2023-09-06,0.62423504059501,0.282550292124494,FALSE,FALSE
"2023-09-06 14:00:00",23.06816,22.6766,22.2212230128384,21.45,22.03,18.89789937,1691,0,0,9.4,0.6893497,11.09608122,7.00698450612245e-05,1.2266,0.771223012838401,0.646599999999999,0.1912230128384,2023,9,36,249,"NULL",2023-09-06,0.62423504059501,0.282550292124494,FALSE,FALSE
"2023-09-06 15:00:00",22.182356,21.9379,21.4268885239675,21.48,21.85,18.96509871,1205,0,0,9.37777777777778,0.7187333,10.04273129,6.29960004489796e-05,0.457899999999999,-0.0531114760325018,0.0878999999999976,-0.423111476032503,2023,9,36,249,"NULL",2023-09-06,0.62423504059501,0.282550292124494,FALSE,FALSE
"2023-09-06 16:00:00",23.186317,23.0467,22.9844298903548,22.31,22.28,20.25142054,1140,0,0,9.35555555555556,0.6996963,7.547377451,4.3469176244898e-05,0.736700000000003,0.674429890354801,0.7667,0.704429890354799,2023,9,36,249,"NULL",2023-09-06,0.62423504059501,0.282550292124494,FALSE,FALSE
"2023-09-06 17:00:00",22.322134,22.2814,22.2080107594135,22.79,22.24,20.6116246,718.5,0,0,9.26666666666667,0.4598793,9.684695508,2.67559892408163e-05,-0.508599999999998,-0.581989240586498,0.041400000000003,-0.0319892405864977,2023,9,36,249,"NULL",2023-09-06,0.62423504059501,0.282550292124494,FALSE,FALSE
"2023-09-06 18:00:00",20.380365,20.3919,20.4391785875263,21.7,21.2,19.53355369,306.1,0,0,9.12222222222222,0.5584106,5.507889981,4.70402163265306e-05,-1.3081,-1.2608214124737,-0.8081,-0.7608214124737,2023,9,36,249,"NULL",2023-09-06,0.62423504059501,0.282550292124494,FALSE,FALSE
"2023-09-08 07:00:00",17.124287,17.0325,16.7485173406599,18.41,18.1,14.86075844,100,0,0,8.64444444444444,0.1248591,2.471255322,1.47763382e-06,-1.3775,-1.6614826593401,-1.0675,-1.3514826593401,2023,9,36,251,"NULL",2023-09-08,0.62423504059501,0.282550292124494,FALSE,FALSE
"2023-09-08 08:00:00",17.72571,17.6382,17.3489303461548,18.76,18.31,14.9718028,246.4,0,0,8.62222222222222,0.1132624,4.918253649,5.5798950244898e-06,-1.1218,-1.4110696538452,-0.671799999999998,-0.9610696538452,2023,9,36,251,"NULL",2023-09-08,0.62423504059501,0.282550292124494,FALSE,FALSE
"2023-09-08 09:00:00",18.816483,18.724,18.4039767567294,19.02,18.87,14.44761837,467.2,0,0,8.57777777777778,0.2826164,7.331024613,2.15349136326531e-05,-0.295999999999999,-0.6160232432706,-0.146000000000001,-0.466023243270602,2023,9,36,251,"NULL",2023-09-08,0.62423504059501,0.282550292124494,FALSE,FALSE
"2023-09-08 10:00:00",21.413532,21.1294,20.8580008356334,20.77,20.13,16.58818544,1048,0,0,8.56666666666667,0.4353298,9.885464542,5.23417470204082e-05,0.359400000000001,0.0880008356334017,0.999400000000001,0.728000835633402,2023,9,36,251,"NULL",2023-09-08,0.62423504059501,0.282550292124494,FALSE,FALSE
"2023-09-08 11:00:00",23.644135,23.1361,23.1820784305285,22.51,22,19.28236167,1722,0,0,8.52222222222222,0.6089805,7.756098782,7.152846e-05,0.626099999999997,0.672078430528497,1.1361,1.1820784305285,2023,9,36,251,"NULL",2023-09-08,0.62423504059501,0.282550292124494,FALSE,FALSE
"2023-09-08 12:00:00",24.201004,23.5865,23.7190701932086,23.31,23.22,20.98179223,1884,0,0,8.51111111111111,0.7130601,6.712076666,7.35110901632653e-05,0.276500000000002,0.409070193208603,0.366500000000002,0.499070193208603,2023,9,36,251,"NULL",2023-09-08,0.62423504059501,0.282550292124494,FALSE,FALSE
"2023-09-08 13:00:00",24.21681,23.766,23.9586352485376,24.37,24.84,22.96367994,1874,0,0,8.5,0.8641391,11.51935908,0.000173684159591837,-0.604000000000003,-0.411364751462401,-1.074,-0.881364751462399,2023,9,36,251,"NULL",2023-09-08,0.62423504059501,0.282550292124494,FALSE,FALSE
"2023-09-08 14:00:00",23.231602,22.8013,22.761761652022,24.39,24.61,23.31039691,1771,0,0,8.46666666666667,0.6642275,8.797815314,0.000103256212979592,-1.5887,-1.628238347978,-1.8087,-1.848238347978,2023,9,36,251,"NULL",2023-09-08,0.62423504059501,0.282550292124494,FALSE,FALSE
"2023-09-08 15:00:00",22.95065,22.5856,22.6581863715783,22.18,22.41,19.02818929,787.6,0,0,8.46666666666667,0.5178862,6.194851273,8.51966190204082e-05,0.4056,0.4781863715783,0.175599999999999,0.248186371578299,2023,9,36,251,"NULL",2023-09-08,0.62423504059501,0.282550292124494,FALSE,FALSE
"2023-09-08 16:00:00",21.486149,21.3643,21.1046279658656,22.58,22.15,19.8290245,550,0,0,8.4,0.3291293,6.274122799,6.51046559591837e-05,-1.2157,-1.4753720341344,-0.785699999999999,-1.0453720341344,2023,9,36,251,"NULL",2023-09-08,0.62423504059501,0.282550292124494,FALSE,FALSE
"2023-09-08 17:00:00",20.506517,20.4037,20.2425651667469,20.82,20.68,17.24406948,290.4,0,0,8.4,0.5729376,4.759861509,4.06497923061224e-05,-0.4163,-0.577434833253101,-0.276299999999999,-0.4374348332531,2023,9,36,251,"NULL",2023-09-08,0.62423504059501,0.282550292124494,FALSE,FALSE
"2023-09-08 18:00:00",19.2493,19.203,19.0651012964979,19.98,19.82,16.16601625,112.5,0,0,8.4,0.5059845,1.0846932,2.90395792081633e-05,-0.777000000000001,-0.9148987035021,-0.617000000000001,-0.7548987035021,2023,9,36,251,"NULL",2023-09-08,0.62423504059501,0.282550292124494,FALSE,FALSE
"2023-09-10 07:00:00",19.462809,19.1583,19.2295312552227,20.94,19.93,18.6670271,130.4,0,0,7.88888888888889,0.1141096,1.844679193,5.82092420816326e-06,-1.7817,-1.7104687447773,-0.771699999999999,-0.7004687447773,2023,9,37,253,"NULL",2023-09-10,0.62423504059501,0.282550292124494,FALSE,FALSE
"2023-09-10 08:00:00",21.875362,21.8595,21.0952863437239,23.04,21.14,22.13653492,586.3,0,0,7.87777777777778,0.1755834,5.638092486,5.90407655102041e-05,-1.1805,-1.9447136562761,0.7195,-0.0447136562761017,2023,9,37,253,"NULL",2023-09-10,0.62423504059501,0.282550292124494,FALSE,FALSE
"2023-09-10 09:00:00",23.944054,23.8398,23.2628458205667,22.98,22.17,21.50404304,960,0,0,7.85555555555556,0.1407968,9.24984594,5.65864303265306e-05,0.8598,0.282845820566699,1.6698,1.0928458205667,2023,9,37,253,"NULL",2023-09-10,0.62423504059501,0.282550292124494,FALSE,FALSE
"2023-09-10 10:00:00",24.571194,24.2608,23.8598926869413,23.15,23.37,21.56528339,1418,0,0,7.82222222222222,0.2040348,12.9057469,7.3519406244898e-05,1.1108,0.709892686941302,0.890799999999999,0.4898926869413,2023,9,37,253,"NULL",2023-09-10,0.62423504059501,0.282550292124494,FALSE,FALSE
"2023-09-10 11:00:00",26.354168,25.8484,25.441823509154,23.97,24.45,23.22735874,1749,0,0,7.83333333333333,0.6320695,13.62217416,9.27183086938776e-05,1.8784,1.471823509154,1.3984,0.991823509153999,2023,9,37,253,"NULL",2023-09-10,0.62423504059501,0.282550292124494,FALSE,FALSE
"2023-09-10 12:00:00",26.00463,25.5961,25.559302400547,25.39,25.95,25.55595505,1755,0,0,7.8,0.4409242,10.75324939,6.43292583265306e-05,0.206099999999999,0.169302400547,-0.353899999999999,-0.390697599452999,2023,9,37,253,"NULL",2023-09-10,0.62423504059501,0.282550292124494,FALSE,FALSE
"2023-09-10 13:00:00",22.121304,21.9823,21.7513842090603,23.13,23.51,21.62088381,836,0,0,7.78888888888889,0.4817191,9.635728107,5.69752088163265e-05,-1.1477,-1.3786157909397,-1.5277,-1.7586157909397,2023,9,37,253,"NULL",2023-09-10,0.62423504059501,0.282550292124494,FALSE,FALSE
"2023-09-10 14:00:00",23.5883,23.3568,23.2417348763009,22.56,22.46,20.925648,729.7,0,0,7.77777777777778,0.2244176,9.555066355,4.50563949795918e-05,0.796800000000001,0.681734876300901,0.896799999999999,0.781734876300899,2023,9,37,253,"NULL",2023-09-10,0.62423504059501,0.282550292124494,FALSE,FALSE
"2023-09-10 15:00:00",24.960438,24.7122,24.2390395938315,24.69,24.98,24.82578201,1536,0,0,7.75555555555556,0.6299806,8.982553167,6.69944758367347e-05,0.022199999999998,-0.450960406168502,-0.267800000000001,-0.740960406168501,2023,9,37,253,"NULL",2023-09-10,0.62423504059501,0.282550292124494,FALSE,FALSE
"2023-09-10 16:00:00",22.866629,22.7706,22.5723394393659,24.94,24.73,25.025291,1101,0,0,7.72222222222222,0.5235831,9.615442125,7.88847103673469e-05,-2.1694,-2.3676605606341,-1.9594,-2.1576605606341,2023,9,37,253,"NULL",2023-09-10,0.62423504059501,0.282550292124494,FALSE,FALSE
"2023-09-10 17:00:00",22.98259,22.9024,22.8049645640779,23.79,23.5,22.79545309,675.1,0,0,7.71111111111111,0.5510712,8.874334506,5.32757453061224e-05,-0.887599999999999,-0.9850354359221,-0.5976,-0.695035435922101,2023,9,37,253,"NULL",2023-09-10,0.62423504059501,0.282550292124494,FALSE,FALSE
"2023-09-10 18:00:00",20.874249,20.8707,20.8890159226153,22.17,22.05,19.94184794,138.2,0,0,7.7,0.5487729,2.901142093,2.38461279183673e-05,-1.2993,-1.2809840773847,-1.1793,-1.1609840773847,2023,9,37,253,"NULL",2023-09-10,0.62423504059501,0.282550292124494,FALSE,FALSE
"2023-09-11 07:00:00",17.772541,17.5842,17.645749943025,16.62,16.42,10.55893917,176.1,0,0,7.58888888888889,0.5788861,0,1.47096127755102e-06,0.964199999999998,1.025749943025,1.1642,1.225749943025,2023,9,37,254,"NULL",2023-09-11,0.62423504059501,0.282550292124494,FALSE,FALSE
"2023-09-11 08:00:00",19.290037,19.119,18.7119632068066,17.04,16.64,10.84192566,647.8,0,0,7.57777777777778,0.606611,3.861920076,2.22249317836735e-05,2.079,1.6719632068066,2.479,2.0719632068066,2023,9,37,254,"NULL",2023-09-11,0.62423504059501,0.282550292124494,FALSE,FALSE
"2023-09-11 09:00:00",20.150356,19.9204,19.5497504646628,16.76,16.58,9.998602801,752.3,0,0,7.55555555555556,0.7124432,4.874068955,2.80167413061224e-05,3.1604,2.7897504646628,3.3404,2.9697504646628,2023,9,37,254,"NULL",2023-09-11,0.62423504059501,0.282550292124494,FALSE,FALSE
"2023-09-11 10:00:00",20.69178,20.3803,19.9466965536451,18.71,18.73,11.63395571,1423,0,0,7.53333333333333,0.6424052,9.012360178,6.37072945306123e-05,1.6703,1.2366965536451,1.6503,1.2166965536451,2023,9,37,254,"NULL",2023-09-11,0.62423504059501,0.282550292124494,FALSE,FALSE
"2023-09-11 11:00:00",21.133827,20.6503,20.0928894380998,19.6,20.16,12.33981186,1687,0,0,7.51111111111111,0.6739358,15.18679378,0.000101141319877551,1.0503,0.492889438099798,0.490300000000001,-0.0671105619002006,2023,9,37,254,"NULL",2023-09-11,0.62423504059501,0.282550292124494,FALSE,FALSE
"2023-09-11 12:00:00",22.653212,22.1318,22.1025461852068,19.44,20.12,11.85318674,1898,0,0,7.5,0.5939407,15.79881392,6.95223766938776e-05,2.6918,2.6625461852068,2.0118,1.9825461852068,2023,9,37,254,"NULL",2023-09-11,0.62423504059501,0.282550292124494,FALSE,FALSE
"2023-09-11 14:00:00",21.112179,20.6409,20.0783464434935,20.15,20.67,13.54404203,1665,0,0,7.48888888888889,0.6780657,12.49465526,5.92409573061225e-05,0.4909,-0.0716535565064973,-0.0291000000000032,-0.5916535565065,2023,9,37,254,"NULL",2023-09-11,0.62423504059501,0.282550292124494,FALSE,FALSE
"2023-09-11 15:00:00",20.823399,20.5639,20.3645290597858,19.93,20.32,13.18350158,1388,0,0,7.47777777777778,0.7674923,9.87297641,2.33486914489796e-05,0.633900000000001,0.434529059785799,0.2439,0.0445290597857984,2023,9,37,254,"NULL",2023-09-11,0.62423504059501,0.282550292124494,FALSE,FALSE
"2023-09-11 16:00:00",19.987024,19.7598,19.5284989845788,19.78,19.88,13.43713475,1058,0,0,7.46666666666667,0.6876681,9.804484634,3.94050660938775e-05,-0.0202000000000027,-0.251501015421201,-0.120200000000001,-0.351501015421199,2023,9,37,254,"NULL",2023-09-11,0.62423504059501,0.282550292124494,FALSE,FALSE
"2023-09-11 17:00:00",17.78265,17.6845,17.56266324479,18.47,18.47,11.38086744,230.4,0,0,7.41111111111111,0.862672,3.640808409,1.42128219102041e-05,-0.785499999999999,-0.90733675521,-0.785499999999999,-0.90733675521,2023,9,37,254,"NULL",2023-09-11,0.62423504059501,0.282550292124494,FALSE,FALSE
"2023-09-11 18:00:00",17.314539,17.2664,17.1880886708364,18.01,17.97,10.92340307,58.14,0,0,7.41111111111111,0.3892612,1.279630629,3.90683008693878e-06,-0.743600000000001,-0.821911329163601,-0.703599999999998,-0.781911329163599,2023,9,37,254,"NULL",2023-09-11,0.62423504059501,0.282550292124494,FALSE,FALSE
"2023-09-14 07:00:00",13.019423,12.7623,12.9312945709149,12.42,12.16,6.355088379,156.7,0,0,8.07777777777778,0.4963888,0,0.000186721064653061,0.3423,0.511294570914901,0.6023,0.7712945709149,2023,9,37,257,"NULL",2023-09-14,0.62423504059501,0.282550292124494,FALSE,FALSE
"2023-09-14 08:00:00",15.2484865,15.2094,14.7127131472994,13.32,12.57,7.073544521,570.2,0,0,8.05555555555556,0.2062723,3.148586951,7.96429975510204e-06,1.8894,1.3927131472994,2.6394,2.1427131472994,2023,9,37,257,"NULL",2023-09-14,0.62423504059501,0.282550292124494,FALSE,FALSE
"2023-09-14 09:00:00",17.631618,17.6133,17.2358803119698,14.83,13.98,7.583033587,888,0,0,8.03333333333333,0.2271726,7.1339254,4.28621164897959e-06,2.7833,2.4058803119698,3.6333,3.2558803119698,2023,9,37,257,"NULL",2023-09-14,0.62423504059501,0.282550292124494,FALSE,FALSE
"2023-09-14 10:00:00",18.041317,17.9111,17.6952685244739,15.4,14.96,8.135377329,1331,0,0,8.01111111111111,0.4195913,11.05382455,5.17423279591837e-05,2.5111,2.2952685244739,2.9511,2.7352685244739,2023,9,37,257,"NULL",2023-09-14,0.62423504059501,0.282550292124494,FALSE,FALSE
"2023-09-14 11:00:00",17.37662,17.0022,16.7690687776962,16.05,16.41,8.161702975,1670,0,0,8.01111111111111,0.4239917,19.51162403,3.90789378081633e-05,0.952199999999998,0.719068777696201,0.592199999999998,0.359068777696201,2023,9,37,257,"NULL",2023-09-14,0.62423504059501,0.282550292124494,FALSE,FALSE
"2023-09-14 12:00:00",18.608944,18.178,18.1720970448963,17.29,17.53,9.073013515,1865,0,0,7.98888888888889,0.3795625,19.21305985,0.000356178564979592,0.888000000000002,0.882097044896302,0.648,0.6420970448963,2023,9,37,257,"NULL",2023-09-14,0.62423504059501,0.282550292124494,FALSE,FALSE
"2023-09-14 13:00:00",19.206062,18.782,18.4167710263098,16.8,17.7,9.037321827,1823,0,0,7.96666666666667,0.5137276,18.78094786,0.00014109455244898,1.982,1.6167710263098,1.082,0.7167710263098,2023,9,37,257,"NULL",2023-09-14,0.62423504059501,0.282550292124494,FALSE,FALSE
"2023-09-14 14:00:00",17.809612,17.4965,16.8931520017219,17.17,18.17,10.23315223,1685,0,0,7.96666666666667,0.7552784,12.95366564,0.000104743640285714,0.326499999999999,-0.2768479982781,-0.673500000000001,-1.2768479982781,2023,9,37,257,"NULL",2023-09-14,0.62423504059501,0.282550292124494,FALSE,FALSE
"2023-09-14 15:00:00",17.594769,17.4423,17.2433679369983,17.66,18.07,12.34141252,1415,0,0,7.92222222222222,0.6171862,14.05013007,5.05621412244898e-05,-0.217700000000001,-0.4166320630017,-0.627700000000001,-0.8266320630017,2023,9,37,257,"NULL",2023-09-14,0.62423504059501,0.282550292124494,FALSE,FALSE
"2023-09-14 16:00:00",18.06298,17.9241,17.9210620217265,17.29,17.31,11.50301352,1073,0,0,7.91111111111111,0.8797046,10.57623621,6.14391513469388e-05,0.6341,0.6310620217265,0.614100000000001,0.6110620217265,2023,9,37,257,"NULL",2023-09-14,0.62423504059501,0.282550292124494,FALSE,FALSE
"2023-09-14 17:00:00",15.569117,15.4926,15.3688738092224,17.32,17,11.36063503,481.6,0,0,7.91111111111111,0.6509324,4.922282419,7.62317372244898e-05,-1.8274,-1.9511261907776,-1.5074,-1.6311261907776,2023,9,37,257,"NULL",2023-09-14,0.62423504059501,0.282550292124494,FALSE,FALSE
"2023-09-14 18:00:00",15.76236,15.7523,15.76860949077,16.55,16.21,10.87460296,176.4,0,0,7.87777777777778,0.7572069,3.521499887,4.88722986530612e-05,-0.797700000000001,-0.78139050923,-0.457700000000001,-0.441390509230001,2023,9,37,257,"NULL",2023-09-14,0.62423504059501,0.282550292124494,FALSE,FALSE
"2023-09-15 07:00:00",15.060928,14.9564,15.0115892988276,14.22,14.03,11.04855632,154.8,0,0,7.76666666666667,0.3112521,3.408679562,-2.57805089510204e-07,0.7364,0.791589298827599,0.926400000000001,0.9815892988276,2023,9,37,258,"NULL",2023-09-15,0.62423504059501,0.282550292124494,FALSE,FALSE
"2023-09-15 08:00:00",17.149817,17.0926,16.647319310729,15.41,14.94,11.70665374,561.7,0,0,7.75555555555556,0.3376615,6.869083832,3.13037786326531e-05,1.6826,1.237319310729,2.1526,1.707319310729,2023,9,37,258,"NULL",2023-09-15,0.62423504059501,0.282550292124494,FALSE,FALSE
"2023-09-15 09:00:00",18.154343,17.8979,17.586839269707,16.24,16.09,11.3250531,875,0,0,7.73333333333333,0.6672657,14.08663683,4.03426880326531e-05,1.6579,1.346839269707,1.8079,1.496839269707,2023,9,37,258,"NULL",2023-09-15,0.62423504059501,0.282550292124494,FALSE,FALSE
"2023-09-15 10:00:00",18.872826,18.6096,18.207113132106,16.15,16.49,11.03895931,1308,0,0,7.7,0.5540092,12.93218593,7.37760224897959e-05,2.4596,2.057113132106,2.1196,1.717113132106,2023,9,37,258,"NULL",2023-09-15,0.62423504059501,0.282550292124494,FALSE,FALSE
"2023-09-15 11:00:00",19.757723,19.4018,19.1516933022714,16.48,17.22,11.15059569,1558,0,0,7.68888888888889,0.6583794,13.68275933,7.99880251020408e-05,2.9218,2.6716933022714,2.1818,1.9316933022714,2023,9,37,258,"NULL",2023-09-15,0.62423504059501,0.282550292124494,FALSE,FALSE
"2023-09-15 12:00:00",19.173317,18.6848,18.4590799422653,16.89,17.62,11.25733734,1691,0,0,7.68888888888889,0.7559299,17.25451939,0.000151225468816327,1.7948,1.5690799422653,1.0648,0.8390799422653,2023,9,37,258,"NULL",2023-09-15,0.62423504059501,0.282550292124494,FALSE,FALSE
"2023-09-15 13:00:00",18.739985,18.2495,17.8842669190448,17.08,18.08,13.34140983,1716,0,0,7.67777777777778,0.8078215,12.69903963,0.000104278728408163,1.1695,0.804266919044803,0.169500000000003,-0.195733080955197,2023,9,37,258,"NULL",2023-09-15,0.62423504059501,0.282550292124494,FALSE,FALSE
"2023-09-15 14:00:00",19.056843,18.7248,18.4889953052594,17.67,18.78,14.12420561,1612,0,0,7.67777777777778,0.6725677,15.95522346,8.86692826122449e-05,1.0548,0.818995305259399,-0.0552000000000028,-0.2910046947406,2023,9,37,258,"NULL",2023-09-15,0.62423504059501,0.282550292124494,FALSE,FALSE
"2023-09-15 15:00:00",19.396126,19.2051,18.8200175179155,18.36,18.81,15.39420243,1390,0,0,7.67777777777778,0.8128535,12.85401868,8.19828553877551e-05,0.845100000000002,0.460017517915499,0.395100000000003,0.0100175179155002,2023,9,37,258,"NULL",2023-09-15,0.62423504059501,0.282550292124494,FALSE,FALSE
"2023-09-15 16:00:00",19.413286,19.2756,19.0857031196982,19.44,19.17,17.12318674,1060,0,0,7.62222222222222,0.6181585,11.37671578,5.28830485306122e-05,-0.164400000000001,-0.354296880301803,0.105599999999999,-0.0842968803018032,2023,9,37,258,"NULL",2023-09-15,0.62423504059501,0.282550292124494,FALSE,FALSE
"2023-09-15 17:00:00",18.30333,18.229,18.1478638778456,18.65,18.25,16.18278432,639.6,0,0,7.62222222222222,0.7190855,6.94278342,3.06562266163265e-05,-0.420999999999999,-0.502136122154397,-0.0210000000000008,-0.102136122154398,2023,9,37,258,"NULL",2023-09-15,0.62423504059501,0.282550292124494,FALSE,FALSE
"2023-09-15 18:00:00",16.70078,16.723,16.7938851231926,18.4,17.72,15.6674326,229.1,0,0,7.62222222222222,0.6563751,4.878297913,3.91594787795918e-05,-1.677,-1.6061148768074,-0.997,-0.9261148768074,2023,9,37,258,"NULL",2023-09-15,0.62423504059501,0.282550292124494,FALSE,FALSE
"2023-09-16 07:00:00",15.20685,14.9256,14.9009133853283,15.28,14.71,11.17055523,148.4,0,0,7.55555555555556,0.2164364,3.208013081,5.33980464897959e-06,-0.3544,-0.379086614671699,0.215599999999998,0.190913385328299,2023,9,37,259,"NULL",2023-09-16,0.62423504059501,0.282550292124494,FALSE,FALSE
"2023-09-16 08:00:00",18.334635,18.3267,17.7881561317769,18.35,16.24,14.27091317,549.5,0,0,7.53333333333333,0.3206413,6.449002537,4.03483079877551e-05,-0.0233000000000025,-0.5618438682231,2.0867,1.5481561317769,2023,9,37,259,"NULL",2023-09-16,0.62423504059501,0.282550292124494,FALSE,FALSE
"2023-09-16 09:00:00",18.608837,18.6017,18.2840036615938,18.7,17.4,14.76040859,861,0,0,7.51111111111111,0.389547,13.05496424,8.70856725714286e-05,-0.0982999999999983,-0.415996338406199,1.2017,0.884003661593802,2023,9,37,259,"NULL",2023-09-16,0.62423504059501,0.282550292124494,FALSE,FALSE
"2023-09-16 10:00:00",19.746452,19.5834,19.6160434174875,19.34,18.26,15.35254596,1289,0,0,7.48888888888889,0.2694447,14.30807421,0.00010419145,0.243400000000001,0.2760434174875,1.3234,1.3560434174875,2023,9,37,259,"NULL",2023-09-16,0.62423504059501,0.282550292124494,FALSE,FALSE
"2023-09-16 11:00:00",20.750883,20.302,20.2503546909422,18.46,19.19,14.6574976,1537,0,0,7.47777777777778,0.6350871,13.71941092,8.84534064897959e-05,1.842,1.7903546909422,1.112,1.0603546909422,2023,9,37,259,"NULL",2023-09-16,0.62423504059501,0.282550292124494,FALSE,FALSE
"2023-09-16 12:00:00",20.789433,20.2827,20.2001413309362,18.29,19.1,14.63133092,1684,0,0,7.47777777777778,0.4674043,8.870504929,4.09324349795918e-05,1.9927,1.9101413309362,1.1827,1.1001413309362,2023,9,37,259,"NULL",2023-09-16,0.62423504059501,0.282550292124494,FALSE,FALSE
"2023-09-16 13:00:00",20.435532,19.8789,19.8911424704363,19.06,20.01,15.90280991,1705,0,0,7.44444444444444,0.8101221,13.09774772,7.01905483265306e-05,0.818900000000003,0.831142470436301,-0.1311,-0.118857529563702,2023,9,37,259,"NULL",2023-09-16,0.62423504059501,0.282550292124494,FALSE,FALSE
"2023-09-16 14:00:00",21.071148,20.657,20.2768658858981,19.68,20.6,17.29386669,1584,0,0,7.44444444444444,0.3774204,13.33337029,9.61488137142857e-05,0.977,0.596865885898101,0.0569999999999986,-0.323134114101901,2023,9,37,259,"NULL",2023-09-16,0.62423504059501,0.282550292124494,FALSE,FALSE
"2023-09-16 15:00:00",22.300974,22.0424,22.5090458332278,22.27,21.53,20.16565369,1443,0,0,7.43333333333333,0.5280158,11.13851939,4.46226693061224e-05,-0.227599999999999,0.239045833227799,0.5124,0.979045833227797,2023,9,37,259,"NULL",2023-09-16,0.62423504059501,0.282550292124494,FALSE,FALSE
"2023-09-16 16:00:00",21.600107,21.4445,21.7269272745689,21.77,20.84,19.05528857,971,0,0,7.42222222222222,0.6201262,2.05909475,0.000148729554163265,-0.325499999999998,-0.0430727254310987,0.604500000000002,0.886927274568901,2023,9,37,259,"NULL",2023-09-16,0.62423504059501,0.282550292124494,FALSE,FALSE
"2023-09-16 17:00:00",19.654076,19.5502,19.4091846699248,20.33,19.31,17.51915894,598.3,0,0,7.4,0.4049625,7.99193867,3.87080922693878e-05,-0.779799999999998,-0.920815330075197,0.240200000000002,0.0991846699248029,2023,9,37,259,"NULL",2023-09-16,0.62423504059501,0.282550292124494,FALSE,FALSE
"2023-09-16 18:00:00",9.712926,9.79504,9.82363580537338,19.27,18.67,16.18455275,185.2,0,0,7.37777777777778,0.4380101,4.828686078,2.18674725346939e-05,-9.47496,-9.44636419462662,-8.87496,-8.84636419462662,2023,9,37,259,"NULL",2023-09-16,0.62423504059501,0.282550292124494,FALSE,FALSE
"2023-09-17 07:00:00",14.931035,14.9468,14.9074096629612,14.76,14.63,10.13677363,59.74,0,0,7.3,0.4178523,0.9573935366,1.26426628326531e-06,0.1868,0.1474096629612,0.316799999999999,0.277409662961199,2023,9,38,260,"NULL",2023-09-17,0.62423504059501,0.282550292124494,FALSE,FALSE
"2023-09-17 08:00:00",17.586153,17.3933,17.1055206046947,16.29,15.7,11.05422548,554.6,0,0,7.27777777777778,0.5369369,5.652873255,3.82928798653061e-05,1.1033,0.815520604694701,1.6933,1.4055206046947,2023,9,38,260,"NULL",2023-09-17,0.62423504059501,0.282550292124494,FALSE,FALSE
"2023-09-17 09:00:00",19.159046,18.9338,18.6862626345243,17.35,17.22,12.69831921,875,0,0,7.26666666666667,0.6501188,11.21224742,9.69703926122449e-05,1.5838,1.3362626345243,1.7138,1.4662626345243,2023,9,38,260,"NULL",2023-09-17,0.62423504059501,0.282550292124494,FALSE,FALSE
"2023-09-17 10:00:00",19.07706,18.7886,18.4300130941227,17.59,17.94,13.66205883,1310,0,0,7.21111111111111,0.7160718,10.63129292,8.37278874285714e-05,1.1986,0.8400130941227,0.848599999999998,0.490013094122698,2023,9,38,260,"NULL",2023-09-17,0.62423504059501,0.282550292124494,FALSE,FALSE
"2023-09-17 11:00:00",20.50761,20.0305,19.4575015168013,18.33,19.18,15.10435657,1562,0,0,7.23333333333333,0.7646465,11.72123336,5.79713882857143e-05,1.7005,1.1275015168013,0.8505,0.277501516801301,2023,9,38,260,"NULL",2023-09-17,0.62423504059501,0.282550292124494,FALSE,FALSE
"2023-09-17 12:00:00",19.829876,19.2527,18.6977349193487,18.71,19.5,16.28395571,1711,0,0,7.21111111111111,0.6922058,9.829571959,3.5098529677551e-05,0.5427,-0.0122650806513001,-0.247299999999999,-0.802265080651299,2023,9,38,260,"NULL",2023-09-17,0.62423504059501,0.282550292124494,FALSE,FALSE
"2023-09-17 13:00:00",21.304396,20.8095,20.3486787597174,19.23,20.14,16.14872445,1732,0,0,7.2,0.8022208,12.26654098,7.52547686530612e-05,1.5795,1.1186787597174,0.669499999999999,0.208678759717401,2023,9,38,260,"NULL",2023-09-17,0.62423504059501,0.282550292124494,FALSE,FALSE
"2023-09-17 14:00:00",21.791233,21.4004,21.4298513889241,19.32,20.24,15.77450971,1634,0,0,7.18888888888889,0.6620557,10.43062853,6.03747291836735e-05,2.0804,2.1098513889241,1.1604,1.1898513889241,2023,9,38,260,"NULL",2023-09-17,0.62423504059501,0.282550292124494,FALSE,FALSE
"2023-09-17 15:00:00",21.202122,20.9775,20.8971128788838,19.7,20.17,15.88245803,1408,0,0,7.17777777777778,0.6312446,12.10552205,5.68969695510204e-05,1.2775,1.1971128788838,0.807499999999997,0.727112878883798,2023,9,38,260,"NULL",2023-09-17,0.62423504059501,0.282550292124494,FALSE,FALSE
"2023-09-17 16:00:00",20.207602,20.009,19.6166914841356,20.34,20.22,17.34396352,1074,0,0,7.16666666666667,0.762166,13.65817149,7.64118484489796e-05,-0.331,-0.723308515864399,-0.210999999999999,-0.603308515864398,2023,9,38,260,"NULL",2023-09-17,0.62423504059501,0.282550292124494,FALSE,FALSE
"2023-09-17 17:00:00",20.004736,19.9253,19.8330332936618,19.56,19.2,16.31297035,504.3,0,0,7.15555555555556,0.8677662,8.340053461,5.03957112244898e-05,0.365300000000001,0.273033293661801,0.725300000000001,0.6330332936618,2023,9,38,260,"NULL",2023-09-17,0.62423504059501,0.282550292124494,FALSE,FALSE
"2023-09-17 18:00:00",18.330616,18.3498,18.4274796687853,18.71,18.39,15.22395571,134.9,0,0,7.14444444444444,0.6914447,3.083212908,1.46396651469388e-05,-0.360200000000003,-0.282520331214702,-0.0402000000000022,0.0374796687852985,2023,9,38,260,"NULL",2023-09-17,0.62423504059501,0.282550292124494,FALSE,FALSE
"2023-09-18 07:00:00",14.999898,14.9438,15.0788407966372,14.13,14,9.593901348,149.7,0,0,7.05555555555556,0.5482057,1.907966133,1.17782894816327e-05,0.813799999999999,0.948840796637199,0.9438,1.0788407966372,2023,9,38,261,"NULL",2023-09-18,0.62423504059501,0.282550292124494,FALSE,FALSE
"2023-09-18 08:00:00",16.936672,16.7764,16.5713517814186,15.65,15.19,10.75920209,575.6,0,0,7.03333333333333,0.5805895,6.521724442,3.73572559673469e-05,1.1264,0.921351781418599,1.5864,1.3813517814186,2023,9,38,261,"NULL",2023-09-18,0.62423504059501,0.282550292124494,FALSE,FALSE
"2023-09-18 09:00:00",18.20543,17.9446,17.7342006457167,16.06,16.13,11.58339906,912,0,0,7.02222222222222,0.7964437,8.39731496,4.4628748122449e-05,1.8846,1.6742006457167,1.8146,1.6042006457167,2023,9,38,261,"NULL",2023-09-18,0.62423504059501,0.282550292124494,FALSE,FALSE
"2023-09-19 07:00:00",13.288022,13.2301,13.3327673723127,12.7,12.63,8.64351962,157.4,0,0,6.84444444444444,0.7424437,0.186603186,7.99416244489796e-05,0.530100000000001,0.632767372312701,0.600099999999999,0.702767372312699,2023,9,38,262,"NULL",2023-09-19,0.62423504059501,0.282550292124494,FALSE,FALSE
"2023-09-19 10:00:00",17.732,17.4185,17.2344092147578,14.68,14.93,14.0799891,1392,0,0,6.77777777777778,0.7560948,7.68227668,6.58290385714286e-05,2.7385,2.5544092147578,2.4885,2.3044092147578,2023,9,38,262,"NULL",2023-09-19,0.62423504059501,0.282550292124494,FALSE,FALSE
"2023-09-19 12:00:00",19.105164,18.486,18.2441187738978,16.96,17.67,17.14328688,1783,0,0,6.75555555555556,0.6625962,14.89466444,8.16627367346939e-05,1.526,1.2841187738978,0.815999999999999,0.574118773897798,2023,9,38,262,"NULL",2023-09-19,0.62423504059501,0.282550292124494,FALSE,FALSE
"2023-09-19 13:00:00",19.344013,18.7064,18.3398964143729,17.59,18.86,17.30205883,1793,0,0,6.74444444444444,0.6870199,12.48895364,6.904211e-05,1.1164,0.749896414372902,-0.153600000000001,-0.520103585627098,2023,9,38,262,"NULL",2023-09-19,0.62423504059501,0.282550292124494,FALSE,FALSE
"2023-09-19 14:00:00",19.037317,18.5364,17.9971623813021,17.56,18.83,16.37387022,1676,0,0,6.72222222222222,0.5033947,12.44023634,9.23687728979592e-05,0.976400000000002,0.437162381302102,-0.293599999999998,-0.832837618697898,2023,9,38,262,"NULL",2023-09-19,0.62423504059501,0.282550292124494,FALSE,FALSE
"2023-09-19 15:00:00",19.852304,19.6199,19.5381883948241,18.68,18.97,17.97333663,1439,0,0,6.72222222222222,0.7582774,11.00214068,8.50135828163265e-05,0.939900000000002,0.858188394824101,0.649900000000002,0.568188394824102,2023,9,38,262,"NULL",2023-09-19,0.62423504059501,0.282550292124494,FALSE,FALSE
"2023-09-19 16:00:00",19.175152,18.9918,18.8217102251146,19.53,19.2,19.39042037,1095,0,0,6.71111111111111,0.5852734,11.01528648,5.81628773469388e-05,-0.5382,-0.708289774885401,-0.208199999999998,-0.378289774885399,2023,9,38,262,"NULL",2023-09-19,0.62423504059501,0.282550292124494,FALSE,FALSE
"2023-09-20 07:00:00",14.396326,14.2075,14.2880757944848,13.3,13.28,7.473525057,188.5,0,0,6.6,0.558337,1.404293175,4.94987369795918e-05,0.907499999999999,0.9880757944848,0.9275,1.0080757944848,2023,9,38,263,"NULL",2023-09-20,0.62423504059501,0.282550292124494,FALSE,FALSE
"2023-09-20 08:00:00",14.290009,14.1981,14.1047329290218,13.39,13.35,7.673793816,332,0,0,6.58888888888889,0.7139851,4.064441272,5.46814753061225e-05,0.8081,0.7147329290218,0.848100000000001,0.754732929021801,2023,9,38,263,"NULL",2023-09-20,0.62423504059501,0.282550292124494,FALSE,FALSE
"2023-09-20 09:00:00",17.615887,17.2221,16.9268944341749,14.97,15,10.2464635,1062,0,0,6.56666666666667,0.7539024,8.444106247,4.96170983265306e-05,2.2521,1.9568944341749,2.2221,1.9268944341749,2023,9,38,263,"NULL",2023-09-20,0.62423504059501,0.282550292124494,FALSE,FALSE
"2023-09-20 11:00:00",17.55434,17.1364,16.8887850320326,15.11,15.35,10.91111359,1190,0,0,6.54444444444444,0.8481591,8.567918733,2.71242982326531e-05,2.0264,1.7787850320326,1.7864,1.5387850320326,2023,9,38,263,"NULL",2023-09-20,0.62423504059501,0.282550292124494,FALSE,FALSE
"2023-09-20 15:00:00",16.109354,16.0207,15.9185320047606,13.42,13.41,7.873987099,897,0,0.762,6.51111111111111,0.804027,5.373232336,4.98117139591837e-05,2.6007,2.4985320047606,2.6107,2.5085320047606,2023,9,38,263,"NULL",2023-09-20,0.62423504059501,0.282550292124494,FALSE,FALSE
"2023-09-21 08:00:00",12.407453,12.1161,11.9130139044339,11.4,11.28,5.17324993,564.8,0,0,6.43333333333333,0.7788866,3.377500339,1.59503946163265e-05,0.716099999999999,0.513013904433899,0.8361,0.6330139044339,2023,9,38,264,"NULL",2023-09-21,0.62423504059501,0.282550292124494,FALSE,FALSE
"2023-09-22 07:00:00",13.150098,13.1558,13.2657817806589,12.45,12.21,8.693641616,63.25,0,0,6.27777777777778,0.4763787,0.8535994551,6.98283223265306e-05,0.7058,0.815781780658901,0.945799999999998,1.0557817806589,2023,9,38,265,"NULL",2023-09-22,0.62423504059501,0.282550292124494,FALSE,FALSE
"2023-09-22 08:00:00",14.35506,14.2647,14.2018676356638,13.54,13.37,11.07528074,177.6,0,0,6.27777777777778,0.7293098,2.677621514,3.19022339102041e-05,0.7247,0.661867635663802,0.8947,0.831867635663802,2023,9,38,265,"NULL",2023-09-22,0.62423504059501,0.282550292124494,FALSE,FALSE
"2023-09-22 10:00:00",19.178562,18.9643,18.7586017548302,15.98,16.2,14.19001378,1304,0,0,6.23333333333333,0.7255876,12.92282105,0.000116234726,2.9843,2.7786017548302,2.7643,2.5586017548302,2023,9,38,265,"NULL",2023-09-22,0.62423504059501,0.282550292124494,FALSE,FALSE
"2023-09-22 12:00:00",20.31129,19.8236,19.5133160315008,17.84,18.36,16.75277351,1784,0,0,6.24444444444444,0.8481354,15.6417126,5.68574297142857e-05,1.9836,1.6733160315008,1.4636,1.1533160315008,2023,9,38,265,"NULL",2023-09-22,0.62423504059501,0.282550292124494,FALSE,FALSE
"2023-09-22 16:00:00",19.713758,19.6197,19.5564524727153,19.26,19.27,16.37058425,911,0,0,6.21111111111111,0.7020459,10.91664645,6.81574465714286e-05,0.3597,0.296452472715298,0.349700000000002,0.2864524727153,2023,9,38,265,"NULL",2023-09-22,0.62423504059501,0.282550292124494,FALSE,FALSE
"2023-09-22 18:00:00",16.509113,16.5123,16.5218716922843,17.8,17.38,15.15116089,165.9,0,0,6.21111111111111,0.7925022,3.812364063,2.38530800040816e-05,-1.2877,-1.2781283077157,-0.867699999999999,-0.858128307715699,2023,9,38,265,"NULL",2023-09-22,0.62423504059501,0.282550292124494,FALSE,FALSE
"2023-09-23 07:00:00",14.380455,14.3555,14.3971331012129,13.97,13.91,10.05682006,46.23,0,0,6.15555555555556,0.6925091,0.3003009318,2.45524880897959e-05,0.385499999999999,0.427133101212899,0.445499999999999,0.487133101212899,2023,9,38,266,"NULL",2023-09-23,0.62423504059501,0.282550292124494,FALSE,FALSE
"2023-09-23 08:00:00",16.595474,16.407,16.1393045605328,14.98,14.68,11.51746937,545.5,0,0,6.15555555555556,0.7186862,6.728510265,6.96311375510204e-05,1.427,1.1593045605328,1.727,1.4593045605328,2023,9,38,266,"NULL",2023-09-23,0.62423504059501,0.282550292124494,FALSE,FALSE
"2023-09-23 10:00:00",19.468412,19.2211,18.9529439188676,16.26,16.49,11.24870219,1300,0,0,6.13333333333333,0.8893285,11.99452529,4.12504262857143e-05,2.9611,2.6929439188676,2.7311,2.4629439188676,2023,9,38,266,"NULL",2023-09-23,0.62423504059501,0.282550292124494,FALSE,FALSE
"2023-09-23 11:00:00",19.135815,18.6743,18.4007125496949,16.97,17.56,12.15559273,1550,0,0,6.13333333333333,0.6370066,12.82667415,4.45424728979592e-05,1.7043,1.4307125496949,1.1143,0.840712549694903,2023,9,38,266,"NULL",2023-09-23,0.62423504059501,0.282550292124494,FALSE,FALSE
"2023-09-23 12:00:00",20.433996,19.9075,19.7551127699982,17.49,18.24,13.26500973,1697,0,0,6.13333333333333,0.6892205,17.19458397,2.3143914122449e-05,2.4175,2.2651127699982,1.6675,1.5151127699982,2023,9,38,266,"NULL",2023-09-23,0.62423504059501,0.282550292124494,FALSE,FALSE
"2023-09-23 13:00:00",19.91027,19.3689,19.1961049758173,18.28,19.33,14.73809273,1728,0,0,6.13333333333333,0.7687948,11.55116169,3.91711651714286e-05,1.0889,0.916104975817298,0.0389000000000017,-0.133895024182699,2023,9,38,266,"NULL",2023-09-23,0.62423504059501,0.282550292124494,FALSE,FALSE
"2023-09-23 14:00:00",20.120773,19.7315,19.5367276493378,18.24,19.29,14.94521275,1595,0,0,6.13333333333333,0.8103642,13.76234158,4.60068449795918e-05,1.4915,1.2967276493378,0.441500000000001,0.246727649337799,2023,9,38,266,"NULL",2023-09-23,0.62423504059501,0.282550292124494,FALSE,FALSE
"2023-09-23 15:00:00",19.85237,19.5854,19.2973124813249,19.21,19.54,15.70085597,1342,0,0,6.12222222222222,0.7044111,10.51373476,3.7911125355102e-05,0.375399999999999,0.0873124813249007,0.0454000000000008,-0.242687518675098,2023,9,38,266,"NULL",2023-09-23,0.62423504059501,0.282550292124494,FALSE,FALSE
"2023-09-23 16:00:00",18.63161,18.4246,18.151730928566,19.4,19.19,16.80683841,1004,0,0,6.12222222222222,0.6998023,11.99194953,5.7097106e-05,-0.975399999999997,-1.248269071434,-0.7654,-1.038269071434,2023,9,38,266,"NULL",2023-09-23,0.62423504059501,0.282550292124494,FALSE,FALSE
"2023-09-23 17:00:00",17.90014,17.8446,17.8933704084475,18.52,18.02,16.13782695,577.7,0,0,6.11111111111111,0.7797865,8.580494145,4.02256022530612e-05,-0.6754,-0.626629591552501,-0.1754,-0.126629591552501,2023,9,38,266,"NULL",2023-09-23,0.62423504059501,0.282550292124494,FALSE,FALSE
"2023-09-23 18:00:00",16.258106,16.2415,16.2900246182675,17.35,16.86,14.61831921,157.1,0,0,6.1,0.7979682,3.161482546,1.24470761714286e-05,-1.1085,-1.0599753817325,-0.618500000000001,-0.569975381732501,2023,9,38,266,"NULL",2023-09-23,0.62423504059501,0.282550292124494,FALSE,FALSE
"2023-09-24 07:00:00",13.001314,12.9718,13.1212223342027,12.42,12.18,8.475088379,135.6,0,0,6.04444444444444,0.3297591,1.397442254,5.27745549795918e-05,0.5518,0.701222334202701,0.7918,0.941222334202701,2023,9,39,267,"NULL",2023-09-24,0.62423504059501,0.282550292124494,FALSE,FALSE
"2023-09-24 08:00:00",15.402906,15.1939,14.9578524651186,13.9,13.29,12.7442002,566.4,0,0,6.04444444444444,0.232895,4.169432602,5.6508842e-05,1.2939,1.0578524651186,1.9039,1.6678524651186,2023,9,39,267,"NULL",2023-09-24,0.62423504059501,0.282550292124494,FALSE,FALSE
"2023-09-24 09:00:00",17.857662,17.6914,17.3187328302651,15.34,14.95,14.51785222,913,0,0,6.04444444444444,0.2719789,6.926286153,3.78785971836735e-05,2.3514,1.9787328302651,2.7414,2.3687328302651,2023,9,39,267,"NULL",2023-09-24,0.62423504059501,0.282550292124494,FALSE,FALSE
"2023-09-24 10:00:00",19.626333,19.3633,19.4316067762275,16.19,16.21,13.38604611,1351,0,0,6.01111111111111,0.4443059,9.015682916,0.000182927658897959,3.1733,3.2416067762275,3.1533,3.2216067762275,2023,9,39,267,"NULL",2023-09-24,0.62423504059501,0.282550292124494,FALSE,FALSE
"2023-09-24 11:00:00",19.482733,18.9843,18.6523667949659,18.05,17.84,13.75561731,1602,0,0,6.01111111111111,0.2594244,10.40770238,0.000213203295918367,0.9343,0.602366794965899,1.1443,0.8123667949659,2023,9,39,267,"NULL",2023-09-24,0.62423504059501,0.282550292124494,FALSE,FALSE
"2023-09-24 12:00:00",19.69027,19.098,19.1135621027576,18.48,18.5,13.92424464,1735,0,0,6.02222222222222,0.3339142,11.29267162,1.8741565277551e-05,0.617999999999999,0.633562102757601,0.597999999999999,0.613562102757601,2023,9,39,267,"NULL",2023-09-24,0.62423504059501,0.282550292124494,FALSE,FALSE
"2023-09-24 14:00:00",21.397356,20.998,21.0202530348687,20.13,20.82,17.77474377,1626,0,0,6.01111111111111,0.2932393,10.26408895,6.2079824e-05,0.868000000000002,0.890253034868699,0.178000000000001,0.200253034868698,2023,9,39,267,"NULL",2023-09-24,0.62423504059501,0.282550292124494,FALSE,FALSE
"2023-09-24 15:00:00",21.275068,21.0458,21.3610464055101,21.18,20.31,19.0065048,1386,0,0,6.02222222222222,0.4696035,6.401952355,3.44594363510204e-05,-0.1342,0.181046405510099,0.735800000000001,1.0510464055101,2023,9,39,267,"NULL",2023-09-24,0.62423504059501,0.282550292124494,FALSE,FALSE
"2023-09-24 16:00:00",20.173086,20.0349,20.1996924717024,20.59,19.94,20.70669032,1042,0,0,6.01111111111111,0.4844286,10.71029506,9.02712808571429e-05,-0.555099999999999,-0.390307528297601,0.0948999999999991,0.259692471702397,2023,9,39,267,"NULL",2023-09-24,0.62423504059501,0.282550292124494,FALSE,FALSE
"2023-09-24 17:00:00",18.448837,18.4124,18.5024994251855,19.6,18.47,19.50981186,597.3,0,0,6.02222222222222,0.4538631,7.592117303,4.69957873469388e-05,-1.1876,-1.0975005748145,-0.0575999999999972,0.0324994251855024,2023,9,39,267,"NULL",2023-09-24,0.62423504059501,0.282550292124494,FALSE,FALSE
"2023-09-24 18:00:00",16.394604,16.4172,16.4863930465169,18.06,17.19,17.41868888,166.9,0,0,6.01111111111111,0.2827948,3.794512666,1.55111922530612e-05,-1.6428,-1.5736069534831,-0.7728,-0.703606953483103,2023,9,39,267,"NULL",2023-09-24,0.62423504059501,0.282550292124494,FALSE,FALSE
"2023-09-25 07:00:00",16.31238,16.2408,16.3973438049176,15.36,15.08,13.38033521,129.3,0,0,5.96666666666667,0.1368259,1.044933634,5.05239811836735e-06,0.880800000000001,1.0373438049176,1.1608,1.3173438049176,2023,9,39,268,"NULL",2023-09-25,0.62423504059501,0.282550292124494,FALSE,FALSE
"2023-09-25 08:00:00",18.40008,18.1765,17.8849619153731,16.61,15.88,15.75687096,554.4,0,0,5.96666666666667,0.2137696,3.123602839,3.00673797183673e-07,1.5665,1.2749619153731,2.2965,2.0049619153731,2023,9,39,268,"NULL",2023-09-25,0.62423504059501,0.282550292124494,FALSE,FALSE
"2023-09-25 09:00:00",18.39617,18.1377,17.6527959990884,17.49,17.26,14.92500973,908,0,0,5.94444444444444,0.2939445,5.185716177,-1.29991699714286e-05,0.6477,0.162795999088402,0.877699999999997,0.392795999088399,2023,9,39,268,"NULL",2023-09-25,0.62423504059501,0.282550292124494,FALSE,FALSE
"2023-09-25 10:00:00",20.191803,19.8711,19.3612890152187,18.8,18.75,16.15621448,1337,0,0,5.95555555555556,0.463779,7.316940162,3.54516204163265e-05,1.0711,0.561289015218698,1.1211,0.611289015218698,2023,9,39,268,"NULL",2023-09-25,0.62423504059501,0.282550292124494,FALSE,FALSE
"2023-09-25 11:00:00",21.82952,21.3389,21.4536498999772,19.61,20.17,17.16404158,1605,0,0,5.95555555555556,0.4583883,9.499975091,7.70445164897959e-05,1.7289,1.8436498999772,1.1689,1.2836498999772,2023,9,39,268,"NULL",2023-09-25,0.62423504059501,0.282550292124494,FALSE,FALSE
"2023-09-25 12:00:00",22.42822,21.8993,21.5357797827353,21.36,21.36,19.78675584,1741,0,0,5.95555555555556,0.2915319,11.09571601,0.000107901704489796,0.539300000000001,0.175779782735301,0.539300000000001,0.175779782735301,2023,9,39,268,"NULL",2023-09-25,0.62423504059501,0.282550292124494,FALSE,FALSE
"2023-09-25 13:00:00",22.722584,22.1303,21.7605601934618,21.36,21.89,19.99675584,1750,0,0,5.95555555555556,0.4137228,12.22826405,7.04559867755102e-05,0.770299999999999,0.4005601934618,0.240299999999998,-0.129439806538201,2023,9,39,268,"NULL",2023-09-25,0.62423504059501,0.282550292124494,FALSE,FALSE
"2023-09-25 14:00:00",23.722023,23.3156,23.0336609303386,22.62,23.64,22.49588391,1629,0,0,5.95555555555556,0.6137914,11.08791281,0.000112238940081633,0.695599999999999,0.413660930338597,-0.324400000000001,-0.606339069661402,2023,9,39,268,"NULL",2023-09-25,0.62423504059501,0.282550292124494,FALSE,FALSE
"2023-09-25 15:00:00",23.14741,22.8721,22.8770637284445,22.89,22.61,22.9209141,1383,0,0,5.94444444444444,0.2850344,8.945016714,0.000106860333959184,-0.0179000000000009,-0.0129362715554997,0.2621,0.267063728444501,2023,9,39,268,"NULL",2023-09-25,0.62423504059501,0.282550292124494,FALSE,FALSE
"2023-09-25 16:00:00",21.397171,21.2528,21.0516165126231,22.84,21.99,22.70615725,1027,0,0,5.95555555555556,0.6346892,6.098803741,-3.47399055020408e-05,-1.5872,-1.7883834873769,-0.737199999999998,-0.9383834873769,2023,9,39,268,"NULL",2023-09-25,0.62423504059501,0.282550292124494,FALSE,FALSE
"2023-09-25 17:00:00",19.979458,19.9149,19.8070105188524,21.11,20.59,19.96824764,556,0,0,5.95555555555556,0.3231305,7.849750835,4.06385321469388e-05,-1.1951,-1.3029894811476,-0.6751,-0.782989481147599,2023,9,39,268,"NULL",2023-09-25,0.62423504059501,0.282550292124494,FALSE,FALSE
"2023-09-25 18:00:00",18.26476,18.2787,18.3568202299258,19.76,19.11,17.84841881,143.2,0,0,5.94444444444444,0.260604,2.838393089,1.39615843428571e-05,-1.4813,-1.4031797700742,-0.831299999999999,-0.753179770074201,2023,9,39,268,"NULL",2023-09-25,0.62423504059501,0.282550292124494,FALSE,FALSE
"2023-09-26 07:00:00",17.950266,17.8924,18.0239552860145,17.43,17.28,14.49911732,129,0,0,5.91111111111111,0.2605934,2.084724216,2.35567242897959e-06,0.462399999999999,0.593955286014499,0.612399999999997,0.743955286014497,2023,9,39,269,"NULL",2023-09-26,0.62423504059501,0.282550292124494,FALSE,FALSE
"2023-09-26 08:00:00",19.199501,19.0157,18.6383086779266,18.55,18.12,15.578091,563.4,0,0,5.88888888888889,0.4138721,6.260675935,1.52883884612245e-05,0.465699999999998,0.088308677926598,0.895699999999998,0.518308677926598,2023,9,39,269,"NULL",2023-09-26,0.62423504059501,0.282550292124494,FALSE,FALSE
"2023-09-26 09:00:00",20.711746,20.6021,20.1519588032716,19.72,19.22,16.59108047,922,0,0,5.87777777777778,0.5140694,8.793446717,-1.11579922285714e-06,0.882100000000001,0.431958803271602,1.3821,0.931958803271602,2023,9,39,269,"NULL",2023-09-26,0.62423504059501,0.282550292124494,FALSE,FALSE
"2023-09-26 10:00:00",22.102785,21.8872,21.6997823225545,19.95,19.86,16.73248384,1359,0,0,5.87777777777778,0.6982471,8.014621323,2.81895894244898e-05,1.9372,1.7497823225545,2.0272,1.8397823225545,2023,9,39,269,"NULL",2023-09-26,0.62423504059501,0.282550292124494,FALSE,FALSE
"2023-09-26 11:00:00",23.45441,22.967,22.8155115064192,20.42,21.05,17.62268873,1613,0,0,5.87777777777778,0.3476403,12.29049093,4.38514923265306e-05,2.547,2.3955115064192,1.917,1.7655115064192,2023,9,39,269,"NULL",2023-09-26,0.62423504059501,0.282550292124494,FALSE,FALSE
"2023-09-26 12:00:00",23.256222,22.7501,23.0037660504925,21.93,22.44,19.84225739,1746,0,0,5.86666666666667,0.4509403,16.06903882,8.63439867346939e-05,0.8201,1.0737660504925,0.310099999999998,0.5637660504925,2023,9,39,269,"NULL",2023-09-26,0.62423504059501,0.282550292124494,FALSE,FALSE
"2023-09-26 13:00:00",23.263596,22.6814,22.1893193664379,21.54,22.62,19.47972526,1752,0,0,5.86666666666667,0.3739007,13.22966259,4.09140970612245e-05,1.1414,0.649319366437901,0.061399999999999,-0.430680633562101,2023,9,39,269,"NULL",2023-09-26,0.62423504059501,0.282550292124494,FALSE,FALSE
"2023-09-26 14:00:00",22.97845,22.6318,22.4581270238789,21.27,22.55,19.26629191,1630,0,0,5.86666666666667,0.6228855,8.582445578,3.35938034979592e-05,1.3618,1.1881270238789,0.0817999999999977,-0.091872976121099,2023,9,39,269,"NULL",2023-09-26,0.62423504059501,0.282550292124494,FALSE,FALSE
"2023-09-26 15:00:00",21.873913,21.6099,21.0556717403965,21.24,21.73,19.31962114,1386,0,0,5.87777777777778,0.6305058,8.498533919,4.47288290204082e-05,0.369900000000001,-0.184328259603497,-0.120100000000001,-0.674328259603499,2023,9,39,269,"NULL",2023-09-26,0.62423504059501,0.282550292124494,FALSE,FALSE
"2023-09-26 16:00:00",22.616505,22.496,22.2998853789471,21.59,21.46,19.51881329,1029,0,0,5.86666666666667,0.6995459,8.581244115,2.89011520979592e-05,0.905999999999999,0.709885378947099,1.036,0.839885378947098,2023,9,39,269,"NULL",2023-09-26,0.62423504059501,0.282550292124494,FALSE,FALSE
"2023-09-26 17:00:00",21.524149,21.5066,21.602385662556,21.14,20.77,18.79459372,578.3,0,0,5.87777777777778,0.5914205,5.871290193,9.06254985306122e-06,0.366599999999998,0.462385662555999,0.736599999999999,0.832385662556,2023,9,39,269,"NULL",2023-09-26,0.62423504059501,0.282550292124494,FALSE,FALSE
"2023-09-26 18:00:00",18.690123,18.671,18.7376767744549,20.59,20.01,17.74669032,147.2,0,0,5.87777777777778,0.5752124,3.769544919,1.70459144979592e-05,-1.919,-1.8523232255451,-1.339,-1.2723232255451,2023,9,39,269,"NULL",2023-09-26,0.62423504059501,0.282550292124494,FALSE,FALSE
"2023-09-27 07:00:00",17.47653,17.4312,17.6498136537439,16.79,16.61,13.90513189,127,0,0,5.82222222222222,0.4821484,0.6126226231,4.02088480326531e-05,0.641200000000001,0.859813653743903,0.821200000000001,1.0398136537439,2023,9,39,270,"NULL",2023-09-27,0.62423504059501,0.282550292124494,FALSE,FALSE
"2023-09-27 08:00:00",18.16592,17.9453,17.6288254817553,17.95,17.56,15.89529737,561.6,0,0,5.82222222222222,0.6168044,3.379400436,2.42449589020408e-05,-0.0046999999999997,-0.3211745182447,0.385300000000001,0.0688254817553009,2023,9,39,270,"NULL",2023-09-27,0.62423504059501,0.282550292124494,FALSE,FALSE
"2023-09-27 09:00:00",20.309504,20.1461,19.682971165582,19.1,18.85,16.80812225,926,0,0,5.81111111111111,0.5496564,5.526037314,2.2955706444898e-05,1.0461,0.582971165581998,1.2961,0.832971165581998,2023,9,39,270,"NULL",2023-09-27,0.62423504059501,0.282550292124494,FALSE,FALSE
"2023-09-27 10:00:00",22.177904,22.0021,21.9325235977818,20.6,20.38,18.54170433,1357,0,0,5.81111111111111,0.5002374,10.50395424,4.12922419183673e-05,1.4021,1.3325235977818,1.6221,1.5525235977818,2023,9,39,270,"NULL",2023-09-27,0.62423504059501,0.282550292124494,FALSE,FALSE
"2023-09-27 11:00:00",21.971298,21.4998,21.0173033374693,20.2,20.81,18.68742667,1611,0,0,5.81111111111111,0.6988922,9.288771407,3.32252354734694e-05,1.2998,0.817303337469301,0.689800000000002,0.207303337469302,2023,9,39,270,"NULL",2023-09-27,0.62423504059501,0.282550292124494,FALSE,FALSE
"2023-09-27 12:00:00",22.026354,21.481,21.1202979539642,19.99,20.74,18.2305428,1744,0,0,5.82222222222222,0.7866784,8.80778329,7.3269321755102e-05,1.491,1.1302979539642,0.741000000000003,0.380297953964202,2023,9,39,270,"NULL",2023-09-27,0.62423504059501,0.282550292124494,FALSE,FALSE
"2023-09-27 13:00:00",23.031824,22.4915,22.2978441948798,20.11,21.11,18.38547725,1746,0,0,5.81111111111111,0.7568197,10.52260763,5.00340422040816e-05,2.3815,2.1878441948798,1.3815,1.1878441948798,2023,9,39,270,"NULL",2023-09-27,0.62423504059501,0.282550292124494,FALSE,FALSE
"2023-09-27 14:00:00",21.65495,21.2667,20.7932010610012,20.05,21.1,18.24786777,1620,0,0,5.81111111111111,0.8779693,10.59252177,-5.1839932244898e-06,1.2167,0.743201061001198,0.166699999999999,-0.306798938998803,2023,9,39,270,"NULL",2023-09-27,0.62423504059501,0.282550292124494,FALSE,FALSE
"2023-09-27 15:00:00",22.288532,22.111,21.8729667417893,20.67,21.04,19.10702949,1371,0,0,5.82222222222222,0.8119141,8.068333788,3.89373319387755e-05,1.441,1.2029667417893,1.071,0.832966741789299,2023,9,39,270,"NULL",2023-09-27,0.62423504059501,0.282550292124494,FALSE,FALSE
"2023-09-27 16:00:00",22.103601,21.974,21.9905667645793,21.16,21.13,19.94553263,1008,0,0,5.82222222222222,0.8775583,8.052225102,2.70526691020408e-05,0.814,0.830566764579299,0.844000000000001,0.8605667645793,2023,9,39,270,"NULL",2023-09-27,0.62423504059501,0.282550292124494,FALSE,FALSE
"2023-09-27 17:00:00",20.478752,20.4401,20.4054853055126,21.42,20.82,20.09077584,560.1,0,0,5.81111111111111,0.7037241,6.937369776,2.59212339591837e-05,-0.979900000000001,-1.0145146944874,-0.379899999999999,-0.414514694487401,2023,9,39,270,"NULL",2023-09-27,0.62423504059501,0.282550292124494,FALSE,FALSE
"2023-09-27 18:00:00",18.497875,18.4821,18.5105954318706,20.06,19.55,17.93244957,132.2,0,0,5.82222222222222,0.7869949,3.116987908,1.49248175836735e-05,-1.5779,-1.5494045681294,-1.0679,-1.0394045681294,2023,9,39,270,"NULL",2023-09-27,0.62423504059501,0.282550292124494,FALSE,FALSE
"2023-09-28 07:00:00",14.351786,14.3002,14.3824273859867,13.86,13.85,8.862833252,115.6,0,0,5.74444444444444,0.855447,0.1599431543,8.74263094285714e-06,0.440200000000001,0.522427385986701,0.450200000000001,0.532427385986701,2023,9,39,271,"NULL",2023-09-28,0.62423504059501,0.282550292124494,FALSE,FALSE
"2023-09-28 08:00:00",13.96818,13.9084,13.8949894482287,13.9,13.85,8.934200201,434.5,0,0,5.73333333333333,0.7519836,3.71007873,3.19869904040816e-05,0.00839999999999996,-0.00501055177130105,0.0584000000000007,0.0449894482286997,2023,9,39,271,"NULL",2023-09-28,0.62423504059501,0.282550292124494,FALSE,FALSE
"2023-09-28 09:00:00",14.835709,14.7455,14.7019766478438,13.78,13.73,9.120382376,283.2,0,0,5.72222222222222,0.7022996,1.064723809,2.35801382979592e-05,0.9655,0.921976647843801,1.0155,0.9719766478438,2023,9,39,271,"NULL",2023-09-28,0.62423504059501,0.282550292124494,FALSE,FALSE
"2023-09-28 10:00:00",16.450077,16.2621,16.1184690537084,14.54,14.56,9.879060668,630.8,0,0,5.73333333333333,0.742624,4.484639542,2.32060371510204e-05,1.7221,1.5784690537084,1.7021,1.5584690537084,2023,9,39,271,"NULL",2023-09-28,0.62423504059501,0.282550292124494,FALSE,FALSE
"2023-09-28 13:00:00",19.242617,18.7221,18.2369372641868,17.33,17.91,12.58318946,1469,0,0,5.71111111111111,0.9046896,10.46660643,3.94467082285714e-05,1.3921,0.906937264186801,0.812100000000001,0.3269372641868,2023,9,39,271,"NULL",2023-09-28,0.62423504059501,0.282550292124494,FALSE,FALSE
"2023-09-29 07:00:00",13.075584,13.0413,13.1800460383378,12.82,12.76,6.979896075,119.6,0,0,5.66666666666667,0.3276631,1.254932234,4.60627062040816e-05,0.221299999999999,0.360046038337799,0.2813,0.4200460383378,2023,9,39,272,"NULL",2023-09-29,0.62423504059501,0.282550292124494,FALSE,FALSE
"2023-09-29 08:00:00",14.792674,14.5859,14.4236230229673,13.63,13.5,9.526799647,552.7,0,0,5.66666666666667,0.4875142,2.476492409,7.4186263877551e-05,0.9559,0.793623022967299,1.0859,0.9236230229673,2023,9,39,272,"NULL",2023-09-29,0.62423504059501,0.282550292124494,FALSE,FALSE
"2023-09-29 09:00:00",16.330416,16.0313,15.7766317920539,14.57,14.64,10.66130159,939,0,0,5.66666666666667,0.8922931,6.952839475,4.74139427346939e-05,1.4613,1.2066317920539,1.3913,1.1366317920539,2023,9,39,272,"NULL",2023-09-29,0.62423504059501,0.282550292124494,FALSE,FALSE
"2023-09-29 10:00:00",17.518995,17.2515,16.9509889974931,15.08,15.33,11.64787115,1348,0,0,5.64444444444444,0.7888814,6.114124855,3.83077101918367e-05,2.1715,1.8709889974931,1.9215,1.6209889974931,2023,9,39,272,"NULL",2023-09-29,0.62423504059501,0.282550292124494,FALSE,FALSE
"2023-09-30 07:00:00",11.90889,11.872,11.9743540325644,11.5,11.44,8.213137052,114.7,0,0,5.6,0.7276807,0.610638825,1.51799905959184e-05,0.372,0.474354032564399,0.432,0.5343540325644,2023,9,39,273,"NULL",2023-09-30,0.62423504059501,0.282550292124494,FALSE,FALSE
"2023-09-30 08:00:00",13.59815,13.4279,13.2596468992935,12.73,12.56,10.14253829,544.7,0,0,5.58888888888889,0.9031759,4.411464778,3.7218669122449e-05,0.697899999999999,0.5296468992935,0.867899999999999,0.6996468992935,2023,9,39,273,"NULL",2023-09-30,0.62423504059501,0.282550292124494,FALSE,FALSE
"2023-10-03 06:00:00",11.787415,11.7606,11.8396837887114,7.41,7.284,6.326902641,0.016,0,0,5.44444444444444,0.3554667,0,4.20224885306122e-05,4.3506,4.4296837887114,4.4766,4.5556837887114,2023,10,40,276,"NULL",2023-10-03,0.530268625494881,0.326544950083192,FALSE,FALSE
"2023-10-03 07:00:00",11.38597,11.4335,11.5252917854701,6.531,6.53,4.431457044,102.8,0,0,5.44444444444444,0.2667963,1.970546011,2.88662976816327e-05,4.9025,4.9942917854701,4.9035,4.9952917854701,2023,10,40,276,"NULL",2023-10-03,0.530268625494881,0.326544950083192,FALSE,FALSE
"2023-10-04 07:00:00",9.445499,9.40804,9.54539622268365,9.52,9.44,8.197857414,98.2,0,0,5.37777777777778,0.748605,0,-9.20765511020408e-07,-0.11196,0.0253962226836499,-0.0319599999999998,0.10539622268365,2023,10,40,277,"NULL",2023-10-04,0.530268625494881,0.326544950083192,FALSE,FALSE
"2023-10-04 08:00:00",11.451838,11.2374,10.9245497520954,10.43,9.84,9.518087882,514.6,0,0,5.36666666666667,0.2302835,2.916573471,2.18143587795918e-05,0.807399999999999,0.4945497520954,1.3974,1.0845497520954,2023,10,40,277,"NULL",2023-10-04,0.530268625494881,0.326544950083192,FALSE,FALSE
"2023-10-04 09:00:00",15.835287,15.8122,15.4625448760477,12.68,12.42,12.04420172,938,0,0,5.36666666666667,0.1720761,6.124027774,4.59105625306122e-06,3.1322,2.7825448760477,3.3922,3.0425448760477,2023,10,40,277,"NULL",2023-10-04,0.530268625494881,0.326544950083192,FALSE,FALSE
"2023-10-04 11:00:00",17.963406,17.5487,17.8288336658986,15.2,15.08,11.77117966,1559,0,0,5.38888888888889,0.4782296,12.38218491,6.83888174285714e-05,2.3487,2.6288336658986,2.4687,2.7488336658986,2023,10,40,277,"NULL",2023-10-04,0.530268625494881,0.326544950083192,FALSE,FALSE
"2023-10-04 12:00:00",16.796865,16.2909,16.8650141146084,15.89,15.9,12.66545509,1686,0,0,5.42222222222222,0.6415719,9.577087354,9.24784120816327e-05,0.4009,0.975014114608399,0.3909,0.965014114608399,2023,10,40,277,"NULL",2023-10-04,0.530268625494881,0.326544950083192,FALSE,FALSE
"2023-10-04 13:00:00",18.008978,17.6213,17.3202959433795,16.36,16.63,13.30734539,1685,0,0,5.41111111111111,0.5163377,9.758021599,5.45543220816327e-05,1.2613,0.960295943379499,0.991300000000003,0.6902959433795,2023,10,40,277,"NULL",2023-10-04,0.530268625494881,0.326544950083192,FALSE,FALSE
"2023-10-04 14:00:00",18.419117,18.0693,18.3988145780051,17.3,17.97,14.50554707,1557,0,0,5.42222222222222,0.4633767,11.26577515,7.4475566e-05,0.769299999999998,1.0988145780051,0.0992999999999995,0.428814578005102,2023,10,40,277,"NULL",2023-10-04,0.530268625494881,0.326544950083192,FALSE,FALSE
"2023-10-04 15:00:00",17.294975,17.0087,17.1601099212479,18.23,17.25,15.77201094,1304,0,0,5.42222222222222,0.4436081,9.162149219,2.80599670285714e-05,-1.2213,-1.0698900787521,-0.241299999999999,-0.0898900787520986,2023,10,40,277,"NULL",2023-10-04,0.530268625494881,0.326544950083192,FALSE,FALSE
"2023-10-04 16:00:00",16.95092,16.8039,16.9752632295966,18.51,16.62,16.21442034,944,0,0,5.42222222222222,0.4114703,6.94484182,4.48751782040816e-05,-1.7061,-1.5347367704034,0.183899999999998,0.355263229596599,2023,10,40,277,"NULL",2023-10-04,0.530268625494881,0.326544950083192,FALSE,FALSE
"2023-10-04 17:00:00",16.068022,16.0429,16.0504194196146,18.08,15.79,16.16485363,497.8,0,0,5.42222222222222,0.4485303,9.293655257,0.000193823269306122,-2.0371,-2.0295805803854,0.2529,0.2604194196146,2023,10,40,277,"NULL",2023-10-04,0.530268625494881,0.326544950083192,FALSE,FALSE
"2023-10-04 18:00:00",13.298712,13.2639,13.0920046238383,15.46,14.2,12.95313123,82.9,0,0,5.43333333333333,0.1992933,3.109702298,-5.45601665714286e-07,-2.1961,-2.3679953761617,-0.9361,-1.1079953761617,2023,10,40,277,"NULL",2023-10-04,0.530268625494881,0.326544950083192,FALSE,FALSE
"2023-10-05 07:00:00",13.195424,13.1351,13.239747633638,13.28,13.19,12.29352856,97,0,0,5.37777777777778,0.1533265,0.9191415628,-3.72573524693878e-06,-0.1449,-0.0402523663619991,-0.0548999999999999,0.0497476336380007,2023,10,40,278,"NULL",2023-10-05,0.530268625494881,0.326544950083192,FALSE,FALSE
"2023-10-05 08:00:00",15.174403,15.0444,14.802589815401,14.24,13.79,12.60965673,518.9,0,0,5.37777777777778,0.2959327,2.722709803,2.17854236326531e-05,0.804399999999999,0.562589815400999,1.2544,1.012589815401,2023,10,40,278,"NULL",2023-10-05,0.530268625494881,0.326544950083192,FALSE,FALSE
"2023-10-05 09:00:00",17.395359,17.3128,17.3288378769846,15.54,15.32,14.06382679,947,0,0,5.36666666666667,0.3469739,5.809921684,3.30635549714286e-05,1.7728,1.7888378769846,1.9928,2.0088378769846,2023,10,40,278,"NULL",2023-10-05,0.530268625494881,0.326544950083192,FALSE,FALSE
"2023-10-05 10:00:00",19.058329,18.8944,18.7117454812489,16.54,17.02,15.56258181,1312,0,0,5.36666666666667,0.5620804,10.10965738,6.75581175918367e-05,2.3544,2.1717454812489,1.8744,1.6917454812489,2023,10,40,278,"NULL",2023-10-05,0.530268625494881,0.326544950083192,FALSE,FALSE
"2023-10-05 11:00:00",19.427275,19.0259,18.7307731837634,17.58,18.24,16.58932225,1561,0,0,5.37777777777778,0.5499088,9.109617805,3.26623552122449e-05,1.4459,1.1507731837634,0.785900000000002,0.490773183763402,2023,10,40,278,"NULL",2023-10-05,0.530268625494881,0.326544950083192,FALSE,FALSE
"2023-10-05 12:00:00",20.201172,19.7304,20.2984309462916,18.02,18.54,16.92644584,1688,0,0,5.36666666666667,0.1493676,7.509519779,8.28932884489796e-05,1.7104,2.2784309462916,1.1904,1.7584309462916,2023,10,40,278,"NULL",2023-10-05,0.530268625494881,0.326544950083192,FALSE,FALSE
"2023-10-05 13:00:00",21.148214,20.7309,20.3917237421185,19.04,19.02,18.35519905,1509,0,0,5.38888888888889,0.3585112,6.218728278,5.27306652653061e-05,1.6909,1.3517237421185,1.7109,1.3717237421185,2023,10,40,278,"NULL",2023-10-05,0.530268625494881,0.326544950083192,FALSE,FALSE
"2023-10-05 14:00:00",21.515184,21.3572,21.9202472563369,19.99,20.52,19.6905428,1548,0,0,5.4,0.6566402,6.61653184,7.85080264489796e-05,1.3672,1.9302472563369,0.837199999999999,1.4002472563369,2023,10,40,278,"NULL",2023-10-05,0.530268625494881,0.326544950083192,FALSE,FALSE
"2023-10-05 15:00:00",21.010876,20.8323,21.0279103542579,21.01,19.9,21.38429935,1328,0,0,5.42222222222222,0.373863,9.022433614,6.89295015102041e-05,-0.177700000000002,0.0179103542579,0.932300000000001,1.1279103542579,2023,10,40,278,"NULL",2023-10-05,0.530268625494881,0.326544950083192,FALSE,FALSE
"2023-10-05 16:00:00",19.998047,19.8549,20.3129201210402,20.42,18.89,20.54268873,805,0,0,5.41111111111111,0.3579744,6.304914696,2.48255033877551e-05,-0.565100000000001,-0.107079878959802,0.9649,1.4229201210402,2023,10,40,278,"NULL",2023-10-05,0.530268625494881,0.326544950083192,FALSE,FALSE
"2023-10-05 17:00:00",18.622385,18.5453,18.9141416727862,20.59,18.21,20.87669032,508.3,0,0,5.42222222222222,0.1946138,4.295777133,1.4010736322449e-05,-2.0447,-1.6758583272138,0.3353,0.7041416727862,2023,10,40,278,"NULL",2023-10-05,0.530268625494881,0.326544950083192,FALSE,FALSE
"2023-10-05 18:00:00",15.6997175,15.7123,15.5243271834089,18.82,16.81,18.52346508,80.3,0,0,5.4,0.197165,2.205193752,-6.07178457959184e-07,-3.1077,-3.2956728165911,-1.0977,-1.2856728165911,2023,10,40,278,"NULL",2023-10-05,0.530268625494881,0.326544950083192,FALSE,FALSE
"2023-10-06 07:00:00",15.43836,15.4145,15.3580489098782,15.08,14.91,13.31787115,91.3,0,0,5.36666666666667,0.7851428,0.5080188831,5.64514530204082e-06,0.3345,0.2780489098782,0.5045,0.448048909878199,2023,10,40,279,"NULL",2023-10-06,0.530268625494881,0.326544950083192,FALSE,FALSE
"2023-10-06 09:00:00",19.21826,19.0505,18.9730218404193,17.05,16.83,15.19428639,1178,0,0,5.36666666666667,0.6890928,6.772703669,3.83372286979592e-05,2.0005,1.9230218404193,2.2205,2.1430218404193,2023,10,40,279,"NULL",2023-10-06,0.530268625494881,0.326544950083192,FALSE,FALSE
"2023-10-06 10:00:00",19.669645,19.4297,19.5543556886379,18.71,18.72,17.24395571,1334,0,0,5.36666666666667,0.6739137,10.11090571,5.91412324897959e-05,0.7197,0.844355688637901,0.709700000000002,0.834355688637903,2023,10,40,279,"NULL",2023-10-06,0.530268625494881,0.326544950083192,FALSE,FALSE
"2023-10-06 11:00:00",19.812595,19.6155,20.1011204578258,18.83,19.61,17.30710157,1356,0,0,5.36666666666667,0.5801263,10.24588688,7.70183877142857e-05,0.785500000000003,1.2711204578258,0.00550000000000139,0.491120457825801,2023,10,40,279,"NULL",2023-10-06,0.530268625494881,0.326544950083192,FALSE,FALSE
"2023-10-06 13:00:00",20.185022,19.705,19.7507455420222,18.91,19.39,16.19646277,1374,0,0,5.36666666666667,0.7140414,12.25397479,3.47366260163265e-05,0.794999999999998,0.840745542022201,0.314999999999998,0.360745542022201,2023,10,40,279,"NULL",2023-10-06,0.530268625494881,0.326544950083192,FALSE,FALSE
"2023-10-06 14:00:00",21.184559,20.7884,20.8811298599681,18.71,19.18,16.09395571,1134,0,0,5.37777777777778,0.3557656,9.115480103,3.35622933591837e-05,2.0784,2.1711298599681,1.6084,1.7011298599681,2023,10,40,279,"NULL",2023-10-06,0.530268625494881,0.326544950083192,FALSE,FALSE
"2023-10-06 15:00:00",21.138283,20.9326,21.014939315287,20.2,20.08,17.91742667,1283,0,0,5.37777777777778,0.580366,6.444713197,1.23706917061224e-05,0.732600000000001,0.814939315286999,0.852600000000002,0.934939315287,2023,10,40,279,"NULL",2023-10-06,0.530268625494881,0.326544950083192,FALSE,FALSE
"2023-10-06 16:00:00",19.744602,19.6124,19.8738319136006,20.3,19.49,17.99479325,918,0,0,5.38888888888889,0.4951982,4.655573737,2.43523398408163e-05,-0.6876,-0.4261680863994,0.122400000000003,0.383831913600602,2023,10,40,279,"NULL",2023-10-06,0.530268625494881,0.326544950083192,FALSE,FALSE
"2023-10-06 18:00:00",15.978167,15.9802,15.7904257982832,17.99,17.21,14.80733911,64.03,0,0,5.38888888888889,0.4924806,0.8483490431,1.67361116204082e-06,-2.0098,-2.1995742017168,-1.2298,-1.4195742017168,2023,10,40,279,"NULL",2023-10-06,0.530268625494881,0.326544950083192,FALSE,FALSE
"2023-10-07 07:00:00",12.555383,12.4922,12.4411352611988,12.43,12.3,7.734600622,51.9,0,0,5.34444444444444,0.5788415,0.4332159939,-5.93990555102041e-06,0.0622000000000007,0.0111352611988007,0.1922,0.1411352611988,2023,10,40,280,"NULL",2023-10-07,0.530268625494881,0.326544950083192,FALSE,FALSE
"2023-10-07 08:00:00",14.978322,14.8133,14.6335034995315,13.68,13.4,8.437847555,492.9,0,0,5.34444444444444,0.5974534,3.997937142,9.64157176734694e-06,1.1333,0.9535034995315,1.4133,1.2335034995315,2023,10,40,280,"NULL",2023-10-07,0.530268625494881,0.326544950083192,FALSE,FALSE
"2023-10-07 09:00:00",16.536396,16.4273,16.4184231343851,15.18,14.91,10.27889877,940,0,0,5.33333333333333,0.6026473,5.125657481,1.28581341510204e-05,1.2473,1.2384231343851,1.5173,1.5084231343851,2023,10,40,280,"NULL",2023-10-07,0.530268625494881,0.326544950083192,FALSE,FALSE
"2023-10-07 11:00:00",18.828644,18.5527,18.7592520650275,15.25,15.58,10.80699208,1394,0,0,5.33333333333333,0.8494291,11.16795909,3.95516378816327e-05,3.3027,3.5092520650275,2.9727,3.1792520650275,2023,10,40,280,"NULL",2023-10-07,0.530268625494881,0.326544950083192,FALSE,FALSE
"2023-10-07 12:00:00",18.434711,18.0048,18.1137394039148,15.87,16.48,11.34229147,1644,0,0,5.35555555555556,0.7427461,11.97503809,3.33159358857143e-05,2.1348,2.2437394039148,1.5248,1.6337394039148,2023,10,40,280,"NULL",2023-10-07,0.530268625494881,0.326544950083192,FALSE,FALSE
"2023-10-07 14:00:00",19.648329,19.3092,19.6852117419159,16.13,17,11.89545545,1538,0,0,5.34444444444444,0.7028043,9.07175669,2.50739649306122e-05,3.1792,3.5552117419159,2.3092,2.6852117419159,2023,10,40,280,"NULL",2023-10-07,0.530268625494881,0.326544950083192,FALSE,FALSE
"2023-10-07 15:00:00",16.485748,16.1989,16.2929373224279,17.04,17.06,12.95192566,1294,0,0,5.35555555555556,0.7158023,9.03425579,2.04537471306122e-05,-0.841100000000001,-0.747062677572099,-0.8611,-0.767062677572099,2023,10,40,280,"NULL",2023-10-07,0.530268625494881,0.326544950083192,FALSE,FALSE
"2023-10-07 16:00:00",16.54462,16.3765,16.5334195133068,16.4,16.05,12.00498877,924,0,0,5.34444444444444,0.7492734,8.529715798,2.29672743510204e-05,-0.0234999999999985,0.133419513306801,0.326499999999999,0.483419513306799,2023,10,40,280,"NULL",2023-10-07,0.530268625494881,0.326544950083192,FALSE,FALSE
"2023-10-07 17:00:00",13.596495,13.5116,13.4410538958244,14.99,14.7,10.66848148,205,0,0,5.36666666666667,0.4537232,1.222079458,6.46417277959184e-06,-1.4784,-1.5489461041756,-1.1884,-1.2589461041756,2023,10,40,280,"NULL",2023-10-07,0.530268625494881,0.326544950083192,FALSE,FALSE
"2023-10-07 18:00:00",12.4029,12.3294,12.1604106555924,13.98,13.99,9.807218035,35.38,0,0,5.36666666666667,0.402916,0.6651438218,6.70067685306123e-06,-1.6506,-1.8195893444076,-1.6606,-1.8295893444076,2023,10,40,280,"NULL",2023-10-07,0.530268625494881,0.326544950083192,FALSE,FALSE
"2023-10-08 08:00:00",14.213063,14.0791,13.9083760603682,13.46,13.08,9.654325673,489,0,0,5.32222222222222,0.4455232,1.717820443,1.93315585102041e-05,0.6191,0.448376060368199,0.9991,0.8283760603682,2023,10,41,281,"NULL",2023-10-08,0.530268625494881,0.326544950083192,FALSE,FALSE
"2023-10-08 09:00:00",16.574219,16.488,16.4894166518954,14.59,14.27,10.82282606,920,0,0,5.32222222222222,0.7917785,4.039812767,6.3054230122449e-05,1.898,1.8994166518954,2.218,2.2194166518954,2023,10,41,281,"NULL",2023-10-08,0.530268625494881,0.326544950083192,FALSE,FALSE
"2023-10-08 10:00:00",18.35981,18.1465,18.3544474234636,15.94,16.09,11.74347805,1280,0,0,5.3,0.6495321,8.405298333,4.84387925306122e-05,2.2065,2.4144474234636,2.0565,2.2644474234636,2023,10,41,281,"NULL",2023-10-08,0.530268625494881,0.326544950083192,FALSE,FALSE
"2023-10-08 12:00:00",18.881516,18.3986,18.6461343344053,16.61,17.36,12.37687096,1656,0,0,5.33333333333333,0.6159491,10.90195871,2.56247246081633e-05,1.7886,2.0361343344053,1.0386,1.2861343344053,2023,10,41,281,"NULL",2023-10-08,0.530268625494881,0.326544950083192,FALSE,FALSE
"2023-10-08 13:00:00",20.135105,19.9132,20.4255110101036,17.72,18.32,14.19827724,1653,0,0,5.33333333333333,0.6418586,10.91113349,0.000168179675755102,2.1932,2.7055110101036,1.5932,2.1055110101036,2023,10,41,281,"NULL",2023-10-08,0.530268625494881,0.326544950083192,FALSE,FALSE
"2023-10-08 14:00:00",18.607975,18.243,18.3749272669722,17.49,18.61,14.43500973,1521,0,0,5.33333333333333,0.8548409,7.358783277,0.000106584304122449,0.753,0.884927266972202,-0.367000000000001,-0.235072733027799,2023,10,41,281,"NULL",2023-10-08,0.530268625494881,0.326544950083192,FALSE,FALSE
"2023-10-08 15:00:00",18.148273,17.7844,17.801012493986,17.79,18.04,14.96827555,1270,0,0,5.34444444444444,0.5699735,5.676111071,2.75629494040816e-05,-0.00559999999999761,0.0110124939860015,-0.255599999999998,-0.238987506013999,2023,10,41,281,"NULL",2023-10-08,0.530268625494881,0.326544950083192,FALSE,FALSE
"2023-10-08 16:00:00",18.406767,18.285,18.7897869286673,18.15,17.63,15.48665768,913,0,0,5.34444444444444,0.3360777,4.584992178,1.29571157142857e-05,0.135000000000002,0.639786928667302,0.655000000000001,1.1597869286673,2023,10,41,281,"NULL",2023-10-08,0.530268625494881,0.326544950083192,FALSE,FALSE
"2023-10-08 17:00:00",16.414185,16.378,16.4394453748955,17.62,16.76,14.6403109,383.5,0,0,5.32222222222222,0.3130961,2.765386053,4.49445083265306e-06,-1.242,-1.1805546251045,-0.382000000000001,-0.320554625104503,2023,10,41,281,"NULL",2023-10-08,0.530268625494881,0.326544950083192,FALSE,FALSE
"2023-10-08 18:00:00",14.743761,14.6914,14.4668427084652,16.86,15.86,13.71060422,50.76,0,0,5.32222222222222,0.3045942,0.9413801505,1.26204882244898e-06,-2.1686,-2.3931572915348,-1.1686,-1.3931572915348,2023,10,41,281,"NULL",2023-10-08,0.530268625494881,0.326544950083192,FALSE,FALSE
"2023-10-09 07:00:00",14.507135,14.5647,14.5961595249551,14.28,13.94,10.86192969,65.21,0,0,5.31111111111111,0.03767724,1.27410513,-5.21679216734694e-08,0.284700000000001,0.316159524955101,0.624700000000001,0.6561595249551,2023,10,41,282,"NULL",2023-10-09,0.530268625494881,0.326544950083192,FALSE,FALSE
"2023-10-09 08:00:00",16.59939,16.3451,16.0742641462612,14.72,14.33,11.40333216,468.6,0,0,5.3,0.1334715,3.806109595,-6.74154426122449e-07,1.6251,1.3542641462612,2.0151,1.7442641462612,2023,10,41,282,"NULL",2023-10-09,0.530268625494881,0.326544950083192,FALSE,FALSE
"2023-10-09 09:00:00",18.123432,18.0063,17.6185138461928,15.5,15.24,11.98842792,912,0,0,5.27777777777778,0.4116071,6.353554737,1.81642516734694e-05,2.5063,2.1185138461928,2.7663,2.3785138461928,2023,10,41,282,"NULL",2023-10-09,0.530268625494881,0.326544950083192,FALSE,FALSE
"2023-10-09 10:00:00",18.494686,18.2451,18.4697996556177,17.83,16.9,14.55985966,1273,0,0,5.27777777777778,0.1852508,11.0610123,4.37319857959184e-05,0.415100000000002,0.639799655617701,1.3451,1.5697996556177,2023,10,41,282,"NULL",2023-10-09,0.530268625494881,0.326544950083192,FALSE,FALSE
"2023-10-09 11:00:00",15.314049,15.1744,15.1355751715581,16.31,16.2,12.24794082,549.1,0,0,5.3,0.5019225,6.838484784,3.69658700122449e-05,-1.1356,-1.1744248284419,-1.0256,-1.0644248284419,2023,10,41,282,"NULL",2023-10-09,0.530268625494881,0.326544950083192,FALSE,FALSE
"2023-10-09 12:00:00",19.872349,19.465,19.7902206046947,17.65,17.48,13.67862652,1763,0,0,5.31111111111111,0.4995451,13.19478718,6.98394297142857e-05,1.815,2.1402206046947,1.985,2.3102206046947,2023,10,41,282,"NULL",2023-10-09,0.530268625494881,0.326544950083192,FALSE,FALSE
"2023-10-09 13:00:00",17.351809,16.9409,17.0472649008635,18.97,18.66,15.49879851,1795,0,0,5.32222222222222,0.6302621,16.1046006,0.00011092259722449,-2.0291,-1.9227350991365,-1.7191,-1.6127350991365,2023,10,41,282,"NULL",2023-10-09,0.530268625494881,0.326544950083192,FALSE,FALSE
"2023-10-09 14:00:00",17.948065,17.5841,17.6110403534983,19.21,18.91,15.85085597,1590,0,0,5.33333333333333,0.4052048,12.93119842,4.12452397959184e-05,-1.6259,-1.5989596465017,-1.3259,-1.2989596465017,2023,10,41,282,"NULL",2023-10-09,0.530268625494881,0.326544950083192,FALSE,FALSE
"2023-10-09 16:00:00",15.585118,15.5398,15.4464765111038,16.05,15.96,12.10170298,536.3,0,0,5.32222222222222,0.6354564,7.572334634,4.89223373469388e-05,-0.510200000000001,-0.603523488896201,-0.420200000000001,-0.513523488896201,2023,10,41,282,"NULL",2023-10-09,0.530268625494881,0.326544950083192,FALSE,FALSE
"2023-10-09 17:00:00",16.968952,16.905,17.3618436352587,17.95,16.18,14.21529737,530.9,0,0,5.32222222222222,0.3505913,4.686450307,4.33079604897959e-05,-1.045,-0.588156364741298,0.725000000000001,1.1818436352587,2023,10,41,282,"NULL",2023-10-09,0.530268625494881,0.326544950083192,FALSE,FALSE
"2023-10-09 18:00:00",13.159342,13.1113,13.0922961206351,14.55,14.45,10.16980154,34.9,0,0,5.32222222222222,0.2518814,1.566533536,-6.06436374285714e-06,-1.4387,-1.4577038793649,-1.3387,-1.3577038793649,2023,10,41,282,"NULL",2023-10-09,0.530268625494881,0.326544950083192,FALSE,FALSE
"2023-10-10 07:00:00",11.81019,11.7196,11.8653330353751,11.46,11,7.347119301,71.38,0,0,5.26666666666667,0.133589,1.27917086,1.28314113469388e-07,0.259599999999999,0.405333035375099,0.7196,0.8653330353751,2023,10,41,283,"NULL",2023-10-10,0.530268625494881,0.326544950083192,FALSE,FALSE
"2023-10-10 08:00:00",14.653188,14.4229,14.1118270947811,13.93,12.39,9.775287473,464.9,0,0,5.26666666666667,0.04301979,3.841559094,1.53456416857143e-07,0.492900000000001,0.1818270947811,2.0329,1.7218270947811,2023,10,41,283,"NULL",2023-10-10,0.530268625494881,0.326544950083192,FALSE,FALSE
"2023-10-10 09:00:00",16.043982,15.8915,15.5156612164797,13.94,13.48,9.725661733,896,0,0,5.26666666666667,0.2493413,6.356147501,2.26990035265306e-05,1.9515,1.5756612164797,2.4115,2.0356612164797,2023,10,41,283,"NULL",2023-10-10,0.530268625494881,0.326544950083192,FALSE,FALSE
"2023-10-10 10:00:00",17.263721,17.0586,16.7063632498544,14.79,14.87,10.93941943,1162,0,0,5.26666666666667,0.4131629,8.883380678,2.69778063632653e-05,2.2686,1.9163632498544,2.1886,1.8363632498544,2023,10,41,283,"NULL",2023-10-10,0.530268625494881,0.326544950083192,FALSE,FALSE
"2023-10-10 11:00:00",17.93196,17.6829,17.7743573244537,15.24,15.07,11.08581699,881,0,0,5.26666666666667,0.4210787,9.196839902,3.71229398734694e-05,2.4429,2.5343573244537,2.6129,2.7043573244537,2023,10,41,283,"NULL",2023-10-10,0.530268625494881,0.326544950083192,FALSE,FALSE
"2023-10-10 12:00:00",18.47727,18.1163,18.4546026360437,15.85,15.65,11.70915385,1349,0,0,5.26666666666667,0.472654,9.828042177,0.000143450725877551,2.2663,2.6046026360437,2.4663,2.8046026360437,2023,10,41,283,"NULL",2023-10-10,0.530268625494881,0.326544950083192,FALSE,FALSE
"2023-10-10 13:00:00",18.869013,18.4106,18.4668313109316,17.51,17.55,13.53036331,1762,0,0,5.26666666666667,0.2970058,13.62524968,6.50171917142857e-05,0.900599999999997,0.956831310931598,0.860599999999998,0.916831310931599,2023,10,41,283,"NULL",2023-10-10,0.530268625494881,0.326544950083192,FALSE,FALSE
"2023-10-10 14:00:00",17.765583,17.4551,17.5847207237092,16.21,16.97,13.41962909,1525,0,0,5.26666666666667,0.5643145,9.335759033,6.33162612244898e-05,1.2451,1.3747207237092,0.485100000000003,0.614720723709201,2023,10,41,283,"NULL",2023-10-10,0.530268625494881,0.326544950083192,FALSE,FALSE
"2023-10-10 15:00:00",17.039036,16.8068,16.5835955584817,16.99,17.01,14.53022499,1260,0,0,5.26666666666667,0.2599158,9.063152446,2.30809083142857e-05,-0.183199999999999,-0.406404441518298,-0.203200000000002,-0.426404441518301,2023,10,41,283,"NULL",2023-10-10,0.530268625494881,0.326544950083192,FALSE,FALSE
"2023-10-10 16:00:00",15.816678,15.7167,15.7688904788433,16.4,16.27,13.86498877,885,0,0,5.28888888888889,0.4468592,11.1271817,2.40701058367347e-05,-0.683299999999999,-0.631109521156699,-0.5533,-0.5011095211567,2023,10,41,283,"NULL",2023-10-10,0.530268625494881,0.326544950083192,FALSE,FALSE
"2023-10-10 17:00:00",14.710653,14.65,14.6407079790332,15.71,15.28,12.05791636,438.2,0,0,5.27777777777778,0.6665912,6.594805659,1.62663927755102e-05,-1.06,-1.0692920209668,-0.629999999999999,-0.639292020966799,2023,10,41,283,"NULL",2023-10-10,0.530268625494881,0.326544950083192,FALSE,FALSE
"2023-10-10 18:00:00",12.247551,12.2169,12.2799561874858,14.28,14,10.53192969,46.69,0,0,5.27777777777778,0.5424004,2.761742668,1.24173827142857e-05,-2.0631,-2.0000438125142,-1.7831,-1.7200438125142,2023,10,41,283,"NULL",2023-10-10,0.530268625494881,0.326544950083192,FALSE,FALSE
"2023-10-12 10:00:00",11.755318,11.6091,11.4030954242739,9.35,9.78,4.652126758,1266,0,0,5.16666666666667,0.6472064,11.21094612,1.36523738571429e-05,2.2591,2.0530954242739,1.8291,1.6230954242739,2023,10,41,285,"NULL",2023-10-12,0.530268625494881,0.326544950083192,FALSE,FALSE
"2023-10-12 12:00:00",13.191521,12.8352,12.6016264414677,10.34,11.09,4.992081875,1569,0,0,5.18888888888889,0.6939001,15.63010833,1.70672269387755e-05,2.4952,2.2616264414677,1.7452,1.5116264414677,2023,10,41,285,"NULL",2023-10-12,0.530268625494881,0.326544950083192,FALSE,FALSE
"2023-10-13 07:00:00",6.475296,6.46632,6.6183397860272,7.045,7.011,2.461573424,68.76,0,0,5.15555555555556,0.3068526,0,-5.06746407755102e-06,-0.57868,-0.4266602139728,-0.54468,-0.3926602139728,2023,10,41,286,"NULL",2023-10-13,0.530268625494881,0.326544950083192,FALSE,FALSE
"2023-10-13 08:00:00",8.507599,8.30556,8.1511035673951,8.19,8.06,2.361746353,457.4,0,0,5.15555555555556,0.5257827,0,3.36585398693878e-05,0.11556,-0.0388964326048988,0.245559999999999,0.0911035673951002,2023,10,41,286,"NULL",2023-10-13,0.530268625494881,0.326544950083192,FALSE,FALSE
"2023-10-13 09:00:00",10.243326,9.98673,9.7268419685498,8.73,8.75,3.968572559,902,0,0,5.15555555555556,0.3114117,6.265227187,7.73805657959184e-06,1.25673,0.9968419685498,1.23673,0.976841968549801,2023,10,41,286,"NULL",2023-10-13,0.530268625494881,0.326544950083192,FALSE,FALSE
"2023-10-13 10:00:00",11.400185,11.1406,10.760782380036,9.46,10.01,4.829796094,1262,0,0,5.15555555555556,0.6019459,13.0554034,6.1593746e-05,1.6806,1.300782380036,1.1306,0.750782380036,2023,10,41,286,"NULL",2023-10-13,0.530268625494881,0.326544950083192,FALSE,FALSE
"2023-10-13 11:00:00",13.824878,13.5878,13.5078907016789,10.8,11.52,7.074815474,1503,0,0,5.16666666666667,0.7074477,16.03836116,8.8461009755102e-05,2.7878,2.7078907016789,2.0678,1.9878907016789,2023,10,41,286,"NULL",2023-10-13,0.530268625494881,0.326544950083192,FALSE,FALSE
"2023-10-13 13:00:00",15.2004595,14.8603,14.5000752171381,12.61,13.53,11.90676437,1621,0,0,5.17777777777778,0.6542143,8.641759044,5.50062868571429e-05,2.2503,1.8900752171381,1.3303,0.970075217138101,2023,10,41,286,"NULL",2023-10-13,0.530268625494881,0.326544950083192,FALSE,FALSE
"2023-10-13 14:00:00",16.215918,15.9101,15.8413091818389,13.35,14.2,12.57361682,1489,0,0,5.18888888888889,0.7494193,9.668277265,5.37228579591837e-05,2.5601,2.4913091818389,1.7101,1.6413091818389,2023,10,41,286,"NULL",2023-10-13,0.530268625494881,0.326544950083192,FALSE,FALSE
"2023-10-13 15:00:00",16.611933,16.4022,16.3141473449647,13.45,13.87,11.35423236,1188,0,0,5.18888888888889,0.4879098,9.736830318,5.08629911836735e-05,2.9522,2.8641473449647,2.5322,2.4441473449647,2023,10,41,286,"NULL",2023-10-13,0.530268625494881,0.326544950083192,FALSE,FALSE
"2023-10-13 16:00:00",15.889064,15.8488,15.8812358993188,13.61,13.68,10.69642134,869,0,0,5.18888888888889,0.4397957,7.109529265,1.57333889918367e-05,2.2388,2.2712358993188,2.1688,2.2012358993188,2023,10,41,286,"NULL",2023-10-13,0.530268625494881,0.326544950083192,FALSE,FALSE
"2023-10-13 17:00:00",13.231784,13.2005,13.063608067661,12.84,12.74,9.629370533,268,0,0,5.17777777777778,0.6205865,3.439159775,1.15010434734694e-05,0.3605,0.223608067661001,0.4605,0.323608067661,2023,10,41,286,"NULL",2023-10-13,0.530268625494881,0.326544950083192,FALSE,FALSE
"2023-10-13 18:00:00",12.409559,12.3795,12.3908979666253,12.2,11.94,8.017205403,40.34,0,0,5.17777777777778,0.4200063,0,-1.87051517755102e-05,0.179500000000001,0.1908979666253,0.439500000000001,0.4508979666253,2023,10,41,286,"NULL",2023-10-13,0.530268625494881,0.326544950083192,FALSE,FALSE
"2023-10-14 07:00:00",10.4789295,10.5158,10.5924768851131,10.51,10.42,6.405987403,64.46,0,0,5.15555555555556,0.3906505,3.074530691,2.17052685959184e-05,0.00580000000000069,0.0824768851131008,0.0958000000000006,0.172476885113101,2023,10,41,287,"NULL",2023-10-14,0.530268625494881,0.326544950083192,FALSE,FALSE
"2023-10-14 08:00:00",11.563263,11.3775,11.188010810058,10.67,10.5,4.802747861,345.9,0,0,5.15555555555556,0.4000362,3.117049771,1.04901809591837e-05,0.7075,0.518010810058,0.8775,0.688010810058,2023,10,41,287,"NULL",2023-10-14,0.530268625494881,0.326544950083192,FALSE,FALSE
"2023-10-14 09:00:00",13.104228,13.0497,12.8955335164974,12.52,12.31,7.720458701,619,0,0,5.15555555555556,0.5106937,4.242482887,0.000155698729632653,0.5297,0.3755335164974,0.739699999999999,0.585533516497399,2023,10,41,287,"NULL",2023-10-14,0.530268625494881,0.326544950083192,FALSE,FALSE
"2023-10-14 10:00:00",11.420302,11.351,11.3022587374338,10.87,10.98,5.365514387,304,0,0,5.15555555555556,0.3577802,4.497826011,3.26903951673469e-05,0.481000000000002,0.4322587374338,0.371,0.322258737433799,2023,10,41,287,"NULL",2023-10-14,0.530268625494881,0.326544950083192,FALSE,FALSE
"2023-10-14 11:00:00",16.205975,16.0062,16.096499442911,12.42,12.8,8.185088379,1327,0,0,5.15555555555556,0.5740034,6.119561985,6.00910897959184e-05,3.5862,3.676499442911,3.2062,3.296499442911,2023,10,41,287,"NULL",2023-10-14,0.530268625494881,0.326544950083192,FALSE,FALSE
"2023-10-14 12:00:00",17.711239,17.4221,17.5097787116052,14.14,14.94,10.27439462,1614,0,0,5.15555555555556,0.5449575,9.566802322,5.33646703673469e-05,3.2821,3.3697787116052,2.4821,2.5697787116052,2023,10,41,287,"NULL",2023-10-14,0.530268625494881,0.326544950083192,FALSE,FALSE
"2023-10-14 13:00:00",16.863451,16.455,16.2505470107113,15.87,16.67,13.46229147,1606,0,0,5.15555555555556,0.5280329,12.05950002,3.19021086938775e-05,0.584999999999999,0.380547010711302,-0.215000000000003,-0.4194529892887,2023,10,41,287,"NULL",2023-10-14,0.530268625494881,0.326544950083192,FALSE,FALSE
"2023-10-14 15:00:00",17.78874,17.6325,18.1166725481755,17.71,17.03,12.95544874,1194,0,0,5.18888888888889,0.4828327,5.274344699,2.77064020938776e-05,-0.0775000000000006,0.4066725481755,0.602499999999999,1.0866725481755,2023,10,41,287,"NULL",2023-10-14,0.530268625494881,0.326544950083192,FALSE,FALSE
"2023-10-14 16:00:00",17.115137,17.0248,17.6299604821352,18.43,16.74,13.9774321,837,0,0,5.18888888888889,0.4374382,4.015636298,2.83416791795918e-05,-1.4052,-0.8000395178648,0.284800000000001,0.889960482135201,2023,10,41,287,"NULL",2023-10-14,0.530268625494881,0.326544950083192,FALSE,FALSE
"2023-10-14 17:00:00",15.523755,15.4594,15.8355735914512,16.62,15.25,11.82893917,402.8,0,0,5.18888888888889,0.3411967,2.6894572,1.14408339469388e-06,-1.1606,-0.784426408548802,0.2094,0.585573591451199,2023,10,41,287,"NULL",2023-10-14,0.530268625494881,0.326544950083192,FALSE,FALSE
"2023-10-14 18:00:00",11.93115,11.8855,11.7052842343825,14.51,13.85,9.406874627,33.82,0,0,5.16666666666667,0.2113778,0.8931437644,1.85405775591837e-06,-2.6245,-2.8047157656175,-1.9645,-2.1447157656175,2023,10,41,287,"NULL",2023-10-14,0.530268625494881,0.326544950083192,FALSE,FALSE
"2023-10-15 07:00:00",13.466289,13.5112,13.4801131143805,13.31,13.13,8.633531917,61.01,0,0,5.14444444444444,0.2185495,0.8225503178,-2.34679273755102e-08,0.2012,0.1701131143805,0.3812,0.3501131143805,2023,10,42,288,"NULL",2023-10-15,0.530268625494881,0.326544950083192,FALSE,FALSE
"2023-10-15 08:00:00",15.943423,15.854,15.6882369653845,15.44,14.53,10.42052113,448.9,0,0,5.13333333333333,0.3490515,2.499873175,1.01083935795918e-05,0.414,0.2482369653845,1.324,1.1582369653845,2023,10,42,288,"NULL",2023-10-15,0.530268625494881,0.326544950083192,FALSE,FALSE
"2023-10-15 09:00:00",18.415089,18.3137,18.1536258387987,16.68,15.92,11.81148999,879,0,0,5.13333333333333,0.5359836,7.272850458,3.04546870040816e-05,1.6337,1.4736258387987,2.3937,2.2336258387987,2023,10,42,288,"NULL",2023-10-15,0.530268625494881,0.326544950083192,FALSE,FALSE
"2023-10-15 10:00:00",18.7919,18.6548,18.8250823782634,16.92,17.1,12.18413186,1233,0,0,5.14444444444444,0.5001109,8.267722849,6.5144905755102e-05,1.7348,1.9050823782634,1.5548,1.7250823782634,2023,10,42,288,"NULL",2023-10-15,0.530268625494881,0.326544950083192,FALSE,FALSE
"2023-10-15 11:00:00",18.685986,18.4833,18.6568376364235,17.07,17.71,12.71902847,1479,0,0,5.13333333333333,0.5240176,6.06988405,3.39396071918367e-05,1.4133,1.5868376364235,0.773299999999999,0.946837636423499,2023,10,42,288,"NULL",2023-10-15,0.530268625494881,0.326544950083192,FALSE,FALSE
"2023-10-15 12:00:00",19.162806,18.808,19.0914895444532,17.51,18.36,13.22036331,1602,0,0,5.15555555555556,0.6421301,6.965244806,5.24031450204082e-05,1.298,1.5814895444532,0.448,0.731489544453201,2023,10,42,288,"NULL",2023-10-15,0.530268625494881,0.326544950083192,FALSE,FALSE
"2023-10-15 13:00:00",20.529781,20.1652,20.3774588108683,17.73,18.63,13.63111283,1593,0,0,5.17777777777778,0.4420474,7.559193013,3.65727347061224e-05,2.4352,2.6474588108683,1.5352,1.7474588108683,2023,10,42,288,"NULL",2023-10-15,0.530268625494881,0.326544950083192,FALSE,FALSE
"2023-10-15 14:00:00",20.749739,20.5213,20.869562176192,19.26,19.66,15.65058425,1456,0,0,5.18888888888889,0.5388239,6.349346172,3.89487466081633e-05,1.2613,1.609562176192,0.8613,1.209562176192,2023,10,42,288,"NULL",2023-10-15,0.530268625494881,0.326544950083192,FALSE,FALSE
"2023-10-15 15:00:00",20.310247,20.1451,20.4607535691677,19.63,19.45,16.38252426,1183,0,0,5.18888888888889,0.3999988,5.369111539,2.44517873020408e-05,0.5151,0.830753569167701,0.6951,1.0107535691677,2023,10,42,288,"NULL",2023-10-15,0.530268625494881,0.326544950083192,FALSE,FALSE
"2023-10-15 16:00:00",19.830915,19.7546,20.2264251145831,20.42,19.05,17.69268873,825,0,0,5.18888888888889,0.4917767,4.792913636,2.3832268722449e-05,-0.665400000000002,-0.193574885416901,0.704599999999999,1.1764251145831,2023,10,42,288,"NULL",2023-10-15,0.530268625494881,0.326544950083192,FALSE,FALSE
"2023-10-15 17:00:00",18.78207,18.739,19.1834203438758,19.18,17.74,16.12911028,391.7,0,0,5.18888888888889,0.3168648,2.196133995,4.68916271020408e-06,-0.440999999999999,0.00342034387579915,0.999000000000002,1.4434203438758,2023,10,42,288,"NULL",2023-10-15,0.530268625494881,0.326544950083192,FALSE,FALSE
"2023-10-15 18:00:00",15.015978,14.9139,14.670089769821,17.28,16.55,14.07048692,29.93,0,0,5.17777777777778,0.4264945,0.1116243073,3.83751547020408e-06,-2.3661,-2.609910230179,-1.6361,-1.879910230179,2023,10,42,288,"NULL",2023-10-15,0.530268625494881,0.326544950083192,FALSE,FALSE
"2023-10-16 08:00:00",17.210863,17.1217,16.978396176344,16.65,15.99,11.18518423,438.3,0,0,5.13333333333333,0.4310069,1.941112699,4.15012029795918e-06,0.471700000000002,0.328396176344,1.1317,0.988396176343999,2023,10,42,289,"NULL",2023-10-16,0.530268625494881,0.326544950083192,FALSE,FALSE
"2023-10-16 09:00:00",19.58001,19.5146,19.4286929553569,17.79,17.52,12.57827555,867,0,0,5.13333333333333,0.6156014,5.048241146,1.99674576693878e-05,1.7246,1.6386929553569,1.9946,1.9086929553569,2023,10,42,289,"NULL",2023-10-16,0.530268625494881,0.326544950083192,FALSE,FALSE
"2023-10-16 10:00:00",19.20714,18.9991,18.9355111620369,18.54,19.05,13.98466228,1220,0,0,5.13333333333333,0.4882254,4.364598213,6.61934892653061e-05,0.459099999999999,0.3955111620369,-0.0509000000000022,-0.114488837963101,2023,10,42,289,"NULL",2023-10-16,0.530268625494881,0.326544950083192,FALSE,FALSE
"2023-10-16 11:00:00",21.09011,20.8174,21.0119716872199,19.06,20.01,15.01280991,1471,0,0,5.14444444444444,0.3800848,5.907329155,2.50404931469388e-05,1.7574,1.9519716872199,0.807399999999998,1.0019716872199,2023,10,42,289,"NULL",2023-10-16,0.530268625494881,0.326544950083192,FALSE,FALSE
"2023-10-16 12:00:00",20.831394,20.433,20.3712599832873,19.07,19.58,14.49662666,914,0,0,5.14444444444444,0.4238874,5.775512679,0.000230219709877551,1.363,1.3012599832873,0.853000000000002,0.791259983287301,2023,10,42,289,"NULL",2023-10-16,0.530268625494881,0.326544950083192,FALSE,FALSE
"2023-10-16 13:00:00",18.863014,18.6595,18.3924131878149,18.46,18.73,13.4174976,583.8,0,0,5.17777777777778,0.4148996,3.552443016,8.86731391020408e-05,0.1995,-0.0675868121851018,-0.0704999999999991,-0.337586812185101,2023,10,42,289,"NULL",2023-10-16,0.530268625494881,0.326544950083192,FALSE,FALSE
"2023-10-16 14:00:00",19.507471,19.2642,18.902838507508,19.88,19.91,15.24118341,1062,0,0,5.16666666666667,0.4009106,10.30919768,8.23718995510204e-05,-0.6158,-0.977161492491998,-0.645800000000001,-1.007161492492,2023,10,42,289,"NULL",2023-10-16,0.530268625494881,0.326544950083192,FALSE,FALSE
"2023-10-16 15:00:00",21.753597,21.4999,22.2988123369882,20.73,20.17,16.49762525,943,0,0,5.17777777777778,0.3349825,5.467684784,3.46766477183673e-05,0.7699,1.5688123369882,1.3299,2.1288123369882,2023,10,42,289,"NULL",2023-10-16,0.530268625494881,0.326544950083192,FALSE,FALSE
"2023-10-16 16:00:00",20.817535,20.7878,21.053376057836,21.16,19.99,17.33553263,849,0,0,5.17777777777778,0.3664719,0.4300237569,2.95323630081633e-05,-0.372199999999999,-0.106623942163999,0.797800000000002,1.063376057836,2023,10,42,289,"NULL",2023-10-16,0.530268625494881,0.326544950083192,FALSE,FALSE
"2023-10-16 17:00:00",19.070812,18.9733,19.1415806158365,19.07,18.68,14.60662666,289.6,0,0,5.17777777777778,0.2835395,0,1.69468914693878e-05,-0.096700000000002,0.0715806158364991,0.293299999999999,0.4615806158365,2023,10,42,289,"NULL",2023-10-16,0.530268625494881,0.326544950083192,FALSE,FALSE
"2023-10-16 18:00:00",16.63019,16.6498,16.6947109999747,18.14,17.95,13.75352113,31.28,0,0,5.16666666666667,0.3734372,0.6098529087,5.12988726530612e-06,-1.4902,-1.4452890000253,-1.3002,-1.2552890000253,2023,10,42,289,"NULL",2023-10-16,0.530268625494881,0.326544950083192,FALSE,FALSE
"2023-10-17 07:00:00",15.813634,15.8404,16.0712964751462,15.33,14.85,12.10662023,50.88,0,0,5.13333333333333,0.1244923,0.8850090387,-1.35645439591837e-06,0.510400000000001,0.741296475146202,0.990400000000001,1.2212964751462,2023,10,42,290,"NULL",2023-10-17,0.530268625494881,0.326544950083192,FALSE,FALSE
"2023-10-17 08:00:00",17.92403,17.6447,17.4557502975361,16.48,15.6,13.13059569,401.5,0,0,5.12222222222222,0.1155621,2.665720776,6.47221283673469e-07,1.1647,0.975750297536099,2.0447,1.8557502975361,2023,10,42,290,"NULL",2023-10-17,0.530268625494881,0.326544950083192,FALSE,FALSE
"2023-10-17 09:00:00",15.687253,15.6195,15.4475118077537,17.1,16.82,13.16619321,598.4,0,0,5.13333333333333,0.3619855,4.423144249,-7.03929875918367e-06,-1.4805,-1.6524881922463,-1.2005,-1.3724881922463,2023,10,42,290,"NULL",2023-10-17,0.530268625494881,0.326544950083192,FALSE,FALSE
"2023-10-17 10:00:00",18.806751,18.5522,18.2833851333215,17.46,17.65,13.25703199,1238,0,0,5.12222222222222,0.4526243,6.184179598,-2.18670403918367e-06,1.0922,0.823385133321498,0.902200000000001,0.6333851333215,2023,10,42,290,"NULL",2023-10-17,0.530268625494881,0.326544950083192,FALSE,FALSE
"2023-10-17 11:00:00",19.668064,19.3099,18.9617131371705,17.7,18.2,13.91262733,1714,0,0,5.13333333333333,0.5089531,12.18120798,-5.18781329795918e-06,1.6099,1.2617131371705,1.1099,0.761713137170499,2023,10,42,290,"NULL",2023-10-17,0.530268625494881,0.326544950083192,FALSE,FALSE
"2023-10-17 13:00:00",18.756207,18.5457,18.5427597503229,16.9,17.29,11.05959535,1672,0,0,5.13333333333333,0.5066523,11.49980422,0.000103490865918367,1.6457,1.6427597503229,1.2557,1.2527597503229,2023,10,42,290,"NULL",2023-10-17,0.530268625494881,0.326544950083192,FALSE,FALSE
"2023-10-17 14:00:00",20.604536,20.3815,20.6245774378972,18.68,18.96,13.90333663,1615,0,0,5.14444444444444,0.4754234,11.05087825,0.000138381491959184,1.7015,1.9445774378972,1.4215,1.6645774378972,2023,10,42,290,"NULL",2023-10-17,0.530268625494881,0.326544950083192,FALSE,FALSE
"2023-10-17 15:00:00",20.162796,20.0037,20.1503898711099,19.62,19.43,14.87827904,1341,0,0,5.15555555555556,0.6577549,12.06062772,6.31146275102041e-05,0.383699999999997,0.5303898711099,0.573699999999999,0.720389871109901,2023,10,42,290,"NULL",2023-10-17,0.530268625494881,0.326544950083192,FALSE,FALSE
"2023-10-17 16:00:00",17.617163,17.5275,17.5193602896863,18.69,18.19,13.9968689,832,0,0,5.15555555555556,0.7053062,8.024028914,2.63978159346939e-05,-1.1625,-1.1706397103137,-0.662500000000001,-0.670639710313701,2023,10,42,290,"NULL",2023-10-17,0.530268625494881,0.326544950083192,FALSE,FALSE
"2023-10-17 17:00:00",17.132391,17.1293,17.1949694867185,17.93,17.17,13.20931954,377.9,0,0,5.14444444444444,0.5186301,5.022776959,1.60573592040816e-05,-0.800699999999999,-0.735030513281501,-0.0407000000000011,0.0249694867184971,2023,10,42,290,"NULL",2023-10-17,0.530268625494881,0.326544950083192,FALSE,FALSE
"2023-10-17 18:00:00",14.08358,14.095,14.1569468410524,15.54,15.49,10.39382679,15.63,0,0,5.13333333333333,0.4255577,1.034338008,1.46014296367347e-06,-1.445,-1.3830531589476,-1.395,-1.3330531589476,2023,10,42,290,"NULL",2023-10-17,0.530268625494881,0.326544950083192,FALSE,FALSE
"2023-10-18 07:00:00",13.642366,13.6302,13.7385720214732,13.34,12.7,9.433586972,50.13,0,0,5.08888888888889,0.1056375,1.021235845,-2.92922260163265e-07,0.2902,0.3985720214732,0.930200000000001,1.0385720214732,2023,10,42,291,"NULL",2023-10-18,0.530268625494881,0.326544950083192,FALSE,FALSE
"2023-10-18 08:00:00",15.754049,15.6051,15.2946340938442,16.06,13.87,12.07339906,428.9,0,0,5.07777777777778,0.1911791,3.072287823,2.07505462897959e-06,-0.454899999999999,-0.765365906155798,1.7351,1.4246340938442,2023,10,42,291,"NULL",2023-10-18,0.530268625494881,0.326544950083192,FALSE,FALSE
"2023-10-18 09:00:00",17.5286,17.3974,17.2267459775645,16.58,14.81,12.71070671,872,0,0,5.07777777777778,0.2894213,5.112089206,1.01758416979592e-05,0.817400000000003,0.646745977564503,2.5874,2.4167459775645,2023,10,42,291,"NULL",2023-10-18,0.530268625494881,0.326544950083192,FALSE,FALSE
"2023-10-18 10:00:00",18.06772,17.8059,17.846356030488,18.24,16.8,15.14521275,1205,0,0,5.06666666666667,0.1717496,7.677632611,4.97226093469388e-05,-0.434099999999997,-0.393643969511999,1.0059,1.046356030488,2023,10,42,291,"NULL",2023-10-18,0.530268625494881,0.326544950083192,FALSE,FALSE
"2023-10-18 11:00:00",19.283651,19.0554,19.2251780456306,18.96,18.54,16.06505711,1432,0,0,5.06666666666667,0.4295624,10.71661873,4.5419022244898e-05,0.0953999999999979,0.265178045630599,0.5154,0.6851780456306,2023,10,42,291,"NULL",2023-10-18,0.530268625494881,0.326544950083192,FALSE,FALSE
"2023-10-18 12:00:00",19.64649,19.229,19.8791619660176,18.62,18.77,15.16229869,1598,0,0,5.07777777777778,0.4464717,6.331539728,4.99092312653061e-05,0.608999999999998,1.2591619660176,0.459,1.1091619660176,2023,10,42,291,"NULL",2023-10-18,0.530268625494881,0.326544950083192,FALSE,FALSE
"2023-10-18 13:00:00",17.749823,17.4944,17.6191619305665,17.79,18.23,14.45827555,1033,0,0,5.08888888888889,0.4582896,5.545842245,2.92357098081633e-05,-0.2956,-0.170838069433501,-0.735600000000002,-0.610838069433502,2023,10,42,291,"NULL",2023-10-18,0.530268625494881,0.326544950083192,FALSE,FALSE
"2023-10-18 14:00:00",20.136456,19.8151,19.9080845179914,18.4,18.56,15.4474326,1136,0,0,5.08888888888889,0.5236266,2.36290955,4.58012823265306e-05,1.4151,1.5080845179914,1.2551,1.3480845179914,2023,10,42,291,"NULL",2023-10-18,0.530268625494881,0.326544950083192,FALSE,FALSE
"2023-10-18 15:00:00",20.32727,20.1068,20.4625619406953,20.73,19.8,19.04762525,1144,0,0,5.13333333333333,0.7189021,0,6.13137463265306e-05,-0.623200000000001,-0.267438059304702,0.306799999999999,0.662561940695298,2023,10,42,291,"NULL",2023-10-18,0.530268625494881,0.326544950083192,FALSE,FALSE
"2023-10-18 16:00:00",19.051352,18.9795,19.3345172748221,20.11,19.06,18.44547725,791.4,0,0,5.13333333333333,0.5693495,2.922187398,2.43849176897959e-05,-1.1305,-0.775482725177898,-0.0804999999999971,0.274517274822102,2023,10,42,291,"NULL",2023-10-18,0.530268625494881,0.326544950083192,FALSE,FALSE
"2023-10-18 17:00:00",17.010998,16.9586,17.3390338507508,19.7,17.63,18.06245803,365.3,0,0,5.13333333333333,0.4104782,2.349425673,1.63745676408163e-05,-2.7414,-2.3609661492492,-0.671399999999998,-0.290966149249201,2023,10,42,291,"NULL",2023-10-18,0.530268625494881,0.326544950083192,FALSE,FALSE
"2023-10-18 18:00:00",13.839961,13.8184,13.5839580132182,16.48,15.77,14.04059569,21.96,0,0,5.13333333333333,0.4600913,0.9858326211,7.50037695102041e-06,-2.6616,-2.8960419867818,-1.9516,-2.1860419867818,2023,10,42,291,"NULL",2023-10-18,0.530268625494881,0.326544950083192,FALSE,FALSE
"2023-10-19 07:00:00",16.344734,16.3676,16.4497475374136,16.81,16.33,15.26951856,46.91,0,0,5.04444444444444,0.04882075,1.156862709,-2.81243067755102e-09,-0.442399999999999,-0.360252462586399,0.0376000000000012,0.119747537413602,2023,10,42,292,"NULL",2023-10-19,0.530268625494881,0.326544950083192,FALSE,FALSE
"2023-10-19 08:00:00",17.17144,16.9636,16.7318795421742,18.82,17.51,17.63346508,418,0,0,5.04444444444444,0.2781745,3.498678377,1.46446613795918e-05,-1.8564,-2.0881204578258,-0.546400000000002,-0.7781204578258,2023,10,42,292,"NULL",2023-10-19,0.530268625494881,0.326544950083192,FALSE,FALSE
"2023-10-19 09:00:00",19.222822,19.1049,19.0306588032716,19.31,18.79,18.57050304,846,0,0,5.03333333333333,0.3302993,5.806381204,2.78097008938776e-05,-0.205099999999998,-0.279341196728399,0.314900000000002,0.2406588032716,2023,10,42,292,"NULL",2023-10-19,0.530268625494881,0.326544950083192,FALSE,FALSE
"2023-10-19 11:00:00",21.477364,21.136,21.4767877364463,20.42,20.78,20.22268873,1439,0,0,5.05555555555556,0.4369968,2.983566728,8.50091767755102e-05,0.715999999999998,1.0567877364463,0.355999999999998,0.6967877364463,2023,10,42,292,"NULL",2023-10-19,0.530268625494881,0.326544950083192,FALSE,FALSE
"2023-10-19 12:00:00",21.655087,21.2439,21.6418824289079,21.24,21.27,21.13962114,1558,0,0,5.05555555555556,0.6916533,3.655467614,8.97337307346939e-05,0.00390000000000157,0.4018824289079,-0.0260999999999996,0.371882428907899,2023,10,42,292,"NULL",2023-10-19,0.530268625494881,0.326544950083192,FALSE,FALSE
"2023-10-19 13:00:00",23.076591,22.8246,23.5000355498721,20.96,21.64,21.0376351,1547,0,0,5.05555555555556,0.7107531,5.067445331,8.13699660816326e-05,1.8646,2.5400355498721,1.1846,1.8600355498721,2023,10,42,292,"NULL",2023-10-19,0.530268625494881,0.326544950083192,FALSE,FALSE
"2023-10-19 14:00:00",22.47876,22.2091,22.795679699172,21.88,22.31,22.53171863,1406,0,0,5.08888888888889,0.418449,3.143476682,4.20302437959184e-05,0.3291,0.915679699171999,-0.100899999999999,0.485679699172,2023,10,42,292,"NULL",2023-10-19,0.530268625494881,0.326544950083192,FALSE,FALSE
"2023-10-19 15:00:00",21.771704,21.5137,21.5330484718037,22.35,21.72,23.56732751,1137,0,0,5.11111111111111,0.6162319,0,6.60579280408163e-05,-0.836300000000001,-0.816951528196302,-0.206299999999999,-0.1869515281963,2023,10,42,292,"NULL",2023-10-19,0.530268625494881,0.326544950083192,FALSE,FALSE
"2023-10-19 16:00:00",21.169893,21.0765,21.4626817629333,21.47,20.87,22.47935716,779.2,0,0,5.11111111111111,0.2911038,0,1.06147485755102e-05,-0.3935,-0.00731823706669843,0.206499999999998,0.592681762933299,2023,10,42,292,"NULL",2023-10-19,0.530268625494881,0.326544950083192,FALSE,FALSE
"2023-10-19 17:00:00",20.130812,20.1013,20.4915756400192,21.56,19.93,22.74133507,351.2,0,0,5.13333333333333,0.2035033,0,4.83885584081633e-06,-1.4587,-1.0684243599808,0.171299999999999,0.5615756400192,2023,10,42,292,"NULL",2023-10-19,0.530268625494881,0.326544950083192,FALSE,FALSE
"2023-10-19 18:00:00",16.502342,16.5726,16.3284847104404,18.88,18.3,18.82539618,19.13,0,0,5.12222222222222,0.3737792,0,8.65361908163265e-07,-2.3074,-2.5515152895596,-1.7274,-1.9715152895596,2023,10,42,292,"NULL",2023-10-19,0.530268625494881,0.326544950083192,FALSE,FALSE
"2023-10-20 07:00:00",17.156963,17.2374,17.0137522853308,16.81,16.45,15.73951856,46.49,0,0,5.01111111111111,0.129688,1.710801279,-7.32893258367347e-08,0.427400000000002,0.2037522853308,0.787400000000002,0.5637522853308,2023,10,42,293,"NULL",2023-10-20,0.530268625494881,0.326544950083192,FALSE,FALSE
"2023-10-20 08:00:00",17.479244,17.2164,17.0004381175458,19.73,17.31,19.35540337,418.3,0,0,5,0.4501715,5.190216061,2.92114435061225e-05,-2.5136,-2.7295618824542,-0.0935999999999986,-0.309561882454197,2023,10,42,293,"NULL",2023-10-20,0.530268625494881,0.326544950083192,FALSE,FALSE
"2023-10-20 09:00:00",19.80748,19.6573,19.5639848952926,20.56,18.5,20.57169691,843,0,0,5,0.4799101,7.137130816,4.03590274285714e-05,-0.902699999999999,-0.9960151047074,1.1573,1.0639848952926,2023,10,42,293,"NULL",2023-10-20,0.530268625494881,0.326544950083192,FALSE,FALSE
"2023-10-20 10:00:00",20.006697,19.7678,19.8800846547315,20.88,19.94,20.91540053,1194,0,0,5.01111111111111,0.621981,4.972613891,5.2505845877551e-05,-1.1122,-0.999915345268498,-0.1722,-0.0599153452685002,2023,10,42,293,"NULL",2023-10-20,0.530268625494881,0.326544950083192,FALSE,FALSE
"2023-10-20 11:00:00",21.932499,21.6096,22.1119752247347,21.13,20.9,21.49913672,1436,0,0,5.03333333333333,0.6478684,1.134081921,9.24943101632653e-05,0.479600000000001,0.9819752247347,0.709600000000002,1.2119752247347,2023,10,42,293,"NULL",2023-10-20,0.530268625494881,0.326544950083192,FALSE,FALSE
"2023-10-20 12:00:00",21.507277,21.0252,21.0365308652604,20.67,20.83,20.99702949,1554,0,0,5.04444444444444,0.4686177,6.014477594,3.77719310693878e-05,0.3552,0.366530865260398,0.195200000000003,0.206530865260401,2023,10,42,293,"NULL",2023-10-20,0.530268625494881,0.326544950083192,FALSE,FALSE
"2023-10-20 13:00:00",23.172897,22.8897,23.4847298397103,22.22,22.17,23.36364179,1542,0,0,5.05555555555556,0.4027299,4.037294605,3.98104676897959e-05,0.669700000000002,1.2647298397103,0.7197,1.3147298397103,2023,10,42,293,"NULL",2023-10-20,0.530268625494881,0.326544950083192,FALSE,FALSE
"2023-10-20 14:00:00",23.366756,23.0684,23.7714868957484,22.03,22.19,23.17398106,1403,0,0,5.05555555555556,0.4564272,2.600725248,3.73151024e-05,1.0384,1.7414868957484,0.878399999999999,1.5814868957484,2023,10,42,293,"NULL",2023-10-20,0.530268625494881,0.326544950083192,FALSE,FALSE
"2023-10-20 15:00:00",22.91385,22.7559,23.5179820541389,22.96,21.87,24.64995132,1131,0,0,5.07777777777778,0.4187076,1.578737753,2.58886339714286e-05,-0.2041,0.5579820541389,0.885899999999999,1.6479820541389,2023,10,42,293,"NULL",2023-10-20,0.530268625494881,0.326544950083192,FALSE,FALSE
"2023-10-20 16:00:00",21.012943,20.9255,21.321753242511,23.12,21.3,25.02369765,770.1,0,0,5.07777777777778,0.3345814,0,2.4002053477551e-05,-2.1945,-1.798246757489,-0.374500000000001,0.0217532425110001,2023,10,42,293,"NULL",2023-10-20,0.530268625494881,0.326544950083192,FALSE,FALSE
"2023-10-20 17:00:00",19.800028,19.7539,20.2645966625307,23.22,19.91,25.17596859,342.6,0,0,5.07777777777778,0.3764422,0,2.16362512816327e-05,-3.4661,-2.9554033374693,-0.156099999999999,0.3545966625307,2023,10,42,293,"NULL",2023-10-20,0.530268625494881,0.326544950083192,FALSE,FALSE
"2023-10-20 18:00:00",15.978996,16.001,15.7853356663544,18.64,17.96,17.97928171,18.59,0,0,5.08888888888889,0.3563617,0,2.50268420897959e-06,-2.639,-2.8546643336456,-1.959,-2.1746643336456,2023,10,42,293,"NULL",2023-10-20,0.530268625494881,0.326544950083192,FALSE,FALSE
"2023-10-21 07:00:00",16.393768,16.4112,16.2987508368995,17.03,16.56,15.8795718,17.6,0,0,5.01111111111111,0.08288112,0,-2.46504276857143e-07,-0.6188,-0.7312491631005,-0.148799999999998,-0.261249163100498,2023,10,42,294,"NULL",2023-10-21,0.530268625494881,0.326544950083192,FALSE,FALSE
"2023-10-21 08:00:00",17.804737,17.3787,17.3844302828493,19.4,17.19,19.18683841,405.5,0,0,5,0.2788524,0.5371432342,1.10742896938776e-05,-2.0213,-2.0155697171507,0.188699999999997,0.1944302828493,2023,10,42,294,"NULL",2023-10-21,0.530268625494881,0.326544950083192,FALSE,FALSE
"2023-10-21 09:00:00",19.375895,19.1727,18.94141836621,20.26,17.91,20.42575089,832,0,0,5,0.1507283,0.9672302101,1.92417442326531e-06,-1.0873,-1.31858163379,1.2627,1.03141836621,2023,10,42,294,"NULL",2023-10-21,0.530268625494881,0.326544950083192,FALSE,FALSE
"2023-10-21 10:00:00",21.149841,20.9321,20.9008944493682,20.99,19.26,21.1936089,1186,0,0,5,0.2786121,1.455660445,3.07992584693878e-05,-0.0579000000000001,-0.0891055506317997,1.6721,1.6408944493682,2023,10,42,294,"NULL",2023-10-21,0.530268625494881,0.326544950083192,FALSE,FALSE
"2023-10-21 11:00:00",20.113602,19.8648,19.9852580663949,20.77,20.12,20.77818544,1231,0,0,5,0.4297305,1.910740328,4.69772131836735e-05,-0.905200000000001,-0.784741933605101,-0.255200000000002,-0.134741933605103,2023,10,42,294,"NULL",2023-10-21,0.530268625494881,0.326544950083192,FALSE,FALSE
"2023-10-21 12:00:00",20.730564,20.3346,20.7527503557773,20.38,20.17,20.16326193,1363,0,0,5.03333333333333,0.5902191,4.311026089,5.75813560816327e-05,-0.0454000000000008,0.372750355777303,0.164599999999997,0.5827503557773,2023,10,42,294,"NULL",2023-10-21,0.530268625494881,0.326544950083192,FALSE,FALSE
"2023-10-21 13:00:00",22.294117,21.9476,22.2381002253678,20.54,20.9,20.32174175,1541,0,0,5.03333333333333,0.4966864,2.628751185,5.990853e-05,1.4076,1.6981002253678,1.0476,1.3381002253678,2023,10,42,294,"NULL",2023-10-21,0.530268625494881,0.326544950083192,FALSE,FALSE
"2023-10-21 14:00:00",22.130245,21.8249,22.3613147172774,21.59,21.77,21.87881329,1393,0,0,5.03333333333333,0.3711804,0.279530445,4.38263888979592e-05,0.2349,0.771314717277399,0.0548999999999999,0.591314717277399,2023,10,42,294,"NULL",2023-10-21,0.530268625494881,0.326544950083192,FALSE,FALSE
"2023-10-21 15:00:00",20.92031,20.6383,20.4371410296017,22.09,20.96,22.63143012,1118,0,0,5.03333333333333,0.3867748,0,3.0785500044898e-05,-1.4517,-1.6528589703983,-0.3217,-0.5228589703983,2023,10,42,294,"NULL",2023-10-21,0.530268625494881,0.326544950083192,FALSE,FALSE
"2023-10-21 16:00:00",20.051876,20.0376,20.3058956673672,22.01,20.05,22.40156727,761.7,0,0,5.04444444444444,0.4044575,0,4.2977225755102e-05,-1.9724,-1.7041043326328,-0.0123999999999995,0.255895667367199,2023,10,42,294,"NULL",2023-10-21,0.530268625494881,0.326544950083192,FALSE,FALSE
"2023-10-21 17:00:00",17.693832,17.723,17.8453704236408,19.09,18.51,18.09428283,334.3,0,0,5.05555555555556,0.4899641,3.246167615,1.11661761673469e-05,-1.367,-1.2446295763592,-0.787000000000003,-0.6646295763592,2023,10,42,294,"NULL",2023-10-21,0.530268625494881,0.326544950083192,FALSE,FALSE
"2023-10-21 18:00:00",15.115369,15.1333,15.2788128839482,16.71,16.6,14.90785655,16.2,0,0,5.04444444444444,0.5418398,0.9313917439,1.93989058489796e-06,-1.5767,-1.4311871160518,-1.4667,-1.3211871160518,2023,10,42,294,"NULL",2023-10-21,0.530268625494881,0.326544950083192,FALSE,FALSE
"2023-10-22 07:00:00",12.308596,12.2835,12.3025702843686,12.01,11.5,9.939789793,41.42,0,0,4.97777777777778,0.1898904,0.3659500088,-2.40055636530612e-06,0.2735,0.292570284368599,0.7835,0.802570284368599,2023,10,43,295,"NULL",2023-10-22,0.530268625494881,0.326544950083192,FALSE,FALSE
"2023-10-22 08:00:00",14.704842,14.5171,14.2890193385835,14.32,12.81,11.734299,406.5,0,0,4.97777777777778,0.234985,1.688005882,5.19951235918367e-06,0.197099999999999,-0.0309806614164998,1.7071,1.4790193385835,2023,10,43,295,"NULL",2023-10-22,0.530268625494881,0.326544950083192,FALSE,FALSE
"2023-10-22 09:00:00",18.495546,18.4199,18.1515283532957,17.12,14.64,15.00100415,831,0,0,4.97777777777778,0.1932275,3.614895362,2.10625613959184e-05,1.2999,1.0315283532957,3.7799,3.5115283532957,2023,10,43,295,"NULL",2023-10-22,0.530268625494881,0.326544950083192,FALSE,FALSE
"2023-10-22 10:00:00",17.700642,17.4394,17.3911174647388,17.58,16.28,15.22932225,1180,0,0,4.97777777777778,0.3997716,5.475685683,2.86221808367347e-05,-0.140599999999999,-0.188882535261197,1.1594,1.1111174647388,2023,10,43,295,"NULL",2023-10-22,0.530268625494881,0.326544950083192,FALSE,FALSE
"2023-10-22 11:00:00",18.735971,18.4006,18.1958810589755,17.81,17.4,15.34405336,1422,0,0,4.98888888888889,0.401121,7.356158186,2.60587741346939e-05,0.590600000000002,0.3858810589755,1.0006,0.7958810589755,2023,10,43,295,"NULL",2023-10-22,0.530268625494881,0.326544950083192,FALSE,FALSE
"2023-10-22 12:00:00",19.440655,19.0421,19.0346368716923,18.91,18.85,16.40646277,1540,0,0,4.98888888888889,0.4145277,11.07796558,6.23837312244898e-05,0.132100000000001,0.124636871692299,0.1921,0.184636871692298,2023,10,43,295,"NULL",2023-10-22,0.530268625494881,0.326544950083192,FALSE,FALSE
"2023-10-22 13:00:00",18.745575,18.3094,18.1237568813147,18.16,18.99,16.10980147,1528,0,0,4.98888888888889,0.5544358,11.5707489,0.000164395431714286,0.1494,-0.0362431186852987,-0.680599999999998,-0.866243118685297,2023,10,43,295,"NULL",2023-10-22,0.530268625494881,0.326544950083192,FALSE,FALSE
"2023-10-22 14:00:00",18.748404,18.3969,18.0269367248234,18.83,19.29,16.86710157,1387,0,0,5.02222222222222,0.5382963,5.889892322,-1.00950182e-05,-0.4331,-0.803063275176598,-0.8931,-1.2630632751766,2023,10,43,295,"NULL",2023-10-22,0.530268625494881,0.326544950083192,FALSE,FALSE
"2023-10-22 15:00:00",18.520935,18.3013,18.2193532678332,17.77,18,15.94252621,1103,0,0,5.03333333333333,0.6035781,4.207110756,4.03712851183673e-05,0.531300000000002,0.4493532678332,0.301300000000001,0.219353267833199,2023,10,43,295,"NULL",2023-10-22,0.530268625494881,0.326544950083192,FALSE,FALSE
"2023-10-22 16:00:00",16.939589,16.8922,16.8671789648274,16.99,17.03,14.85022499,758.2,0,0,5.02222222222222,0.6147894,5.35343402,1.51641639020408e-05,-0.0977999999999994,-0.122821035172599,-0.137800000000002,-0.162821035172602,2023,10,43,295,"NULL",2023-10-22,0.530268625494881,0.326544950083192,FALSE,FALSE
"2023-10-22 17:00:00",15.926727,15.913,16.1055924235902,16.57,16.1,14.40866541,335,0,0,5.01111111111111,0.437357,3.671332145,4.4433938e-06,-0.657,-0.464407576409801,-0.187000000000001,0.00559242359019763,2023,10,43,295,"NULL",2023-10-22,0.530268625494881,0.326544950083192,FALSE,FALSE
"2023-10-22 18:00:00",13.178233,13.2515,13.4019881846497,15.01,14.85,12.50052437,14.28,0,0,5,0.7668085,0.5008259971,2.67936622040816e-06,-1.7585,-1.6080118153503,-1.5985,-1.4480118153503,2023,10,43,295,"NULL",2023-10-22,0.530268625494881,0.326544950083192,FALSE,FALSE
"2023-10-23 08:00:00",11.002269,10.7931,10.7137027322681,10.33,10.21,6.533661587,400.8,0,0,4.95555555555556,0.6242198,2.227002961,9.40370232653061e-06,0.463100000000001,0.3837027322681,0.5831,0.503702732268099,2023,10,43,296,"NULL",2023-10-23,0.530268625494881,0.326544950083192,FALSE,FALSE
"2023-10-23 09:00:00",12.666279,12.437,12.2288707730875,11.13,11.19,7.48315873,822,0,0,4.93333333333333,0.7468461,5.260760497,2.24440151061224e-05,1.307,1.0988707730875,1.247,1.0388707730875,2023,10,43,296,"NULL",2023-10-23,0.530268625494881,0.326544950083192,FALSE,FALSE
"2023-10-23 10:00:00",13.191487,12.897,12.5974804714998,11.27,11.58,7.017177864,1171,0,0,4.93333333333333,0.818077,6.597587731,8.96342033061225e-07,1.627,1.3274804714998,1.317,1.0174804714998,2023,10,43,296,"NULL",2023-10-23,0.530268625494881,0.326544950083192,FALSE,FALSE
"2023-10-23 12:00:00",15.427609,15.1555,14.8782562381302,12.49,13.17,7.981789707,1537,0,0,4.94444444444444,0.7618223,7.042224603,1.71481811755102e-05,2.6655,2.3882562381302,1.9855,1.7082562381302,2023,10,43,296,"NULL",2023-10-23,0.530268625494881,0.326544950083192,FALSE,FALSE
"2023-10-23 13:00:00",15.759671,15.5227,15.2914727558178,12.84,13.59,8.069370533,1532,0,0,4.95555555555556,0.8315454,9.190860837,1.84430901428571e-05,2.6827,2.4514727558178,1.9327,1.7014727558178,2023,10,43,296,"NULL",2023-10-23,0.530268625494881,0.326544950083192,FALSE,FALSE
"2023-10-25 07:00:00",2.2852416,2.20475,2.17467053379251,3.621,3.567,1.164369134,39.54,0,0,5.42222222222222,0.07927014,0.5674333001,-8.45324045306122e-07,-1.41625,-1.44632946620749,-1.36225,-1.39232946620749,2023,10,43,298,"NULL",2023-10-25,0.530268625494881,0.326544950083192,FALSE,FALSE
"2023-10-25 08:00:00",4.402152,4.14196,4.06513182826467,6.211,4.327,2.698949109,389.5,0,0,5.42222222222222,0.1333518,1.750644699,-2.8088322844898e-07,-2.06904,-2.14586817173533,-0.18504,-0.26186817173533,2023,10,43,298,"NULL",2023-10-25,0.530268625494881,0.326544950083192,FALSE,FALSE
"2023-10-25 09:00:00",7.347112,7.19905,7.2585765703578,8.5,5.731,4.543686685,807,0,0,5.41111111111111,0.1672465,2.944492495,6.91060569795918e-06,-1.30095,-1.2414234296422,1.46805,1.5275765703578,2023,10,43,298,"NULL",2023-10-25,0.530268625494881,0.326544950083192,FALSE,FALSE
"2023-10-25 10:00:00",8.8921795,8.6931,8.97108824592945,8.55,7.269,3.751501128,1084,0,0,5.42222222222222,0.2476165,4.102320192,1.7779388555102e-05,0.143099999999999,0.421088245929448,1.4241,1.70208824592945,2023,10,43,298,"NULL",2023-10-25,0.530268625494881,0.326544950083192,FALSE,FALSE
"2023-10-25 11:00:00",8.347376,8.20212,8.32368512420551,7.44,7.038,2.488140189,657.6,0,0,5.43333333333333,0.2661493,5.214886674,3.93285178367347e-05,0.76212,0.883685124205509,1.16412,1.28568512420551,2023,10,43,298,"NULL",2023-10-25,0.530268625494881,0.326544950083192,FALSE,FALSE
"2023-10-25 12:00:00",10.837475,10.6188,11.0444149618901,8.21,7.937,2.886580593,1066,0,0,5.43333333333333,0.2458754,6.393675032,3.71603212204082e-05,2.4088,2.8344149618901,2.6818,3.1074149618901,2023,10,43,298,"NULL",2023-10-25,0.530268625494881,0.326544950083192,FALSE,FALSE
"2023-10-25 13:00:00",9.100623,9.00918,9.12334587424983,8.42,8.14,2.183418327,564,0,0,5.43333333333333,0.4075778,7.558962455,1.10454450816327e-05,0.589180000000001,0.70334587424983,0.86918,0.98334587424983,2023,10,43,298,"NULL",2023-10-25,0.530268625494881,0.326544950083192,FALSE,FALSE
"2023-10-25 14:00:00",9.22727,9.09605,9.26794149704996,8.19,7.957,1.611746353,444.4,0,0,5.45555555555556,0.2550556,6.973380491,6.72273750612245e-05,0.90605,1.07794149704996,1.13905,1.31094149704996,2023,10,43,298,"NULL",2023-10-25,0.530268625494881,0.326544950083192,FALSE,FALSE
"2023-10-25 15:00:00",7.963401,7.88609,7.76322630042288,7.869,7.594,1.616077441,118.2,0,0,5.44444444444444,0.2546624,5.852768377,1.80781570571429e-05,0.0170900000000005,-0.10577369957712,0.29209,0.16922630042288,2023,10,43,298,"NULL",2023-10-25,0.530268625494881,0.326544950083192,FALSE,FALSE
"2023-10-25 16:00:00",8.168113,8.09343,8.06320463548657,7.742,7.56,1.644085886,114.1,0,0,5.43333333333333,0.2864529,4.729412728,2.01232510897959e-05,0.35143,0.321204635486571,0.53343,0.503204635486571,2023,10,43,298,"NULL",2023-10-25,0.530268625494881,0.326544950083192,FALSE,FALSE
"2023-10-25 17:00:00",7.397902,7.33812,7.26983886480464,7.589,7.572,1.284191583,134.5,0,0,5.42222222222222,0.2878476,3.756166419,6.93868178367347e-07,-0.25088,-0.31916113519536,-0.23388,-0.30216113519536,2023,10,43,298,"NULL",2023-10-25,0.530268625494881,0.326544950083192,FALSE,FALSE
"2023-10-25 18:00:00",4.9495044,4.92455,4.84266254108531,6.277,6.347,0.1624402495,6.794,0,0,5.41111111111111,0.3435112,0,-2.03384086979592e-05,-1.35245,-1.43433745891469,-1.42245,-1.50433745891469,2023,10,43,298,"NULL",2023-10-25,0.530268625494881,0.326544950083192,FALSE,FALSE
"2023-10-26 08:00:00",7.7116446,7.54129,7.60063247676686,8.2,7.829,7.289161249,380.4,0,0,5.35555555555556,0.1016551,4.131557189,-3.72443389632653e-06,-0.658709999999999,-0.599367523233139,-0.28771,-0.22836752323314,2023,10,43,299,"NULL",2023-10-26,0.530268625494881,0.326544950083192,FALSE,FALSE
"2023-10-26 09:00:00",9.177866,9.06591,8.87029725912233,8.25,7.837,5.346302493,794.7,0,0,5.33333333333333,0.4240261,6.578058243,9.95029796734694e-05,0.815910000000001,0.62029725912233,1.22891,1.03329725912233,2023,10,43,299,"NULL",2023-10-26,0.530268625494881,0.326544950083192,FALSE,FALSE
"2023-10-26 10:00:00",11.355167,11.3248,11.4556631688233,9.73,9.57,6.647424158,1140,0,0,5.36666666666667,0.4060743,12.36723088,6.73013294693878e-05,1.5948,1.7256631688233,1.7548,1.8856631688233,2023,10,43,299,"NULL",2023-10-26,0.530268625494881,0.326544950083192,FALSE,FALSE
"2023-10-26 11:00:00",12.112997,11.9597,12.0594058519663,9.69,10.31,6.424962942,1382,0,0,5.36666666666667,0.1978938,14.8804523,-9.37986886530612e-06,2.2697,2.3694058519663,1.6497,1.7494058519663,2023,10,43,299,"NULL",2023-10-26,0.530268625494881,0.326544950083192,FALSE,FALSE
"2023-10-26 12:00:00",13.460254,13.2149,13.1286569268947,11.09,11.46,6.067910694,1502,0,0,5.35555555555556,0.4542579,10.84421774,7.03130272244898e-05,2.1249,2.0386569268947,1.7549,1.6686569268947,2023,10,43,299,"NULL",2023-10-26,0.530268625494881,0.326544950083192,FALSE,FALSE
"2023-10-26 13:00:00",15.009611,14.8038,15.1355843458003,12.32,12.28,5.510267925,1509,0,0,5.35555555555556,0.4113305,9.546695673,6.4463367877551e-05,2.4838,2.8155843458003,2.5238,2.8555843458003,2023,10,43,299,"NULL",2023-10-26,0.530268625494881,0.326544950083192,FALSE,FALSE
"2023-10-26 14:00:00",14.719709,14.5475,14.7917746144691,12.34,12.62,7.309188156,1353,0,0,5.36666666666667,0.1630797,5.247806537,0.000303942911510204,2.2075,2.4517746144691,1.9275,2.1717746144691,2023,10,43,299,"NULL",2023-10-26,0.530268625494881,0.326544950083192,FALSE,FALSE
"2023-10-26 15:00:00",13.869738,13.7278,13.8447394925426,13.24,12.36,7.243604368,1050,0,0,5.37777777777778,0.2685709,1.87316115,0.000233097323061225,0.4878,0.604739492542599,1.3678,1.4847394925426,2023,10,43,299,"NULL",2023-10-26,0.530268625494881,0.326544950083192,FALSE,FALSE
"2023-10-26 16:00:00",13.827843,13.7847,14.2435412904206,14.29,11.84,7.882512979,760.8,0,0,5.36666666666667,0.5262834,0,4.94781116734694e-05,-0.505299999999998,-0.0464587095793991,1.9447,2.4035412904206,2023,10,43,299,"NULL",2023-10-26,0.530268625494881,0.326544950083192,FALSE,FALSE
"2023-10-26 17:00:00",11.667803,11.6603,11.8045938315059,11.42,10.1,6.161185447,303.6,0,0,5.34444444444444,0.2048946,0,2.48065475387755e-05,0.2403,0.384593831505899,1.5603,1.7045938315059,2023,10,43,299,"NULL",2023-10-26,0.530268625494881,0.326544950083192,FALSE,FALSE
"2023-10-26 18:00:00",7.7457404,7.73723,7.76499950646983,8.44,8.12,3.708458381,9.77,0,0,5.34444444444444,0.06935854,0,5.22021226938776e-08,-0.702769999999999,-0.675000493530169,-0.382769999999999,-0.355000493530169,2023,10,43,299,"NULL",2023-10-26,0.530268625494881,0.326544950083192,FALSE,FALSE
"2023-10-27 07:00:00",6.0011415,6.05308,6.18099695449596,6.773,6.732,3.374937168,30.65,0,0,5.26666666666667,0.1502177,0.9341544892,2.98313095877551e-07,-0.71992,-0.59200304550404,-0.678920000000001,-0.55100304550404,2023,10,43,300,"NULL",2023-10-27,0.530268625494881,0.326544950083192,FALSE,FALSE
"2023-10-27 08:00:00",7.1830826,6.99706,6.96902142158973,7.328,7.189,3.529049278,374.1,0,0,5.26666666666667,0.2197214,2.821368527,3.7587990244898e-06,-0.33094,-0.35897857841027,-0.19194,-0.21997857841027,2023,10,43,300,"NULL",2023-10-27,0.530268625494881,0.326544950083192,FALSE,FALSE
"2023-10-27 09:00:00",9.632342,9.48525,9.25981082170621,8.39,8.33,4.930891979,789.9,0,0,5.26666666666667,0.4911875,4.757606653,3.39240273795918e-05,1.09525,0.86981082170621,1.15525,0.92981082170621,2023,10,43,300,"NULL",2023-10-27,0.530268625494881,0.326544950083192,FALSE,FALSE
"2023-10-27 10:00:00",10.882593,10.7757,10.669949961257,9.16,9.48,5.642040299,1136,0,0,5.26666666666667,0.4073902,6.535597345,7.21567430612245e-06,1.6157,1.509949961257,1.2957,1.189949961257,2023,10,43,300,"NULL",2023-10-27,0.530268625494881,0.326544950083192,FALSE,FALSE
"2023-10-27 11:00:00",13.396942,13.2211,13.1444026183181,10,10.84,6.20855738,1379,0,0,5.24444444444444,0.3389924,11.62229862,8.91425681632653e-05,3.2211,3.1444026183181,2.3811,2.3044026183181,2023,10,43,300,"NULL",2023-10-27,0.530268625494881,0.326544950083192,FALSE,FALSE
"2023-10-27 12:00:00",14.910129,14.7448,14.8452559646502,11.8,12.33,8.165961307,1497,0,0,5.26666666666667,0.1253895,13.21783388,3.59755314122449e-05,2.9448,3.0452559646502,2.4148,2.5152559646502,2023,10,43,300,"NULL",2023-10-27,0.530268625494881,0.326544950083192,FALSE,FALSE
"2023-10-27 13:00:00",14.543742,14.3295,14.0125496416905,12.02,13.03,9.4590788,1486,0,0,5.26666666666667,0.6646692,14.76272157,6.13091819183674e-05,2.3095,1.9925496416905,1.2995,0.9825496416905,2023,10,43,300,"NULL",2023-10-27,0.530268625494881,0.326544950083192,FALSE,FALSE
"2023-10-27 14:00:00",14.758403,14.5938,14.6822841786736,12.52,13.49,11.0804587,1347,0,0,5.26666666666667,0.8067387,8.886789441,-6.02338333061224e-06,2.0738,2.1622841786736,1.1038,1.1922841786736,2023,10,43,300,"NULL",2023-10-27,0.530268625494881,0.326544950083192,FALSE,FALSE
"2023-10-27 15:00:00",14.038363,13.9434,14.0939277303689,12.65,12.84,10.89526664,1021,0,0,5.27777777777778,0.659533,9.971632204,1.68350415469388e-05,1.2934,1.4439277303689,1.1034,1.2539277303689,2023,10,43,300,"NULL",2023-10-27,0.530268625494881,0.326544950083192,FALSE,FALSE
"2023-10-27 16:00:00",14.343938,14.3323,14.5401339013953,13.19,12.67,11.61382791,721.9,0,0,5.27777777777778,0.5508279,9.305597949,2.41346256326531e-05,1.1423,1.3501339013953,1.6623,1.8701339013953,2023,10,43,300,"NULL",2023-10-27,0.530268625494881,0.326544950083192,FALSE,FALSE
"2023-10-27 17:00:00",11.955115,11.959,12.0872404016105,11.8,11.28,10.14596131,300.5,0,0,5.26666666666667,0.4734075,2.174434736,-8.74205348163265e-08,0.158999999999999,0.2872404016105,0.679,0.807240401610501,2023,10,43,300,"NULL",2023-10-27,0.530268625494881,0.326544950083192,FALSE,FALSE
"2023-10-27 18:00:00",9.561911,9.61077,9.71926900610266,10.1,9.97,7.211357709,8.65,0,0,5.26666666666667,0.6274276,0.2098838463,-1.48048068285714e-05,-0.489229999999999,-0.380730993897339,-0.35923,-0.25073099389734,2023,10,43,300,"NULL",2023-10-27,0.530268625494881,0.326544950083192,FALSE,FALSE
"2023-10-28 08:00:00",7.222589,6.97774,6.94749084120433,7.55,7.307,4.656341006,372,0,0,5.2,0.832422,3.777126976,2.45206462081633e-05,-0.57226,-0.602509158795669,-0.329260000000001,-0.35950915879567,2023,10,43,301,"NULL",2023-10-28,0.530268625494881,0.326544950083192,FALSE,FALSE
"2023-10-28 09:00:00",9.535691,9.37495,9.15275945506571,8.32,8.25,5.67848759,788.4,0,0,5.17777777777778,0.8013157,5.673234004,4.97048300816327e-05,1.05495,0.832759455065709,1.12495,0.902759455065709,2023,10,43,301,"NULL",2023-10-28,0.530268625494881,0.326544950083192,FALSE,FALSE
"2023-10-29 07:00:00",3.9898689,4.03944,4.14471314957838,4.925,4.79,5.145684232,26.86,0,0,5.13333333333333,0.3129392,0,1.09993537959184e-07,-0.88556,-0.78028685042162,-0.75056,-0.64528685042162,2023,10,44,302,"NULL",2023-10-29,0.530268625494881,0.326544950083192,FALSE,FALSE
"2023-10-29 08:00:00",4.8126173,4.54994,4.53553353675521,5.532,5.159,5.281559384,368,0,0,5.13333333333333,0.4111637,0.3865653706,7.50720494693878e-06,-0.98206,-0.99646646324479,-0.609059999999999,-0.62346646324479,2023,10,44,302,"NULL",2023-10-29,0.530268625494881,0.326544950083192,FALSE,FALSE
"2023-10-29 09:00:00",7.4115386,7.26631,7.0110419082829,6.342,6.022,5.625443865,782.5,0,0,5.11111111111111,0.1367917,3.013150831,7.55415644489796e-06,0.92431,0.6690419082829,1.24431,0.9890419082829,2023,10,44,302,"NULL",2023-10-29,0.530268625494881,0.326544950083192,FALSE,FALSE
"2023-10-29 10:00:00",8.308084,8.17674,8.14512259375554,6.812,7.12,5.961508759,1130,0,0,5.11111111111111,0.4264207,5.643512669,1.70153885714286e-05,1.36474,1.33312259375554,1.05674,1.02512259375554,2023,10,44,302,"NULL",2023-10-29,0.530268625494881,0.326544950083192,FALSE,FALSE
"2023-10-29 11:00:00",9.073332,8.87221,8.97663783039173,7.69,8.1,6.456622503,1372,0,0,5.12222222222222,0.3869709,8.333066485,2.67963220979592e-05,1.18221,1.28663783039173,0.772210000000001,0.876637830391731,2023,10,44,302,"NULL",2023-10-29,0.530268625494881,0.326544950083192,FALSE,FALSE
"2023-10-29 12:00:00",9.701332,9.43233,9.3365824658783,7.918,8.53,6.361758556,1490,0,0,5.13333333333333,0.539456,10.80856946,2.32767658571429e-05,1.51433,1.4185824658783,0.902330000000001,0.8065824658783,2023,10,44,302,"NULL",2023-10-29,0.530268625494881,0.326544950083192,FALSE,FALSE
"2023-10-29 13:00:00",9.496589,9.21268,9.10579307386493,8.52,9.22,6.578798896,1479,0,0,5.13333333333333,0.3804918,13.50095778,2.94578724204082e-05,0.692680000000001,0.585793073864931,-0.00731999999999999,-0.11420692613507,2023,10,44,302,"NULL",2023-10-29,0.530268625494881,0.326544950083192,FALSE,FALSE
"2023-10-29 14:00:00",10.214975,9.93501,9.86899518497886,8.57,9.59,6.956658587,1335,0,0,5.14444444444444,0.6254842,16.22717423,5.07566900816327e-05,1.36501,1.29899518497886,0.34501,0.278995184978861,2023,10,44,302,"NULL",2023-10-29,0.530268625494881,0.326544950083192,FALSE,FALSE
"2023-10-29 15:00:00",9.180747,9.00012,8.83201118735914,8.58,8.74,7.224244114,1009,0,0,5.16666666666667,0.3220637,11.56705597,2.8861696155102e-05,0.420120000000001,0.252011187359139,0.260120000000001,0.0920111873591392,2023,10,44,302,"NULL",2023-10-29,0.530268625494881,0.326544950083192,FALSE,FALSE
"2023-10-29 16:00:00",7.4939675,7.41282,7.39819978982553,7.615,7.708,6.972795049,707.3,0,0,5.15555555555556,0.4616273,3.283429285,1.50458417142857e-05,-0.20218,-0.21680021017447,-0.29518,-0.30980021017447,2023,10,44,302,"NULL",2023-10-29,0.530268625494881,0.326544950083192,FALSE,FALSE
"2023-10-29 17:00:00",6.701103,6.69643,6.79611096199134,7.209,6.761,6.67559962,287,0,0,5.15555555555556,0.5272099,4.500042485,1.51827011020408e-05,-0.512569999999999,-0.41288903800866,-0.0645699999999998,0.0351109619913395,2023,10,44,302,"NULL",2023-10-29,0.530268625494881,0.326544950083192,FALSE,FALSE
"2023-10-29 18:00:00",3.9076977,3.9646,4.04449655921602,5.298,5.113,5.684993342,7.13,0,0,5.15555555555556,0.336764,0,1.10843587959184e-05,-1.3334,-1.25350344078398,-1.1484,-1.06850344078398,2023,10,44,302,"NULL",2023-10-29,0.530268625494881,0.326544950083192,FALSE,FALSE
"2023-10-30 07:00:00",3.5462627,3.57258,3.58498808538654,5.206,5.038,5.007944125,24.75,0,0,5.1,0.252501,0.7652585032,3.15069225020408e-07,-1.63342,-1.62101191461346,-1.46542,-1.45301191461346,2023,10,44,303,"NULL",2023-10-30,0.530268625494881,0.326544950083192,FALSE,FALSE
"2023-10-30 08:00:00",5.7570086,5.61376,5.5074903299486,7.084,6.362,5.8285869,360.7,0,0,5.08888888888889,0.3679686,2.367712874,2.89179600693878e-06,-1.47024,-1.5765096700514,-0.74824,-0.8545096700514,2023,10,44,303,"NULL",2023-10-30,0.530268625494881,0.326544950083192,FALSE,FALSE
"2023-10-30 09:00:00",7.974304,7.85792,7.68844511736851,8.35,7.452,6.660919716,776.4,0,0,5.07777777777778,0.3748646,4.548840988,9.88379507755102e-06,-0.49208,-0.661554882631489,0.40592,0.23644511736851,2023,10,44,303,"NULL",2023-10-30,0.530268625494881,0.326544950083192,FALSE,FALSE
"2023-10-30 10:00:00",8.927554,8.78658,8.99220564812236,8.19,7.729,6.211746353,1124,0,0,5.06666666666667,0.4327969,7.318629751,3.83712826326531e-05,0.596580000000001,0.80220564812236,1.05758,1.26320564812236,2023,10,44,303,"NULL",2023-10-30,0.530268625494881,0.326544950083192,FALSE,FALSE
"2023-10-30 11:00:00",9.961821,9.7866,10.3319300126611,7.959,8.3,5.931695055,1367,0,0,5.05555555555556,0.4867132,9.130693318,3.34391519061224e-05,1.8276,2.3729300126611,1.4866,2.0319300126611,2023,10,44,303,"NULL",2023-10-30,0.530268625494881,0.326544950083192,FALSE,FALSE
"2023-10-30 12:00:00",9.244987,8.96422,9.26738253880631,7.348,7.566,5.473133441,1483,0,0,5.08888888888889,0.3925163,8.036416541,4.93594297142857e-05,1.61622,1.91938253880631,1.39822,1.70138253880631,2023,10,44,303,"NULL",2023-10-30,0.530268625494881,0.326544950083192,FALSE,FALSE
"2023-10-30 13:00:00",11.055,10.8219,11.2137344860854,8.48,8.61,6.218592541,1462,0,0,5.07777777777778,0.4312975,10.45050503,4.6424913877551e-05,2.3419,2.7337344860854,2.2119,2.6037344860854,2023,10,44,303,"NULL",2023-10-30,0.530268625494881,0.326544950083192,FALSE,FALSE
"2023-10-30 14:00:00",10.542891,10.3415,10.7918634121699,8.12,8.82,6.049966432,1316,0,0,5.11111111111111,0.4547946,9.511786234,5.08426960408163e-05,2.2215,2.6718634121699,1.5215,1.9718634121699,2023,10,44,303,"NULL",2023-10-30,0.530268625494881,0.326544950083192,FALSE,FALSE
"2023-10-30 15:00:00",9.411683,9.17518,9.4947531156466,9.94,8.27,7.499111295,1029,0,0,5.12222222222222,0.3739113,8.269984894,4.82797038367347e-05,-0.76482,-0.4452468843534,0.90518,1.2247531156466,2023,10,44,303,"NULL",2023-10-30,0.530268625494881,0.326544950083192,FALSE,FALSE
"2023-10-30 16:00:00",8.99665,8.95109,9.33820674457471,10.3,7.609,7.928430448,697.6,0,0,5.12222222222222,0.3382899,6.941679674,2.00181406244898e-05,-1.34891,-0.96179325542529,1.34209,1.72920674457471,2023,10,44,303,"NULL",2023-10-30,0.530268625494881,0.326544950083192,FALSE,FALSE
"2023-10-30 17:00:00",7.1456404,7.10847,7.4085826114811,8.19,6.839,6.611746353,280.6,0,0,5.11111111111111,0.4072316,2.788736819,1.21324268857143e-05,-1.08153,-0.781417388518899,0.269469999999999,0.5695826114811,2023,10,44,303,"NULL",2023-10-30,0.530268625494881,0.326544950083192,FALSE,FALSE
"2023-10-30 18:00:00",2.8746474,2.80656,2.73765630548733,4.779,4.684,4.507354494,6.279,0,0,5.12222222222222,0.4729357,0.5477581763,-2.22754363918367e-06,-1.97244,-2.04134369451267,-1.87744,-1.94634369451267,2023,10,44,303,"NULL",2023-10-30,0.530268625494881,0.326544950083192,FALSE,FALSE
"2023-10-31 10:00:00",4.439486,4.31904,4.59872201995391,4.463,4.851,5.588883531,1122,0,0,5.02222222222222,0.800336,1.92544609,2.0473324122449e-06,-0.14396,0.13572201995391,-0.53196,-0.25227798004609,2023,10,44,304,"NULL",2023-10-31,0.530268625494881,0.326544950083192,FALSE,FALSE
"2023-10-31 11:00:00",6.8199644,6.63922,6.72926170241321,5.709,6.367,6.253830594,1365,0,0,5.01111111111111,0.7023102,2.823821454,2.21988629918367e-05,0.93022,1.02026170241321,0.27222,0.36226170241321,2023,10,44,304,"NULL",2023-10-31,0.530268625494881,0.326544950083192,FALSE,FALSE
"2023-10-31 12:00:00",9.443052,9.18404,9.3558438120078,7.874,8.37,8.269713557,1483,0,0,5.02222222222222,0.5681875,3.83477875,1.42571212693878e-05,1.31004,1.4818438120078,0.81404,0.985843812007801,2023,10,44,304,"NULL",2023-10-31,0.530268625494881,0.326544950083192,FALSE,FALSE
"2023-10-31 15:00:00",11.912862,11.896,12.3694852566408,11.33,10.74,11.66064016,1054,0,0,5.06666666666667,0.5062508,0,3.18268768489796e-05,0.566000000000001,1.0394852566408,1.156,1.6294852566408,2023,10,44,304,"NULL",2023-10-31,0.530268625494881,0.326544950083192,FALSE,FALSE
"2023-10-31 17:00:00",9.375086,9.5986,10.0352096183941,10,8.9,10.75855738,279.9,0,0,5.05555555555556,0.4499682,0.5335214913,1.44523975918367e-05,-0.401400000000001,0.0352096183941004,0.698599999999999,1.1352096183941,2023,10,44,304,"NULL",2023-10-31,0.530268625494881,0.326544950083192,FALSE,FALSE
"2023-10-31 18:00:00",7.277789,7.37309,7.31941658555114,8.47,8.14,9.511052239,5.576,0,0,5.05555555555556,0.2785768,0,3.60560062326531e-07,-1.09691,-1.15058341444886,-0.76691,-0.82058341444886,2023,10,44,304,"NULL",2023-10-31,0.530268625494881,0.326544950083192,FALSE,FALSE
